# Simple wheel loader generated from wheel_buck.obj
# +Y is forward; Z is up; units are metres
o simple_chassis
v -1.300000000 -4.200000000 0.680000000
v 1.300000000 -4.200000000 0.680000000
v 1.300000000 -0.350000000 0.680000000
v -1.300000000 -0.350000000 0.680000000
v -1.300000000 -4.200000000 2.250000000
v 1.300000000 -4.200000000 2.250000000
v 1.300000000 -0.350000000 2.250000000
v -1.300000000 -0.350000000 2.250000000
f 1 3 2
f 1 4 3
f 5 6 7
f 5 7 8
f 1 2 6
f 1 6 5
f 2 3 7
f 2 7 6
f 3 4 8
f 3 8 7
f 4 1 5
f 4 5 8
o simple_cab
v -1.120000000 -3.600000000 2.250000000
v 1.120000000 -3.600000000 2.250000000
v 1.120000000 -1.650000000 2.250000000
v -1.120000000 -1.650000000 2.250000000
v -1.120000000 -3.600000000 3.450000000
v 1.120000000 -3.600000000 3.450000000
v 1.120000000 -1.650000000 3.450000000
v -1.120000000 -1.650000000 3.450000000
f 9 11 10
f 9 12 11
f 13 14 15
f 13 15 16
f 9 10 14
f 9 14 13
f 10 11 15
f 10 15 14
f 11 12 16
f 11 16 15
f 12 9 13
f 12 13 16
o wheel_front_left
v -1.650000000 -0.330000000 0.740000000
v -1.650000000 -0.354533405 0.926349712
v -1.650000000 -0.426461709 1.100000000
v -1.650000000 -0.540883118 1.249116882
v -1.650000000 -0.690000000 1.363538291
v -1.650000000 -0.863650288 1.435466595
v -1.650000000 -1.050000000 1.460000000
v -1.650000000 -1.236349712 1.435466595
v -1.650000000 -1.410000000 1.363538291
v -1.650000000 -1.559116882 1.249116882
v -1.650000000 -1.673538291 1.100000000
v -1.650000000 -1.745466595 0.926349712
v -1.650000000 -1.770000000 0.740000000
v -1.650000000 -1.745466595 0.553650288
v -1.650000000 -1.673538291 0.380000000
v -1.650000000 -1.559116882 0.230883118
v -1.650000000 -1.410000000 0.116461709
v -1.650000000 -1.236349712 0.044533405
v -1.650000000 -1.050000000 0.020000000
v -1.650000000 -0.863650288 0.044533405
v -1.650000000 -0.690000000 0.116461709
v -1.650000000 -0.540883118 0.230883118
v -1.650000000 -0.426461709 0.380000000
v -1.650000000 -0.354533405 0.553650288
v -1.190000000 -0.330000000 0.740000000
v -1.190000000 -0.354533405 0.926349712
v -1.190000000 -0.426461709 1.100000000
v -1.190000000 -0.540883118 1.249116882
v -1.190000000 -0.690000000 1.363538291
v -1.190000000 -0.863650288 1.435466595
v -1.190000000 -1.050000000 1.460000000
v -1.190000000 -1.236349712 1.435466595
v -1.190000000 -1.410000000 1.363538291
v -1.190000000 -1.559116882 1.249116882
v -1.190000000 -1.673538291 1.100000000
v -1.190000000 -1.745466595 0.926349712
v -1.190000000 -1.770000000 0.740000000
v -1.190000000 -1.745466595 0.553650288
v -1.190000000 -1.673538291 0.380000000
v -1.190000000 -1.559116882 0.230883118
v -1.190000000 -1.410000000 0.116461709
v -1.190000000 -1.236349712 0.044533405
v -1.190000000 -1.050000000 0.020000000
v -1.190000000 -0.863650288 0.044533405
v -1.190000000 -0.690000000 0.116461709
v -1.190000000 -0.540883118 0.230883118
v -1.190000000 -0.426461709 0.380000000
v -1.190000000 -0.354533405 0.553650288
v -1.650000000 -1.050000000 0.740000000
v -1.190000000 -1.050000000 0.740000000
f 17 41 42
f 17 42 18
f 65 18 17
f 66 41 42
f 18 42 43
f 18 43 19
f 65 19 18
f 66 42 43
f 19 43 44
f 19 44 20
f 65 20 19
f 66 43 44
f 20 44 45
f 20 45 21
f 65 21 20
f 66 44 45
f 21 45 46
f 21 46 22
f 65 22 21
f 66 45 46
f 22 46 47
f 22 47 23
f 65 23 22
f 66 46 47
f 23 47 48
f 23 48 24
f 65 24 23
f 66 47 48
f 24 48 49
f 24 49 25
f 65 25 24
f 66 48 49
f 25 49 50
f 25 50 26
f 65 26 25
f 66 49 50
f 26 50 51
f 26 51 27
f 65 27 26
f 66 50 51
f 27 51 52
f 27 52 28
f 65 28 27
f 66 51 52
f 28 52 53
f 28 53 29
f 65 29 28
f 66 52 53
f 29 53 54
f 29 54 30
f 65 30 29
f 66 53 54
f 30 54 55
f 30 55 31
f 65 31 30
f 66 54 55
f 31 55 56
f 31 56 32
f 65 32 31
f 66 55 56
f 32 56 57
f 32 57 33
f 65 33 32
f 66 56 57
f 33 57 58
f 33 58 34
f 65 34 33
f 66 57 58
f 34 58 59
f 34 59 35
f 65 35 34
f 66 58 59
f 35 59 60
f 35 60 36
f 65 36 35
f 66 59 60
f 36 60 61
f 36 61 37
f 65 37 36
f 66 60 61
f 37 61 62
f 37 62 38
f 65 38 37
f 66 61 62
f 38 62 63
f 38 63 39
f 65 39 38
f 66 62 63
f 39 63 64
f 39 64 40
f 65 40 39
f 66 63 64
f 40 64 41
f 40 41 17
f 65 17 40
f 66 64 41
o wheel_front_right
v 1.190000000 -0.330000000 0.740000000
v 1.190000000 -0.354533405 0.926349712
v 1.190000000 -0.426461709 1.100000000
v 1.190000000 -0.540883118 1.249116882
v 1.190000000 -0.690000000 1.363538291
v 1.190000000 -0.863650288 1.435466595
v 1.190000000 -1.050000000 1.460000000
v 1.190000000 -1.236349712 1.435466595
v 1.190000000 -1.410000000 1.363538291
v 1.190000000 -1.559116882 1.249116882
v 1.190000000 -1.673538291 1.100000000
v 1.190000000 -1.745466595 0.926349712
v 1.190000000 -1.770000000 0.740000000
v 1.190000000 -1.745466595 0.553650288
v 1.190000000 -1.673538291 0.380000000
v 1.190000000 -1.559116882 0.230883118
v 1.190000000 -1.410000000 0.116461709
v 1.190000000 -1.236349712 0.044533405
v 1.190000000 -1.050000000 0.020000000
v 1.190000000 -0.863650288 0.044533405
v 1.190000000 -0.690000000 0.116461709
v 1.190000000 -0.540883118 0.230883118
v 1.190000000 -0.426461709 0.380000000
v 1.190000000 -0.354533405 0.553650288
v 1.650000000 -0.330000000 0.740000000
v 1.650000000 -0.354533405 0.926349712
v 1.650000000 -0.426461709 1.100000000
v 1.650000000 -0.540883118 1.249116882
v 1.650000000 -0.690000000 1.363538291
v 1.650000000 -0.863650288 1.435466595
v 1.650000000 -1.050000000 1.460000000
v 1.650000000 -1.236349712 1.435466595
v 1.650000000 -1.410000000 1.363538291
v 1.650000000 -1.559116882 1.249116882
v 1.650000000 -1.673538291 1.100000000
v 1.650000000 -1.745466595 0.926349712
v 1.650000000 -1.770000000 0.740000000
v 1.650000000 -1.745466595 0.553650288
v 1.650000000 -1.673538291 0.380000000
v 1.650000000 -1.559116882 0.230883118
v 1.650000000 -1.410000000 0.116461709
v 1.650000000 -1.236349712 0.044533405
v 1.650000000 -1.050000000 0.020000000
v 1.650000000 -0.863650288 0.044533405
v 1.650000000 -0.690000000 0.116461709
v 1.650000000 -0.540883118 0.230883118
v 1.650000000 -0.426461709 0.380000000
v 1.650000000 -0.354533405 0.553650288
v 1.190000000 -1.050000000 0.740000000
v 1.650000000 -1.050000000 0.740000000
f 67 91 92
f 67 92 68
f 115 68 67
f 116 91 92
f 68 92 93
f 68 93 69
f 115 69 68
f 116 92 93
f 69 93 94
f 69 94 70
f 115 70 69
f 116 93 94
f 70 94 95
f 70 95 71
f 115 71 70
f 116 94 95
f 71 95 96
f 71 96 72
f 115 72 71
f 116 95 96
f 72 96 97
f 72 97 73
f 115 73 72
f 116 96 97
f 73 97 98
f 73 98 74
f 115 74 73
f 116 97 98
f 74 98 99
f 74 99 75
f 115 75 74
f 116 98 99
f 75 99 100
f 75 100 76
f 115 76 75
f 116 99 100
f 76 100 101
f 76 101 77
f 115 77 76
f 116 100 101
f 77 101 102
f 77 102 78
f 115 78 77
f 116 101 102
f 78 102 103
f 78 103 79
f 115 79 78
f 116 102 103
f 79 103 104
f 79 104 80
f 115 80 79
f 116 103 104
f 80 104 105
f 80 105 81
f 115 81 80
f 116 104 105
f 81 105 106
f 81 106 82
f 115 82 81
f 116 105 106
f 82 106 107
f 82 107 83
f 115 83 82
f 116 106 107
f 83 107 108
f 83 108 84
f 115 84 83
f 116 107 108
f 84 108 109
f 84 109 85
f 115 85 84
f 116 108 109
f 85 109 110
f 85 110 86
f 115 86 85
f 116 109 110
f 86 110 111
f 86 111 87
f 115 87 86
f 116 110 111
f 87 111 112
f 87 112 88
f 115 88 87
f 116 111 112
f 88 112 113
f 88 113 89
f 115 89 88
f 116 112 113
f 89 113 114
f 89 114 90
f 115 90 89
f 116 113 114
f 90 114 91
f 90 91 67
f 115 67 90
f 116 114 91
o wheel_rear_left
v -1.650000000 -2.630000000 0.740000000
v -1.650000000 -2.654533405 0.926349712
v -1.650000000 -2.726461709 1.100000000
v -1.650000000 -2.840883118 1.249116882
v -1.650000000 -2.990000000 1.363538291
v -1.650000000 -3.163650288 1.435466595
v -1.650000000 -3.350000000 1.460000000
v -1.650000000 -3.536349712 1.435466595
v -1.650000000 -3.710000000 1.363538291
v -1.650000000 -3.859116882 1.249116882
v -1.650000000 -3.973538291 1.100000000
v -1.650000000 -4.045466595 0.926349712
v -1.650000000 -4.070000000 0.740000000
v -1.650000000 -4.045466595 0.553650288
v -1.650000000 -3.973538291 0.380000000
v -1.650000000 -3.859116882 0.230883118
v -1.650000000 -3.710000000 0.116461709
v -1.650000000 -3.536349712 0.044533405
v -1.650000000 -3.350000000 0.020000000
v -1.650000000 -3.163650288 0.044533405
v -1.650000000 -2.990000000 0.116461709
v -1.650000000 -2.840883118 0.230883118
v -1.650000000 -2.726461709 0.380000000
v -1.650000000 -2.654533405 0.553650288
v -1.190000000 -2.630000000 0.740000000
v -1.190000000 -2.654533405 0.926349712
v -1.190000000 -2.726461709 1.100000000
v -1.190000000 -2.840883118 1.249116882
v -1.190000000 -2.990000000 1.363538291
v -1.190000000 -3.163650288 1.435466595
v -1.190000000 -3.350000000 1.460000000
v -1.190000000 -3.536349712 1.435466595
v -1.190000000 -3.710000000 1.363538291
v -1.190000000 -3.859116882 1.249116882
v -1.190000000 -3.973538291 1.100000000
v -1.190000000 -4.045466595 0.926349712
v -1.190000000 -4.070000000 0.740000000
v -1.190000000 -4.045466595 0.553650288
v -1.190000000 -3.973538291 0.380000000
v -1.190000000 -3.859116882 0.230883118
v -1.190000000 -3.710000000 0.116461709
v -1.190000000 -3.536349712 0.044533405
v -1.190000000 -3.350000000 0.020000000
v -1.190000000 -3.163650288 0.044533405
v -1.190000000 -2.990000000 0.116461709
v -1.190000000 -2.840883118 0.230883118
v -1.190000000 -2.726461709 0.380000000
v -1.190000000 -2.654533405 0.553650288
v -1.650000000 -3.350000000 0.740000000
v -1.190000000 -3.350000000 0.740000000
f 117 141 142
f 117 142 118
f 165 118 117
f 166 141 142
f 118 142 143
f 118 143 119
f 165 119 118
f 166 142 143
f 119 143 144
f 119 144 120
f 165 120 119
f 166 143 144
f 120 144 145
f 120 145 121
f 165 121 120
f 166 144 145
f 121 145 146
f 121 146 122
f 165 122 121
f 166 145 146
f 122 146 147
f 122 147 123
f 165 123 122
f 166 146 147
f 123 147 148
f 123 148 124
f 165 124 123
f 166 147 148
f 124 148 149
f 124 149 125
f 165 125 124
f 166 148 149
f 125 149 150
f 125 150 126
f 165 126 125
f 166 149 150
f 126 150 151
f 126 151 127
f 165 127 126
f 166 150 151
f 127 151 152
f 127 152 128
f 165 128 127
f 166 151 152
f 128 152 153
f 128 153 129
f 165 129 128
f 166 152 153
f 129 153 154
f 129 154 130
f 165 130 129
f 166 153 154
f 130 154 155
f 130 155 131
f 165 131 130
f 166 154 155
f 131 155 156
f 131 156 132
f 165 132 131
f 166 155 156
f 132 156 157
f 132 157 133
f 165 133 132
f 166 156 157
f 133 157 158
f 133 158 134
f 165 134 133
f 166 157 158
f 134 158 159
f 134 159 135
f 165 135 134
f 166 158 159
f 135 159 160
f 135 160 136
f 165 136 135
f 166 159 160
f 136 160 161
f 136 161 137
f 165 137 136
f 166 160 161
f 137 161 162
f 137 162 138
f 165 138 137
f 166 161 162
f 138 162 163
f 138 163 139
f 165 139 138
f 166 162 163
f 139 163 164
f 139 164 140
f 165 140 139
f 166 163 164
f 140 164 141
f 140 141 117
f 165 117 140
f 166 164 141
o wheel_rear_right
v 1.190000000 -2.630000000 0.740000000
v 1.190000000 -2.654533405 0.926349712
v 1.190000000 -2.726461709 1.100000000
v 1.190000000 -2.840883118 1.249116882
v 1.190000000 -2.990000000 1.363538291
v 1.190000000 -3.163650288 1.435466595
v 1.190000000 -3.350000000 1.460000000
v 1.190000000 -3.536349712 1.435466595
v 1.190000000 -3.710000000 1.363538291
v 1.190000000 -3.859116882 1.249116882
v 1.190000000 -3.973538291 1.100000000
v 1.190000000 -4.045466595 0.926349712
v 1.190000000 -4.070000000 0.740000000
v 1.190000000 -4.045466595 0.553650288
v 1.190000000 -3.973538291 0.380000000
v 1.190000000 -3.859116882 0.230883118
v 1.190000000 -3.710000000 0.116461709
v 1.190000000 -3.536349712 0.044533405
v 1.190000000 -3.350000000 0.020000000
v 1.190000000 -3.163650288 0.044533405
v 1.190000000 -2.990000000 0.116461709
v 1.190000000 -2.840883118 0.230883118
v 1.190000000 -2.726461709 0.380000000
v 1.190000000 -2.654533405 0.553650288
v 1.650000000 -2.630000000 0.740000000
v 1.650000000 -2.654533405 0.926349712
v 1.650000000 -2.726461709 1.100000000
v 1.650000000 -2.840883118 1.249116882
v 1.650000000 -2.990000000 1.363538291
v 1.650000000 -3.163650288 1.435466595
v 1.650000000 -3.350000000 1.460000000
v 1.650000000 -3.536349712 1.435466595
v 1.650000000 -3.710000000 1.363538291
v 1.650000000 -3.859116882 1.249116882
v 1.650000000 -3.973538291 1.100000000
v 1.650000000 -4.045466595 0.926349712
v 1.650000000 -4.070000000 0.740000000
v 1.650000000 -4.045466595 0.553650288
v 1.650000000 -3.973538291 0.380000000
v 1.650000000 -3.859116882 0.230883118
v 1.650000000 -3.710000000 0.116461709
v 1.650000000 -3.536349712 0.044533405
v 1.650000000 -3.350000000 0.020000000
v 1.650000000 -3.163650288 0.044533405
v 1.650000000 -2.990000000 0.116461709
v 1.650000000 -2.840883118 0.230883118
v 1.650000000 -2.726461709 0.380000000
v 1.650000000 -2.654533405 0.553650288
v 1.190000000 -3.350000000 0.740000000
v 1.650000000 -3.350000000 0.740000000
f 167 191 192
f 167 192 168
f 215 168 167
f 216 191 192
f 168 192 193
f 168 193 169
f 215 169 168
f 216 192 193
f 169 193 194
f 169 194 170
f 215 170 169
f 216 193 194
f 170 194 195
f 170 195 171
f 215 171 170
f 216 194 195
f 171 195 196
f 171 196 172
f 215 172 171
f 216 195 196
f 172 196 197
f 172 197 173
f 215 173 172
f 216 196 197
f 173 197 198
f 173 198 174
f 215 174 173
f 216 197 198
f 174 198 199
f 174 199 175
f 215 175 174
f 216 198 199
f 175 199 200
f 175 200 176
f 215 176 175
f 216 199 200
f 176 200 201
f 176 201 177
f 215 177 176
f 216 200 201
f 177 201 202
f 177 202 178
f 215 178 177
f 216 201 202
f 178 202 203
f 178 203 179
f 215 179 178
f 216 202 203
f 179 203 204
f 179 204 180
f 215 180 179
f 216 203 204
f 180 204 205
f 180 205 181
f 215 181 180
f 216 204 205
f 181 205 206
f 181 206 182
f 215 182 181
f 216 205 206
f 182 206 207
f 182 207 183
f 215 183 182
f 216 206 207
f 183 207 208
f 183 208 184
f 215 184 183
f 216 207 208
f 184 208 209
f 184 209 185
f 215 185 184
f 216 208 209
f 185 209 210
f 185 210 186
f 215 186 185
f 216 209 210
f 186 210 211
f 186 211 187
f 215 187 186
f 216 210 211
f 187 211 212
f 187 212 188
f 215 188 187
f 216 211 212
f 188 212 213
f 188 213 189
f 215 189 188
f 216 212 213
f 189 213 214
f 189 214 190
f 215 190 189
f 216 213 214
f 190 214 191
f 190 191 167
f 215 167 190
f 216 214 191
o loader_boom
v -0.450000000 0.684337000 1.478779000
v -0.450000000 0.867384000 1.400685000
v -0.450000000 0.625475000 1.340811000
v -0.450000000 0.625475000 1.340811000
v -0.450000000 0.867384000 1.400685000
v -0.450000000 0.808522000 1.262717000
v 1.050000000 0.684337000 1.478779000
v -0.450000000 0.684337000 1.478779000
v 1.050000000 0.625475000 1.340811000
v 1.050000000 0.625475000 1.340811000
v -0.450000000 0.684337000 1.478779000
v -0.450000000 0.625475000 1.340811000
v 1.050000000 0.867384000 1.400685000
v 1.050000000 0.684337000 1.478779000
v 1.050000000 0.808522000 1.262717000
v 1.050000000 0.808522000 1.262717000
v 1.050000000 0.684337000 1.478779000
v 1.050000000 0.625475000 1.340811000
v -0.450000000 1.095628000 1.218229000
v -0.450000000 0.877506000 1.233286000
v -0.450000000 1.096644000 1.221335000
v -0.450000000 1.096644000 1.221335000
v -0.450000000 0.877506000 1.233286000
v -0.450000000 0.936368000 1.371254000
v -0.450000000 1.096644000 1.221335000
v -0.450000000 0.936368000 1.371254000
v -0.450000000 1.098183000 1.224218000
v -0.450000000 1.095628000 1.218229000
v -0.450000000 1.095167000 1.214993000
v -0.450000000 0.877506000 1.233286000
v -0.450000000 0.877506000 1.233286000
v -0.450000000 1.095167000 1.214993000
v -0.450000000 1.095275000 1.211726000
v -0.450000000 0.877506000 1.233286000
v -0.450000000 1.095275000 1.211726000
v -0.450000000 1.095949000 1.208528000
v -0.450000000 1.112052000 1.133221000
v -0.450000000 1.103649000 1.198271000
v -0.450000000 1.106532000 1.196731000
v -0.450000000 1.095949000 1.208528000
v -0.450000000 1.097168000 1.205496000
v -0.450000000 0.877506000 1.233286000
v -0.450000000 0.877506000 1.233286000
v -0.450000000 1.097168000 1.205496000
v -0.450000000 1.098894000 1.202721000
v -0.450000000 0.877506000 1.233286000
v -0.450000000 1.098894000 1.202721000
v -0.450000000 1.112052000 1.133221000
v -0.450000000 1.112052000 1.133221000
v -0.450000000 1.098894000 1.202721000
v -0.450000000 1.101077000 1.200288000
v -0.450000000 1.112052000 1.133221000
v -0.450000000 1.101077000 1.200288000
v -0.450000000 1.103649000 1.198271000
v -0.450000000 1.119339000 1.196037000
v -0.450000000 1.122371000 1.197255000
v -0.450000000 1.146492000 1.132857000
v -0.450000000 1.125146000 1.198982000
v -0.450000000 1.158573000 1.140086000
v -0.450000000 1.122371000 1.197255000
v -0.450000000 1.122371000 1.197255000
v -0.450000000 1.158573000 1.140086000
v -0.450000000 1.152817000 1.135996000
v -0.450000000 1.122371000 1.197255000
v -0.450000000 1.152817000 1.135996000
v -0.450000000 1.146492000 1.132857000
v -0.450000000 1.131136000 1.206620000
v -0.450000000 1.194646000 1.212140000
v -0.450000000 1.129596000 1.203737000
v -0.450000000 1.129596000 1.203737000
v -0.450000000 1.194646000 1.212140000
v -0.450000000 1.171101000 1.156953000
v -0.450000000 1.129596000 1.203737000
v -0.450000000 1.171101000 1.156953000
v -0.450000000 1.127579000 1.201165000
v -0.450000000 1.127579000 1.201165000
v -0.450000000 1.171101000 1.156953000
v -0.450000000 1.167830000 1.150695000
v -0.450000000 1.127579000 1.201165000
v -0.450000000 1.167830000 1.150695000
v -0.450000000 1.125146000 1.198982000
v -0.450000000 1.125146000 1.198982000
v -0.450000000 1.167830000 1.150695000
v -0.450000000 1.163619000 1.145027000
v -0.450000000 1.125146000 1.198982000
v -0.450000000 1.163619000 1.145027000
v -0.450000000 1.158573000 1.140086000
v -0.450000000 1.106532000 1.196731000
v -0.450000000 1.109638000 1.195716000
v -0.450000000 1.112052000 1.133221000
v -0.450000000 1.112052000 1.133221000
v -0.450000000 1.109638000 1.195716000
v -0.450000000 1.112874000 1.195255000
v -0.450000000 1.112052000 1.133221000
v -0.450000000 1.112874000 1.195255000
v -0.450000000 1.118745000 1.130968000
v -0.450000000 1.118745000 1.130968000
v -0.450000000 1.112874000 1.195255000
v -0.450000000 1.116141000 1.195363000
v -0.450000000 1.146492000 1.132857000
v -0.450000000 1.139754000 1.130746000
v -0.450000000 1.119339000 1.196037000
v -0.450000000 1.119339000 1.196037000
v -0.450000000 1.139754000 1.130746000
v -0.450000000 1.132768000 1.129715000
v -0.450000000 1.119339000 1.196037000
v -0.450000000 1.132768000 1.129715000
v -0.450000000 1.116141000 1.195363000
v -0.450000000 1.116141000 1.195363000
v -0.450000000 1.132768000 1.129715000
v -0.450000000 1.125707000 1.129790000
v -0.450000000 1.116141000 1.195363000
v -0.450000000 1.125707000 1.129790000
v -0.450000000 1.118745000 1.130968000
v -0.450000000 1.108440000 1.231918000
v -0.450000000 1.105408000 1.230699000
v -0.450000000 0.936368000 1.371254000
v -0.450000000 1.105408000 1.230699000
v -0.450000000 1.102633000 1.228972000
v -0.450000000 0.936368000 1.371254000
v -0.450000000 0.936368000 1.371254000
v -0.450000000 1.102633000 1.228972000
v -0.450000000 1.100200000 1.226790000
v -0.450000000 0.936368000 1.371254000
v -0.450000000 1.100200000 1.226790000
v -0.450000000 1.098183000 1.224218000
v -0.450000000 1.131136000 1.206620000
v -0.450000000 1.132151000 1.209726000
v -0.450000000 1.194646000 1.212140000
v -0.450000000 1.194646000 1.212140000
v -0.450000000 1.132151000 1.209726000
v -0.450000000 1.132612000 1.212962000
v -0.450000000 1.194646000 1.212140000
v -0.450000000 1.132612000 1.212962000
v -0.450000000 1.196899000 1.218832000
v -0.450000000 1.196899000 1.218832000
v -0.450000000 1.132612000 1.212962000
v -0.450000000 1.132504000 1.216228000
v -0.450000000 1.196899000 1.218832000
v -0.450000000 1.132504000 1.216228000
v -0.450000000 1.198077000 1.225795000
v -0.450000000 1.198077000 1.225795000
v -0.450000000 1.132504000 1.216228000
v -0.450000000 1.198152000 1.232856000
v -0.450000000 1.198152000 1.232856000
v -0.450000000 1.132504000 1.216228000
v -0.450000000 1.131830000 1.219427000
v -0.450000000 1.198152000 1.232856000
v -0.450000000 1.131830000 1.219427000
v -0.450000000 1.197121000 1.239841000
v -0.450000000 1.197121000 1.239841000
v -0.450000000 1.131830000 1.219427000
v -0.450000000 1.195010000 1.246580000
v -0.450000000 1.195010000 1.246580000
v -0.450000000 1.131830000 1.219427000
v -0.450000000 1.130611000 1.222459000
v -0.450000000 1.195010000 1.246580000
v -0.450000000 1.130611000 1.222459000
v -0.450000000 1.191870000 1.252905000
v -0.450000000 1.191870000 1.252905000
v -0.450000000 1.130611000 1.222459000
v -0.450000000 1.187780000 1.258661000
v -0.450000000 1.187780000 1.258661000
v -0.450000000 1.130611000 1.222459000
v -0.450000000 1.128885000 1.225234000
v -0.450000000 1.187780000 1.258661000
v -0.450000000 1.128885000 1.225234000
v -0.450000000 1.182840000 1.263707000
v -0.450000000 1.182840000 1.263707000
v -0.450000000 1.128885000 1.225234000
v -0.450000000 1.177172000 1.267917000
v -0.450000000 1.177172000 1.267917000
v -0.450000000 1.128885000 1.225234000
v -0.450000000 1.126702000 1.227667000
v -0.450000000 1.177172000 1.267917000
v -0.450000000 1.126702000 1.227667000
v -0.450000000 1.170914000 1.271189000
v -0.450000000 1.170914000 1.271189000
v -0.450000000 1.126702000 1.227667000
v -0.450000000 1.124130000 1.229684000
v -0.450000000 1.170914000 1.271189000
v -0.450000000 1.124130000 1.229684000
v -0.450000000 1.121247000 1.231223000
v -0.450000000 1.121247000 1.231223000
v -0.450000000 1.118141000 1.232239000
v -0.450000000 1.170914000 1.271189000
v -0.450000000 1.170914000 1.271189000
v -0.450000000 1.118141000 1.232239000
v -0.450000000 1.114905000 1.232700000
v -0.450000000 1.170914000 1.271189000
v -0.450000000 1.114905000 1.232700000
v -0.450000000 0.936368000 1.371254000
v -0.450000000 0.936368000 1.371254000
v -0.450000000 1.114905000 1.232700000
v -0.450000000 1.111639000 1.232592000
v -0.450000000 0.936368000 1.371254000
v -0.450000000 1.111639000 1.232592000
v -0.450000000 1.108440000 1.231918000
v 1.050000000 0.936368000 1.371254000
v -0.450000000 0.936368000 1.371254000
v 1.050000000 0.877506000 1.233286000
v 1.050000000 0.877506000 1.233286000
v -0.450000000 0.936368000 1.371254000
v -0.450000000 0.877506000 1.233286000
v 1.050000000 1.122371000 1.197255000
v 1.050000000 1.119339000 1.196037000
v 1.050000000 1.142789000 1.131554000
v 1.050000000 1.098183000 1.224218000
v 1.050000000 0.936368000 1.371254000
v 1.050000000 1.096644000 1.221335000
v 1.050000000 1.096644000 1.221335000
v 1.050000000 0.936368000 1.371254000
v 1.050000000 0.877506000 1.233286000
v 1.050000000 1.096644000 1.221335000
v 1.050000000 0.877506000 1.233286000
v 1.050000000 1.095628000 1.218229000
v 1.050000000 1.098183000 1.224218000
v 1.050000000 1.100200000 1.226790000
v 1.050000000 0.936368000 1.371254000
v 1.050000000 0.936368000 1.371254000
v 1.050000000 1.100200000 1.226790000
v 1.050000000 1.102633000 1.228972000
v 1.050000000 0.936368000 1.371254000
v 1.050000000 1.102633000 1.228972000
v 1.050000000 1.105408000 1.230699000
v 1.050000000 1.130611000 1.222459000
v 1.050000000 1.131830000 1.219427000
v 1.050000000 1.196313000 1.242877000
v 1.050000000 1.142789000 1.131554000
v 1.050000000 1.119339000 1.196037000
v 1.050000000 1.135113000 1.129937000
v 1.050000000 1.135113000 1.129937000
v 1.050000000 1.119339000 1.196037000
v 1.050000000 1.116141000 1.195363000
v 1.050000000 1.135113000 1.129937000
v 1.050000000 1.116141000 1.195363000
v 1.050000000 1.127274000 1.129677000
v 1.050000000 1.127274000 1.129677000
v 1.050000000 1.116141000 1.195363000
v 1.050000000 1.119508000 1.130783000
v 1.050000000 1.119508000 1.130783000
v 1.050000000 1.116141000 1.195363000
v 1.050000000 1.112874000 1.195255000
v 1.050000000 1.119508000 1.130783000
v 1.050000000 1.112874000 1.195255000
v 1.050000000 1.112052000 1.133221000
v 1.050000000 1.112052000 1.133221000
v 1.050000000 1.112874000 1.195255000
v 1.050000000 1.109638000 1.195716000
v 1.050000000 1.112052000 1.133221000
v 1.050000000 1.109638000 1.195716000
v 1.050000000 1.106532000 1.196731000
v 1.050000000 0.877506000 1.233286000
v 1.050000000 1.097168000 1.205496000
v 1.050000000 1.095949000 1.208528000
v 1.050000000 1.125146000 1.198982000
v 1.050000000 1.167406000 1.150034000
v 1.050000000 1.127579000 1.201165000
v 1.050000000 1.127579000 1.201165000
v 1.050000000 1.167406000 1.150034000
v 1.050000000 1.171101000 1.156953000
v 1.050000000 1.127579000 1.201165000
v 1.050000000 1.171101000 1.156953000
v 1.050000000 1.129596000 1.203737000
v 1.050000000 1.142789000 1.131554000
v 1.050000000 1.150067000 1.134479000
v 1.050000000 1.122371000 1.197255000
v 1.050000000 1.122371000 1.197255000
v 1.050000000 1.150067000 1.134479000
v 1.050000000 1.156727000 1.138623000
v 1.050000000 1.122371000 1.197255000
v 1.050000000 1.156727000 1.138623000
v 1.050000000 1.125146000 1.198982000
v 1.050000000 1.125146000 1.198982000
v 1.050000000 1.156727000 1.138623000
v 1.050000000 1.162566000 1.143861000
v 1.050000000 1.125146000 1.198982000
v 1.050000000 1.162566000 1.143861000
v 1.050000000 1.167406000 1.150034000
v 1.050000000 1.095949000 1.208528000
v 1.050000000 1.095275000 1.211726000
v 1.050000000 0.877506000 1.233286000
v 1.050000000 0.877506000 1.233286000
v 1.050000000 1.095275000 1.211726000
v 1.050000000 1.095167000 1.214993000
v 1.050000000 0.877506000 1.233286000
v 1.050000000 1.095167000 1.214993000
v 1.050000000 1.095628000 1.218229000
v 1.050000000 1.196313000 1.242877000
v 1.050000000 1.131830000 1.219427000
v 1.050000000 1.197930000 1.235201000
v 1.050000000 1.197930000 1.235201000
v 1.050000000 1.131830000 1.219427000
v 1.050000000 1.132504000 1.216228000
v 1.050000000 1.197930000 1.235201000
v 1.050000000 1.132504000 1.216228000
v 1.050000000 1.198190000 1.227361000
v 1.050000000 1.198190000 1.227361000
v 1.050000000 1.132504000 1.216228000
v 1.050000000 1.197084000 1.219596000
v 1.050000000 1.197084000 1.219596000
v 1.050000000 1.132504000 1.216228000
v 1.050000000 1.132612000 1.212962000
v 1.050000000 1.197084000 1.219596000
v 1.050000000 1.132612000 1.212962000
v 1.050000000 1.194646000 1.212140000
v 1.050000000 1.194646000 1.212140000
v 1.050000000 1.132612000 1.212962000
v 1.050000000 1.132151000 1.209726000
v 1.050000000 1.194646000 1.212140000
v 1.050000000 1.132151000 1.209726000
v 1.050000000 1.171101000 1.156953000
v 1.050000000 1.171101000 1.156953000
v 1.050000000 1.132151000 1.209726000
v 1.050000000 1.131136000 1.206620000
v 1.050000000 1.171101000 1.156953000
v 1.050000000 1.131136000 1.206620000
v 1.050000000 1.129596000 1.203737000
v 1.050000000 1.106532000 1.196731000
v 1.050000000 1.103649000 1.198271000
v 1.050000000 1.112052000 1.133221000
v 1.050000000 1.112052000 1.133221000
v 1.050000000 1.103649000 1.198271000
v 1.050000000 1.101077000 1.200288000
v 1.050000000 1.112052000 1.133221000
v 1.050000000 1.101077000 1.200288000
v 1.050000000 0.877506000 1.233286000
v 1.050000000 0.877506000 1.233286000
v 1.050000000 1.101077000 1.200288000
v 1.050000000 1.098894000 1.202721000
v 1.050000000 0.877506000 1.233286000
v 1.050000000 1.098894000 1.202721000
v 1.050000000 1.097168000 1.205496000
v 1.050000000 1.118141000 1.232239000
v 1.050000000 1.121247000 1.231223000
v 1.050000000 1.170914000 1.271189000
v 1.050000000 1.105408000 1.230699000
v 1.050000000 1.108440000 1.231918000
v 1.050000000 0.936368000 1.371254000
v 1.050000000 0.936368000 1.371254000
v 1.050000000 1.108440000 1.231918000
v 1.050000000 1.111639000 1.232592000
v 1.050000000 0.936368000 1.371254000
v 1.050000000 1.111639000 1.232592000
v 1.050000000 1.170914000 1.271189000
v 1.050000000 1.170914000 1.271189000
v 1.050000000 1.111639000 1.232592000
v 1.050000000 1.114905000 1.232700000
v 1.050000000 1.170914000 1.271189000
v 1.050000000 1.114905000 1.232700000
v 1.050000000 1.118141000 1.232239000
v 1.050000000 1.121247000 1.231223000
v 1.050000000 1.124130000 1.229684000
v 1.050000000 1.170914000 1.271189000
v 1.050000000 1.170914000 1.271189000
v 1.050000000 1.124130000 1.229684000
v 1.050000000 1.126702000 1.227667000
v 1.050000000 1.170914000 1.271189000
v 1.050000000 1.126702000 1.227667000
v 1.050000000 1.177833000 1.267494000
v 1.050000000 1.177833000 1.267494000
v 1.050000000 1.126702000 1.227667000
v 1.050000000 1.128885000 1.225234000
v 1.050000000 1.196313000 1.242877000
v 1.050000000 1.193388000 1.250155000
v 1.050000000 1.130611000 1.222459000
v 1.050000000 1.130611000 1.222459000
v 1.050000000 1.193388000 1.250155000
v 1.050000000 1.189244000 1.256815000
v 1.050000000 1.130611000 1.222459000
v 1.050000000 1.189244000 1.256815000
v 1.050000000 1.128885000 1.225234000
v 1.050000000 1.128885000 1.225234000
v 1.050000000 1.189244000 1.256815000
v 1.050000000 1.184006000 1.262653000
v 1.050000000 1.128885000 1.225234000
v 1.050000000 1.184006000 1.262653000
v 1.050000000 1.177833000 1.267494000
v 1.200000000 1.171101000 1.156953000
v 1.200000000 1.194646000 1.212140000
v 1.050000000 1.171101000 1.156953000
v 1.050000000 1.171101000 1.156953000
v 1.200000000 1.194646000 1.212140000
v 1.050000000 1.194646000 1.212140000
v 1.200000000 -0.865849000 2.065572000
v 1.200000000 -0.867866000 2.063000000
v 1.200000000 -0.874880000 2.095069000
v 1.200000000 -0.874880000 2.095069000
v 1.200000000 -0.867866000 2.063000000
v 1.200000000 -0.898424000 2.039881000
v 1.200000000 1.095628000 1.218229000
v 1.200000000 1.095167000 1.214993000
v 1.200000000 -0.874692000 1.980832000
v 1.200000000 -0.843678000 2.036038000
v 1.200000000 -0.840903000 2.037765000
v 1.200000000 1.096644000 1.221335000
v 1.200000000 1.096644000 1.221335000
v 1.200000000 -0.840903000 2.037765000
v 1.200000000 -0.838470000 2.039947000
v 1.200000000 1.096644000 1.221335000
v 1.200000000 -0.838470000 2.039947000
v 1.200000000 -0.836453000 2.042519000
v 1.200000000 1.108440000 1.231918000
v 1.200000000 1.105408000 1.230699000
v 1.200000000 -0.833898000 2.048508000
v 1.200000000 -0.854411000 2.071374000
v 1.200000000 -0.853845000 2.117543000
v 1.200000000 -0.851144000 2.071482000
v 1.200000000 -0.851144000 2.071482000
v 1.200000000 -0.853845000 2.117543000
v 1.200000000 -0.846567000 2.120468000
v 1.200000000 -0.851144000 2.071482000
v 1.200000000 -0.846567000 2.120468000
v 1.200000000 -0.847909000 2.071021000
v 1.200000000 -0.857609000 2.070700000
v 1.200000000 -0.860642000 2.069481000
v 1.200000000 -0.874880000 2.095069000
v 1.200000000 -0.874880000 2.095069000
v 1.200000000 -0.860642000 2.069481000
v 1.200000000 -0.863416000 2.067755000
v 1.200000000 -0.874880000 2.095069000
v 1.200000000 -0.863416000 2.067755000
v 1.200000000 -0.865849000 2.065572000
v 1.200000000 1.096644000 1.221335000
v 1.200000000 -0.856411000 2.034498000
v 1.200000000 -0.853175000 2.034037000
v 1.200000000 1.105408000 1.230699000
v 1.200000000 1.102633000 1.228972000
v 1.200000000 -0.833898000 2.048508000
v 1.200000000 -0.833898000 2.048508000
v 1.200000000 1.102633000 1.228972000
v 1.200000000 1.100200000 1.226790000
v 1.200000000 -0.833898000 2.048508000
v 1.200000000 1.100200000 1.226790000
v 1.200000000 -0.834914000 2.045402000
v 1.200000000 -0.874880000 2.095069000
v 1.200000000 -0.871184000 2.101988000
v 1.200000000 -0.857609000 2.070700000
v 1.200000000 -0.857609000 2.070700000
v 1.200000000 -0.871184000 2.101988000
v 1.200000000 -0.866344000 2.108160000
v 1.200000000 -0.857609000 2.070700000
v 1.200000000 -0.866344000 2.108160000
v 1.200000000 -0.854411000 2.071374000
v 1.200000000 -0.854411000 2.071374000
v 1.200000000 -0.866344000 2.108160000
v 1.200000000 -0.860505000 2.113398000
v 1.200000000 -0.854411000 2.071374000
v 1.200000000 -0.860505000 2.113398000
v 1.200000000 -0.853845000 2.117543000
v 1.200000000 -0.867866000 2.063000000
v 1.200000000 -0.869406000 2.060117000
v 1.200000000 -0.898424000 2.039881000
v 1.200000000 -0.898424000 2.039881000
v 1.200000000 -0.869406000 2.060117000
v 1.200000000 -0.870422000 2.057011000
v 1.200000000 -0.898424000 2.039881000
v 1.200000000 -0.870422000 2.057011000
v 1.200000000 -0.870882000 2.053775000
v 1.200000000 -0.853175000 2.034037000
v 1.200000000 -0.849909000 2.034145000
v 1.200000000 1.096644000 1.221335000
v 1.200000000 1.096644000 1.221335000
v 1.200000000 -0.849909000 2.034145000
v 1.200000000 -0.846711000 2.034819000
v 1.200000000 1.096644000 1.221335000
v 1.200000000 -0.846711000 2.034819000
v 1.200000000 -0.843678000 2.036038000
v 1.200000000 -0.834914000 2.045402000
v 1.200000000 1.100200000 1.226790000
v 1.200000000 -0.836453000 2.042519000
v 1.200000000 -0.836453000 2.042519000
v 1.200000000 1.100200000 1.226790000
v 1.200000000 1.098183000 1.224218000
v 1.200000000 -0.836453000 2.042519000
v 1.200000000 1.098183000 1.224218000
v 1.200000000 1.096644000 1.221335000
v 1.200000000 -0.833545000 2.055011000
v 1.200000000 -0.815831000 2.118801000
v 1.200000000 -0.833437000 2.051744000
v 1.200000000 -0.833437000 2.051744000
v 1.200000000 -0.815831000 2.118801000
v 1.200000000 1.170914000 1.271189000
v 1.200000000 -0.833437000 2.051744000
v 1.200000000 1.170914000 1.271189000
v 1.200000000 -0.833898000 2.048508000
v 1.200000000 -0.833545000 2.055011000
v 1.200000000 -0.834219000 2.058209000
v 1.200000000 -0.815831000 2.118801000
v 1.200000000 -0.815831000 2.118801000
v 1.200000000 -0.834219000 2.058209000
v 1.200000000 -0.835438000 2.061241000
v 1.200000000 -0.815831000 2.118801000
v 1.200000000 -0.835438000 2.061241000
v 1.200000000 -0.837165000 2.064016000
v 1.200000000 1.127274000 1.129677000
v 1.200000000 1.119508000 1.130783000
v 1.200000000 1.097168000 1.205496000
v 1.200000000 1.097168000 1.205496000
v 1.200000000 1.119508000 1.130783000
v 1.200000000 1.095949000 1.208528000
v 1.200000000 1.127274000 1.129677000
v 1.200000000 1.097168000 1.205496000
v 1.200000000 1.135113000 1.129937000
v 1.200000000 1.135113000 1.129937000
v 1.200000000 1.097168000 1.205496000
v 1.200000000 1.098894000 1.202721000
v 1.200000000 1.135113000 1.129937000
v 1.200000000 1.098894000 1.202721000
v 1.200000000 1.101077000 1.200288000
v 1.200000000 1.121247000 1.231223000
v 1.200000000 1.118141000 1.232239000
v 1.200000000 1.170914000 1.271189000
v 1.200000000 1.170914000 1.271189000
v 1.200000000 1.118141000 1.232239000
v 1.200000000 1.114905000 1.232700000
v 1.200000000 1.170914000 1.271189000
v 1.200000000 1.114905000 1.232700000
v 1.200000000 -0.833898000 2.048508000
v 1.200000000 -0.833898000 2.048508000
v 1.200000000 1.114905000 1.232700000
v 1.200000000 1.111639000 1.232592000
v 1.200000000 -0.833898000 2.048508000
v 1.200000000 1.111639000 1.232592000
v 1.200000000 1.108440000 1.231918000
v 1.200000000 -0.846567000 2.120468000
v 1.200000000 -0.838892000 2.122085000
v 1.200000000 -0.847909000 2.071021000
v 1.200000000 -0.847909000 2.071021000
v 1.200000000 -0.838892000 2.122085000
v 1.200000000 -0.831052000 2.122344000
v 1.200000000 -0.847909000 2.071021000
v 1.200000000 -0.831052000 2.122344000
v 1.200000000 -0.844802000 2.070006000
v 1.200000000 -0.844802000 2.070006000
v 1.200000000 -0.831052000 2.122344000
v 1.200000000 -0.823286000 2.121238000
v 1.200000000 -0.844802000 2.070006000
v 1.200000000 -0.823286000 2.121238000
v 1.200000000 -0.841919000 2.068466000
v 1.200000000 -0.841919000 2.068466000
v 1.200000000 -0.823286000 2.121238000
v 1.200000000 -0.815831000 2.118801000
v 1.200000000 -0.841919000 2.068466000
v 1.200000000 -0.815831000 2.118801000
v 1.200000000 -0.839347000 2.066449000
v 1.200000000 -0.839347000 2.066449000
v 1.200000000 -0.815831000 2.118801000
v 1.200000000 -0.837165000 2.064016000
v 1.200000000 -0.870882000 2.053775000
v 1.200000000 -0.870774000 2.050508000
v 1.200000000 -0.898424000 2.039881000
v 1.200000000 -0.898424000 2.039881000
v 1.200000000 -0.870774000 2.050508000
v 1.200000000 -0.870101000 2.047310000
v 1.200000000 -0.898424000 2.039881000
v 1.200000000 -0.870101000 2.047310000
v 1.200000000 -0.900862000 2.032426000
v 1.200000000 -0.900862000 2.032426000
v 1.200000000 -0.870101000 2.047310000
v 1.200000000 -0.868882000 2.044278000
v 1.200000000 1.095628000 1.218229000
v 1.200000000 -0.874692000 1.980832000
v 1.200000000 1.096644000 1.221335000
v 1.200000000 1.096644000 1.221335000
v 1.200000000 -0.874692000 1.980832000
v 1.200000000 -0.859518000 2.035513000
v 1.200000000 1.096644000 1.221335000
v 1.200000000 -0.859518000 2.035513000
v 1.200000000 -0.856411000 2.034498000
v 1.200000000 1.095167000 1.214993000
v 1.200000000 1.095275000 1.211726000
v 1.200000000 -0.874692000 1.980832000
v 1.200000000 -0.874692000 1.980832000
v 1.200000000 1.095275000 1.211726000
v 1.200000000 1.095949000 1.208528000
v 1.200000000 -0.874692000 1.980832000
v 1.200000000 1.095949000 1.208528000
v 1.200000000 1.112052000 1.133221000
v 1.200000000 1.112052000 1.133221000
v 1.200000000 1.095949000 1.208528000
v 1.200000000 1.119508000 1.130783000
v 1.200000000 1.131136000 1.206620000
v 1.200000000 1.194646000 1.212140000
v 1.200000000 1.129596000 1.203737000
v 1.200000000 1.129596000 1.203737000
v 1.200000000 1.194646000 1.212140000
v 1.200000000 1.171101000 1.156953000
v 1.200000000 1.129596000 1.203737000
v 1.200000000 1.171101000 1.156953000
v 1.200000000 1.127579000 1.201165000
v 1.200000000 1.127579000 1.201165000
v 1.200000000 1.171101000 1.156953000
v 1.200000000 1.167406000 1.150034000
v 1.200000000 1.127579000 1.201165000
v 1.200000000 1.167406000 1.150034000
v 1.200000000 1.125146000 1.198982000
v 1.200000000 1.131136000 1.206620000
v 1.200000000 1.132151000 1.209726000
v 1.200000000 1.194646000 1.212140000
v 1.200000000 1.194646000 1.212140000
v 1.200000000 1.132151000 1.209726000
v 1.200000000 1.132612000 1.212962000
v 1.200000000 1.194646000 1.212140000
v 1.200000000 1.132612000 1.212962000
v 1.200000000 1.197084000 1.219596000
v 1.200000000 1.197084000 1.219596000
v 1.200000000 1.132612000 1.212962000
v 1.200000000 1.132504000 1.216228000
v 1.200000000 1.131830000 1.219427000
v 1.200000000 1.197930000 1.235201000
v 1.200000000 1.132504000 1.216228000
v 1.200000000 1.132504000 1.216228000
v 1.200000000 1.197930000 1.235201000
v 1.200000000 1.198190000 1.227361000
v 1.200000000 1.132504000 1.216228000
v 1.200000000 1.198190000 1.227361000
v 1.200000000 1.197084000 1.219596000
v 1.200000000 1.177833000 1.267494000
v 1.200000000 1.128885000 1.225234000
v 1.200000000 1.126702000 1.227667000
v 1.200000000 1.177833000 1.267494000
v 1.200000000 1.126702000 1.227667000
v 1.200000000 1.170914000 1.271189000
v 1.200000000 1.170914000 1.271189000
v 1.200000000 1.126702000 1.227667000
v 1.200000000 1.124130000 1.229684000
v 1.200000000 1.170914000 1.271189000
v 1.200000000 1.124130000 1.229684000
v 1.200000000 1.121247000 1.231223000
v 1.200000000 -0.864972000 2.039070000
v 1.200000000 -0.900091000 2.009145000
v 1.200000000 -0.867155000 2.041503000
v 1.200000000 -0.867155000 2.041503000
v 1.200000000 -0.900091000 2.009145000
v 1.200000000 -0.901708000 2.016820000
v 1.200000000 -0.867155000 2.041503000
v 1.200000000 -0.901708000 2.016820000
v 1.200000000 -0.868882000 2.044278000
v 1.200000000 -0.868882000 2.044278000
v 1.200000000 -0.901708000 2.016820000
v 1.200000000 -0.901968000 2.024660000
v 1.200000000 -0.868882000 2.044278000
v 1.200000000 -0.901968000 2.024660000
v 1.200000000 -0.900862000 2.032426000
v 1.200000000 -0.874692000 1.980832000
v 1.200000000 -0.881612000 1.984527000
v 1.200000000 -0.859518000 2.035513000
v 1.200000000 -0.859518000 2.035513000
v 1.200000000 -0.881612000 1.984527000
v 1.200000000 -0.887784000 1.989368000
v 1.200000000 -0.859518000 2.035513000
v 1.200000000 -0.887784000 1.989368000
v 1.200000000 -0.862401000 2.037053000
v 1.200000000 -0.862401000 2.037053000
v 1.200000000 -0.887784000 1.989368000
v 1.200000000 -0.893022000 1.995207000
v 1.200000000 -0.862401000 2.037053000
v 1.200000000 -0.893022000 1.995207000
v 1.200000000 -0.864972000 2.039070000
v 1.200000000 -0.864972000 2.039070000
v 1.200000000 -0.893022000 1.995207000
v 1.200000000 -0.897166000 2.001867000
v 1.200000000 -0.864972000 2.039070000
v 1.200000000 -0.897166000 2.001867000
v 1.200000000 -0.900091000 2.009145000
v 1.200000000 1.101077000 1.200288000
v 1.200000000 1.103649000 1.198271000
v 1.200000000 1.135113000 1.129937000
v 1.200000000 1.135113000 1.129937000
v 1.200000000 1.103649000 1.198271000
v 1.200000000 1.106532000 1.196731000
v 1.200000000 1.135113000 1.129937000
v 1.200000000 1.106532000 1.196731000
v 1.200000000 1.109638000 1.195716000
v 1.200000000 1.167406000 1.150034000
v 1.200000000 1.162566000 1.143861000
v 1.200000000 1.125146000 1.198982000
v 1.200000000 1.125146000 1.198982000
v 1.200000000 1.162566000 1.143861000
v 1.200000000 1.156727000 1.138623000
v 1.200000000 1.125146000 1.198982000
v 1.200000000 1.156727000 1.138623000
v 1.200000000 1.122371000 1.197255000
v 1.200000000 1.122371000 1.197255000
v 1.200000000 1.156727000 1.138623000
v 1.200000000 1.150067000 1.134479000
v 1.200000000 1.122371000 1.197255000
v 1.200000000 1.150067000 1.134479000
v 1.200000000 1.119339000 1.196037000
v 1.200000000 1.119339000 1.196037000
v 1.200000000 1.150067000 1.134479000
v 1.200000000 1.142789000 1.131554000
v 1.200000000 1.119339000 1.196037000
v 1.200000000 1.142789000 1.131554000
v 1.200000000 1.116141000 1.195363000
v 1.200000000 1.116141000 1.195363000
v 1.200000000 1.142789000 1.131554000
v 1.200000000 1.135113000 1.129937000
v 1.200000000 1.116141000 1.195363000
v 1.200000000 1.135113000 1.129937000
v 1.200000000 1.112874000 1.195255000
v 1.200000000 1.112874000 1.195255000
v 1.200000000 1.135113000 1.129937000
v 1.200000000 1.109638000 1.195716000
v 1.200000000 1.177833000 1.267494000
v 1.200000000 1.184006000 1.262653000
v 1.200000000 1.128885000 1.225234000
v 1.200000000 1.128885000 1.225234000
v 1.200000000 1.184006000 1.262653000
v 1.200000000 1.189244000 1.256815000
v 1.200000000 1.128885000 1.225234000
v 1.200000000 1.189244000 1.256815000
v 1.200000000 1.130611000 1.222459000
v 1.200000000 1.130611000 1.222459000
v 1.200000000 1.189244000 1.256815000
v 1.200000000 1.193388000 1.250155000
v 1.200000000 1.130611000 1.222459000
v 1.200000000 1.193388000 1.250155000
v 1.200000000 1.131830000 1.219427000
v 1.200000000 1.131830000 1.219427000
v 1.200000000 1.193388000 1.250155000
v 1.200000000 1.196313000 1.242877000
v 1.200000000 1.131830000 1.219427000
v 1.200000000 1.196313000 1.242877000
v 1.200000000 1.197930000 1.235201000
v 1.050000000 -0.898424000 2.039881000
v 1.050000000 -0.874880000 2.095069000
v 1.200000000 -0.898424000 2.039881000
v 1.200000000 -0.898424000 2.039881000
v 1.050000000 -0.874880000 2.095069000
v 1.200000000 -0.874880000 2.095069000
v 1.050000000 -0.834219000 2.058209000
v 1.050000000 -0.833545000 2.055011000
v 1.050000000 -0.443316000 1.959873000
v 1.050000000 -0.443316000 1.959873000
v 1.050000000 -0.833545000 2.055011000
v 1.050000000 -0.833437000 2.051744000
v 1.050000000 -0.838470000 2.039947000
v 1.050000000 -0.840903000 2.037765000
v 1.050000000 -0.502178000 1.821905000
v 1.050000000 -0.867155000 2.041503000
v 1.050000000 -0.868882000 2.044278000
v 1.050000000 -0.901968000 2.024660000
v 1.050000000 -0.898424000 2.039881000
v 1.050000000 -0.869406000 2.060117000
v 1.050000000 -0.874880000 2.095069000
v 1.050000000 -0.874880000 2.095069000
v 1.050000000 -0.869406000 2.060117000
v 1.050000000 -0.867866000 2.063000000
v 1.050000000 -0.874880000 2.095069000
v 1.050000000 -0.867866000 2.063000000
v 1.050000000 -0.865849000 2.065572000
v 1.050000000 -0.844802000 2.070006000
v 1.050000000 -0.831052000 2.122344000
v 1.050000000 -0.847909000 2.071021000
v 1.050000000 -0.847909000 2.071021000
v 1.050000000 -0.831052000 2.122344000
v 1.050000000 -0.838892000 2.122085000
v 1.050000000 -0.847909000 2.071021000
v 1.050000000 -0.838892000 2.122085000
v 1.050000000 -0.851144000 2.071482000
v 1.050000000 -0.833437000 2.051744000
v 1.050000000 -0.833898000 2.048508000
v 1.050000000 -0.443316000 1.959873000
v 1.050000000 -0.443316000 1.959873000
v 1.050000000 -0.833898000 2.048508000
v 1.050000000 -0.834914000 2.045402000
v 1.050000000 -0.443316000 1.959873000
v 1.050000000 -0.834914000 2.045402000
v 1.050000000 -0.502178000 1.821905000
v 1.050000000 -0.502178000 1.821905000
v 1.050000000 -0.834914000 2.045402000
v 1.050000000 -0.836453000 2.042519000
v 1.050000000 -0.502178000 1.821905000
v 1.050000000 -0.836453000 2.042519000
v 1.050000000 -0.838470000 2.039947000
v 1.050000000 -0.870101000 2.047310000
v 1.050000000 -0.870774000 2.050508000
v 1.050000000 -0.898424000 2.039881000
v 1.050000000 -0.841919000 2.068466000
v 1.050000000 -0.815831000 2.118801000
v 1.050000000 -0.844802000 2.070006000
v 1.050000000 -0.844802000 2.070006000
v 1.050000000 -0.815831000 2.118801000
v 1.050000000 -0.823286000 2.121238000
v 1.050000000 -0.844802000 2.070006000
v 1.050000000 -0.823286000 2.121238000
v 1.050000000 -0.831052000 2.122344000
v 1.050000000 -0.841919000 2.068466000
v 1.050000000 -0.839347000 2.066449000
v 1.050000000 -0.815831000 2.118801000
v 1.050000000 -0.815831000 2.118801000
v 1.050000000 -0.839347000 2.066449000
v 1.050000000 -0.837165000 2.064016000
v 1.050000000 -0.815831000 2.118801000
v 1.050000000 -0.837165000 2.064016000
v 1.050000000 -0.443316000 1.959873000
v 1.050000000 -0.443316000 1.959873000
v 1.050000000 -0.837165000 2.064016000
v 1.050000000 -0.835438000 2.061241000
v 1.050000000 -0.443316000 1.959873000
v 1.050000000 -0.835438000 2.061241000
v 1.050000000 -0.834219000 2.058209000
v 1.050000000 -0.870774000 2.050508000
v 1.050000000 -0.870882000 2.053775000
v 1.050000000 -0.898424000 2.039881000
v 1.050000000 -0.898424000 2.039881000
v 1.050000000 -0.870882000 2.053775000
v 1.050000000 -0.870422000 2.057011000
v 1.050000000 -0.898424000 2.039881000
v 1.050000000 -0.870422000 2.057011000
v 1.050000000 -0.869406000 2.060117000
v 1.050000000 -0.865849000 2.065572000
v 1.050000000 -0.863416000 2.067755000
v 1.050000000 -0.874880000 2.095069000
v 1.050000000 -0.874880000 2.095069000
v 1.050000000 -0.863416000 2.067755000
v 1.050000000 -0.860642000 2.069481000
v 1.050000000 -0.874880000 2.095069000
v 1.050000000 -0.860642000 2.069481000
v 1.050000000 -0.871184000 2.101988000
v 1.050000000 -0.871184000 2.101988000
v 1.050000000 -0.860642000 2.069481000
v 1.050000000 -0.857609000 2.070700000
v 1.050000000 -0.838892000 2.122085000
v 1.050000000 -0.846567000 2.120468000
v 1.050000000 -0.851144000 2.071482000
v 1.050000000 -0.851144000 2.071482000
v 1.050000000 -0.846567000 2.120468000
v 1.050000000 -0.853845000 2.117543000
v 1.050000000 -0.851144000 2.071482000
v 1.050000000 -0.853845000 2.117543000
v 1.050000000 -0.854411000 2.071374000
v 1.050000000 -0.854411000 2.071374000
v 1.050000000 -0.853845000 2.117543000
v 1.050000000 -0.860505000 2.113398000
v 1.050000000 -0.854411000 2.071374000
v 1.050000000 -0.860505000 2.113398000
v 1.050000000 -0.857609000 2.070700000
v 1.050000000 -0.857609000 2.070700000
v 1.050000000 -0.860505000 2.113398000
v 1.050000000 -0.866344000 2.108160000
v 1.050000000 -0.857609000 2.070700000
v 1.050000000 -0.866344000 2.108160000
v 1.050000000 -0.871184000 2.101988000
v 1.050000000 -0.840903000 2.037765000
v 1.050000000 -0.843678000 2.036038000
v 1.050000000 -0.502178000 1.821905000
v 1.050000000 -0.502178000 1.821905000
v 1.050000000 -0.843678000 2.036038000
v 1.050000000 -0.846711000 2.034819000
v 1.050000000 -0.502178000 1.821905000
v 1.050000000 -0.846711000 2.034819000
v 1.050000000 -0.874692000 1.980832000
v 1.050000000 -0.874692000 1.980832000
v 1.050000000 -0.846711000 2.034819000
v 1.050000000 -0.849909000 2.034145000
v 1.050000000 -0.849909000 2.034145000
v 1.050000000 -0.853175000 2.034037000
v 1.050000000 -0.874692000 1.980832000
v 1.050000000 -0.874692000 1.980832000
v 1.050000000 -0.853175000 2.034037000
v 1.050000000 -0.856411000 2.034498000
v 1.050000000 -0.874692000 1.980832000
v 1.050000000 -0.856411000 2.034498000
v 1.050000000 -0.881612000 1.984527000
v 1.050000000 -0.881612000 1.984527000
v 1.050000000 -0.856411000 2.034498000
v 1.050000000 -0.859518000 2.035513000
v 1.050000000 -0.881612000 1.984527000
v 1.050000000 -0.859518000 2.035513000
v 1.050000000 -0.887784000 1.989368000
v 1.050000000 -0.887784000 1.989368000
v 1.050000000 -0.859518000 2.035513000
v 1.050000000 -0.862401000 2.037053000
v 1.050000000 -0.870101000 2.047310000
v 1.050000000 -0.898424000 2.039881000
v 1.050000000 -0.868882000 2.044278000
v 1.050000000 -0.868882000 2.044278000
v 1.050000000 -0.898424000 2.039881000
v 1.050000000 -0.900862000 2.032426000
v 1.050000000 -0.868882000 2.044278000
v 1.050000000 -0.900862000 2.032426000
v 1.050000000 -0.901968000 2.024660000
v 1.050000000 -0.901968000 2.024660000
v 1.050000000 -0.901708000 2.016820000
v 1.050000000 -0.867155000 2.041503000
v 1.050000000 -0.867155000 2.041503000
v 1.050000000 -0.901708000 2.016820000
v 1.050000000 -0.900091000 2.009145000
v 1.050000000 -0.867155000 2.041503000
v 1.050000000 -0.900091000 2.009145000
v 1.050000000 -0.864972000 2.039070000
v 1.050000000 -0.864972000 2.039070000
v 1.050000000 -0.900091000 2.009145000
v 1.050000000 -0.897166000 2.001867000
v 1.050000000 -0.864972000 2.039070000
v 1.050000000 -0.897166000 2.001867000
v 1.050000000 -0.862401000 2.037053000
v 1.050000000 -0.862401000 2.037053000
v 1.050000000 -0.897166000 2.001867000
v 1.050000000 -0.893022000 1.995207000
v 1.050000000 -0.862401000 2.037053000
v 1.050000000 -0.893022000 1.995207000
v 1.050000000 -0.887784000 1.989368000
v -0.450000000 -0.443316000 1.959873000
v 1.050000000 -0.443316000 1.959873000
v -0.450000000 -0.502178000 1.821905000
v -0.450000000 -0.502178000 1.821905000
v 1.050000000 -0.443316000 1.959873000
v 1.050000000 -0.502178000 1.821905000
v -0.450000000 -0.865849000 2.065572000
v -0.450000000 -0.867866000 2.063000000
v -0.450000000 -0.874880000 2.095069000
v -0.450000000 -0.874880000 2.095069000
v -0.450000000 -0.867866000 2.063000000
v -0.450000000 -0.898424000 2.039881000
v -0.450000000 -0.867866000 2.063000000
v -0.450000000 -0.869406000 2.060117000
v -0.450000000 -0.898424000 2.039881000
v -0.450000000 -0.898424000 2.039881000
v -0.450000000 -0.869406000 2.060117000
v -0.450000000 -0.870422000 2.057011000
v -0.450000000 -0.898424000 2.039881000
v -0.450000000 -0.870422000 2.057011000
v -0.450000000 -0.870882000 2.053775000
v -0.450000000 -0.843678000 2.036038000
v -0.450000000 -0.840903000 2.037765000
v -0.450000000 -0.502178000 1.821905000
v -0.450000000 -0.833545000 2.055011000
v -0.450000000 -0.443316000 1.959873000
v -0.450000000 -0.833437000 2.051744000
v -0.450000000 -0.833437000 2.051744000
v -0.450000000 -0.443316000 1.959873000
v -0.450000000 -0.833898000 2.048508000
v -0.450000000 -0.854411000 2.071374000
v -0.450000000 -0.853845000 2.117543000
v -0.450000000 -0.851144000 2.071482000
v -0.450000000 -0.851144000 2.071482000
v -0.450000000 -0.853845000 2.117543000
v -0.450000000 -0.846567000 2.120468000
v -0.450000000 -0.851144000 2.071482000
v -0.450000000 -0.846567000 2.120468000
v -0.450000000 -0.847909000 2.071021000
v -0.450000000 -0.857609000 2.070700000
v -0.450000000 -0.860642000 2.069481000
v -0.450000000 -0.874880000 2.095069000
v -0.450000000 -0.874880000 2.095069000
v -0.450000000 -0.860642000 2.069481000
v -0.450000000 -0.863416000 2.067755000
v -0.450000000 -0.874880000 2.095069000
v -0.450000000 -0.863416000 2.067755000
v -0.450000000 -0.865849000 2.065572000
v -0.450000000 -0.859518000 2.035513000
v -0.450000000 -0.856411000 2.034498000
v -0.450000000 -0.874692000 1.980832000
v -0.450000000 -0.840903000 2.037765000
v -0.450000000 -0.838470000 2.039947000
v -0.450000000 -0.502178000 1.821905000
v -0.450000000 -0.502178000 1.821905000
v -0.450000000 -0.838470000 2.039947000
v -0.450000000 -0.836453000 2.042519000
v -0.450000000 -0.502178000 1.821905000
v -0.450000000 -0.836453000 2.042519000
v -0.450000000 -0.443316000 1.959873000
v -0.450000000 -0.443316000 1.959873000
v -0.450000000 -0.836453000 2.042519000
v -0.450000000 -0.834914000 2.045402000
v -0.450000000 -0.443316000 1.959873000
v -0.450000000 -0.834914000 2.045402000
v -0.450000000 -0.833898000 2.048508000
v -0.450000000 -0.874880000 2.095069000
v -0.450000000 -0.871184000 2.101988000
v -0.450000000 -0.857609000 2.070700000
v -0.450000000 -0.857609000 2.070700000
v -0.450000000 -0.871184000 2.101988000
v -0.450000000 -0.866344000 2.108160000
v -0.450000000 -0.857609000 2.070700000
v -0.450000000 -0.866344000 2.108160000
v -0.450000000 -0.854411000 2.071374000
v -0.450000000 -0.854411000 2.071374000
v -0.450000000 -0.866344000 2.108160000
v -0.450000000 -0.860505000 2.113398000
v -0.450000000 -0.854411000 2.071374000
v -0.450000000 -0.860505000 2.113398000
v -0.450000000 -0.853845000 2.117543000
v -0.450000000 -0.870882000 2.053775000
v -0.450000000 -0.870774000 2.050508000
v -0.450000000 -0.898424000 2.039881000
v -0.450000000 -0.898424000 2.039881000
v -0.450000000 -0.870774000 2.050508000
v -0.450000000 -0.870101000 2.047310000
v -0.450000000 -0.898424000 2.039881000
v -0.450000000 -0.870101000 2.047310000
v -0.450000000 -0.900862000 2.032426000
v -0.450000000 -0.900862000 2.032426000
v -0.450000000 -0.870101000 2.047310000
v -0.450000000 -0.868882000 2.044278000
v -0.450000000 -0.833545000 2.055011000
v -0.450000000 -0.834219000 2.058209000
v -0.450000000 -0.443316000 1.959873000
v -0.450000000 -0.443316000 1.959873000
v -0.450000000 -0.834219000 2.058209000
v -0.450000000 -0.835438000 2.061241000
v -0.450000000 -0.443316000 1.959873000
v -0.450000000 -0.835438000 2.061241000
v -0.450000000 -0.815831000 2.118801000
v -0.450000000 -0.815831000 2.118801000
v -0.450000000 -0.835438000 2.061241000
v -0.450000000 -0.837165000 2.064016000
v -0.450000000 -0.846567000 2.120468000
v -0.450000000 -0.838892000 2.122085000
v -0.450000000 -0.847909000 2.071021000
v -0.450000000 -0.847909000 2.071021000
v -0.450000000 -0.838892000 2.122085000
v -0.450000000 -0.831052000 2.122344000
v -0.450000000 -0.847909000 2.071021000
v -0.450000000 -0.831052000 2.122344000
v -0.450000000 -0.844802000 2.070006000
v -0.450000000 -0.844802000 2.070006000
v -0.450000000 -0.831052000 2.122344000
v -0.450000000 -0.823286000 2.121238000
v -0.450000000 -0.844802000 2.070006000
v -0.450000000 -0.823286000 2.121238000
v -0.450000000 -0.841919000 2.068466000
v -0.450000000 -0.841919000 2.068466000
v -0.450000000 -0.823286000 2.121238000
v -0.450000000 -0.815831000 2.118801000
v -0.450000000 -0.841919000 2.068466000
v -0.450000000 -0.815831000 2.118801000
v -0.450000000 -0.839347000 2.066449000
v -0.450000000 -0.839347000 2.066449000
v -0.450000000 -0.815831000 2.118801000
v -0.450000000 -0.837165000 2.064016000
v -0.450000000 -0.864972000 2.039070000
v -0.450000000 -0.900091000 2.009145000
v -0.450000000 -0.867155000 2.041503000
v -0.450000000 -0.867155000 2.041503000
v -0.450000000 -0.900091000 2.009145000
v -0.450000000 -0.901708000 2.016820000
v -0.450000000 -0.867155000 2.041503000
v -0.450000000 -0.901708000 2.016820000
v -0.450000000 -0.868882000 2.044278000
v -0.450000000 -0.868882000 2.044278000
v -0.450000000 -0.901708000 2.016820000
v -0.450000000 -0.901968000 2.024660000
v -0.450000000 -0.868882000 2.044278000
v -0.450000000 -0.901968000 2.024660000
v -0.450000000 -0.900862000 2.032426000
v -0.450000000 -0.874692000 1.980832000
v -0.450000000 -0.881612000 1.984527000
v -0.450000000 -0.859518000 2.035513000
v -0.450000000 -0.859518000 2.035513000
v -0.450000000 -0.881612000 1.984527000
v -0.450000000 -0.887784000 1.989368000
v -0.450000000 -0.859518000 2.035513000
v -0.450000000 -0.887784000 1.989368000
v -0.450000000 -0.862401000 2.037053000
v -0.450000000 -0.862401000 2.037053000
v -0.450000000 -0.887784000 1.989368000
v -0.450000000 -0.893022000 1.995207000
v -0.450000000 -0.862401000 2.037053000
v -0.450000000 -0.893022000 1.995207000
v -0.450000000 -0.864972000 2.039070000
v -0.450000000 -0.864972000 2.039070000
v -0.450000000 -0.893022000 1.995207000
v -0.450000000 -0.897166000 2.001867000
v -0.450000000 -0.864972000 2.039070000
v -0.450000000 -0.897166000 2.001867000
v -0.450000000 -0.900091000 2.009145000
v -0.450000000 -0.856411000 2.034498000
v -0.450000000 -0.853175000 2.034037000
v -0.450000000 -0.874692000 1.980832000
v -0.450000000 -0.874692000 1.980832000
v -0.450000000 -0.853175000 2.034037000
v -0.450000000 -0.849909000 2.034145000
v -0.450000000 -0.874692000 1.980832000
v -0.450000000 -0.849909000 2.034145000
v -0.450000000 -0.502178000 1.821905000
v -0.450000000 -0.502178000 1.821905000
v -0.450000000 -0.849909000 2.034145000
v -0.450000000 -0.846711000 2.034819000
v -0.450000000 -0.502178000 1.821905000
v -0.450000000 -0.846711000 2.034819000
v -0.450000000 -0.843678000 2.036038000
v -0.600000000 -0.898424000 2.039881000
v -0.600000000 -0.874880000 2.095069000
v -0.450000000 -0.898424000 2.039881000
v -0.450000000 -0.898424000 2.039881000
v -0.600000000 -0.874880000 2.095069000
v -0.450000000 -0.874880000 2.095069000
v -0.600000000 1.171101000 1.156953000
v -0.600000000 1.194646000 1.212140000
v -0.600000000 1.131136000 1.206620000
v -0.600000000 -0.870882000 2.053775000
v -0.600000000 -0.870422000 2.057011000
v -0.600000000 -0.898424000 2.039881000
v -0.600000000 -0.898424000 2.039881000
v -0.600000000 -0.870422000 2.057011000
v -0.600000000 -0.874880000 2.095069000
v -0.600000000 1.139754000 1.130746000
v -0.600000000 1.146492000 1.132857000
v -0.600000000 1.119339000 1.196037000
v -0.600000000 1.119339000 1.196037000
v -0.600000000 1.146492000 1.132857000
v -0.600000000 1.122371000 1.197255000
v -0.600000000 -0.843678000 2.036038000
v -0.600000000 -0.846711000 2.034819000
v -0.600000000 -0.874692000 1.980832000
v -0.600000000 -0.874692000 1.980832000
v -0.600000000 -0.846711000 2.034819000
v -0.600000000 -0.849909000 2.034145000
v -0.600000000 -0.833545000 2.055011000
v -0.600000000 -0.833437000 2.051744000
v -0.600000000 1.103649000 1.198271000
v -0.600000000 -0.833545000 2.055011000
v -0.600000000 1.103649000 1.198271000
v -0.600000000 -0.834219000 2.058209000
v -0.600000000 1.139754000 1.130746000
v -0.600000000 1.119339000 1.196037000
v -0.600000000 1.132768000 1.129715000
v -0.600000000 1.132768000 1.129715000
v -0.600000000 1.119339000 1.196037000
v -0.600000000 1.116141000 1.195363000
v -0.600000000 1.132768000 1.129715000
v -0.600000000 1.116141000 1.195363000
v -0.600000000 1.125707000 1.129790000
v -0.600000000 1.125707000 1.129790000
v -0.600000000 1.116141000 1.195363000
v -0.600000000 1.118745000 1.130968000
v -0.600000000 1.118745000 1.130968000
v -0.600000000 1.116141000 1.195363000
v -0.600000000 1.112874000 1.195255000
v -0.600000000 1.118745000 1.130968000
v -0.600000000 1.112874000 1.195255000
v -0.600000000 1.112052000 1.133221000
v -0.600000000 1.112052000 1.133221000
v -0.600000000 1.112874000 1.195255000
v -0.600000000 1.109638000 1.195716000
v -0.600000000 1.112052000 1.133221000
v -0.600000000 1.109638000 1.195716000
v -0.600000000 1.106532000 1.196731000
v -0.600000000 -0.862401000 2.037053000
v -0.600000000 -0.887784000 1.989368000
v -0.600000000 -0.859518000 2.035513000
v -0.600000000 -0.859518000 2.035513000
v -0.600000000 -0.887784000 1.989368000
v -0.600000000 -0.881612000 1.984527000
v -0.600000000 -0.859518000 2.035513000
v -0.600000000 -0.881612000 1.984527000
v -0.600000000 -0.856411000 2.034498000
v -0.600000000 -0.856411000 2.034498000
v -0.600000000 -0.881612000 1.984527000
v -0.600000000 -0.874692000 1.980832000
v -0.600000000 -0.856411000 2.034498000
v -0.600000000 -0.874692000 1.980832000
v -0.600000000 -0.853175000 2.034037000
v -0.600000000 -0.853175000 2.034037000
v -0.600000000 -0.874692000 1.980832000
v -0.600000000 -0.849909000 2.034145000
v -0.600000000 1.103649000 1.198271000
v -0.600000000 -0.841919000 2.068466000
v -0.600000000 -0.839347000 2.066449000
v -0.600000000 1.131136000 1.206620000
v -0.600000000 1.129596000 1.203737000
v -0.600000000 1.171101000 1.156953000
v -0.600000000 1.171101000 1.156953000
v -0.600000000 1.129596000 1.203737000
v -0.600000000 1.127579000 1.201165000
v -0.600000000 1.171101000 1.156953000
v -0.600000000 1.127579000 1.201165000
v -0.600000000 1.167830000 1.150695000
v -0.600000000 1.167830000 1.150695000
v -0.600000000 1.127579000 1.201165000
v -0.600000000 1.125146000 1.198982000
v -0.600000000 1.146492000 1.132857000
v -0.600000000 1.152817000 1.135996000
v -0.600000000 1.122371000 1.197255000
v -0.600000000 1.122371000 1.197255000
v -0.600000000 1.152817000 1.135996000
v -0.600000000 1.158573000 1.140086000
v -0.600000000 1.122371000 1.197255000
v -0.600000000 1.158573000 1.140086000
v -0.600000000 1.125146000 1.198982000
v -0.600000000 1.125146000 1.198982000
v -0.600000000 1.158573000 1.140086000
v -0.600000000 1.163619000 1.145027000
v -0.600000000 1.125146000 1.198982000
v -0.600000000 1.163619000 1.145027000
v -0.600000000 1.167830000 1.150695000
v -0.600000000 -0.833437000 2.051744000
v -0.600000000 -0.833898000 2.048508000
v -0.600000000 1.103649000 1.198271000
v -0.600000000 1.103649000 1.198271000
v -0.600000000 -0.833898000 2.048508000
v -0.600000000 -0.834914000 2.045402000
v -0.600000000 1.103649000 1.198271000
v -0.600000000 -0.834914000 2.045402000
v -0.600000000 1.106532000 1.196731000
v -0.600000000 1.106532000 1.196731000
v -0.600000000 -0.834914000 2.045402000
v -0.600000000 -0.836453000 2.042519000
v -0.600000000 1.106532000 1.196731000
v -0.600000000 -0.836453000 2.042519000
v -0.600000000 1.112052000 1.133221000
v -0.600000000 1.112052000 1.133221000
v -0.600000000 -0.836453000 2.042519000
v -0.600000000 -0.838470000 2.039947000
v -0.600000000 1.112052000 1.133221000
v -0.600000000 -0.838470000 2.039947000
v -0.600000000 -0.874692000 1.980832000
v -0.600000000 -0.874692000 1.980832000
v -0.600000000 -0.838470000 2.039947000
v -0.600000000 -0.840903000 2.037765000
v -0.600000000 -0.874692000 1.980832000
v -0.600000000 -0.840903000 2.037765000
v -0.600000000 -0.843678000 2.036038000
v -0.600000000 -0.839347000 2.066449000
v -0.600000000 -0.837165000 2.064016000
v -0.600000000 1.103649000 1.198271000
v -0.600000000 1.103649000 1.198271000
v -0.600000000 -0.837165000 2.064016000
v -0.600000000 -0.835438000 2.061241000
v -0.600000000 1.103649000 1.198271000
v -0.600000000 -0.835438000 2.061241000
v -0.600000000 -0.834219000 2.058209000
v -0.600000000 -0.867155000 2.041503000
v -0.600000000 -0.900091000 2.009145000
v -0.600000000 -0.864972000 2.039070000
v -0.600000000 -0.864972000 2.039070000
v -0.600000000 -0.900091000 2.009145000
v -0.600000000 -0.897166000 2.001867000
v -0.600000000 -0.864972000 2.039070000
v -0.600000000 -0.897166000 2.001867000
v -0.600000000 -0.862401000 2.037053000
v -0.600000000 -0.862401000 2.037053000
v -0.600000000 -0.897166000 2.001867000
v -0.600000000 -0.893022000 1.995207000
v -0.600000000 -0.862401000 2.037053000
v -0.600000000 -0.893022000 1.995207000
v -0.600000000 -0.887784000 1.989368000
v -0.600000000 -0.868882000 2.044278000
v -0.600000000 -0.870101000 2.047310000
v -0.600000000 -0.898424000 2.039881000
v -0.600000000 -0.898424000 2.039881000
v -0.600000000 -0.870101000 2.047310000
v -0.600000000 -0.870774000 2.050508000
v -0.600000000 -0.898424000 2.039881000
v -0.600000000 -0.870774000 2.050508000
v -0.600000000 -0.870882000 2.053775000
v -0.600000000 1.098894000 1.202721000
v -0.600000000 1.097168000 1.205496000
v -0.600000000 -0.844802000 2.070006000
v -0.600000000 -0.870422000 2.057011000
v -0.600000000 -0.869406000 2.060117000
v -0.600000000 -0.874880000 2.095069000
v -0.600000000 -0.874880000 2.095069000
v -0.600000000 -0.869406000 2.060117000
v -0.600000000 -0.867866000 2.063000000
v -0.600000000 -0.874880000 2.095069000
v -0.600000000 -0.867866000 2.063000000
v -0.600000000 -0.865849000 2.065572000
v -0.600000000 1.111639000 1.232592000
v -0.600000000 1.114905000 1.232700000
v -0.600000000 1.182840000 1.263707000
v -0.600000000 -0.898424000 2.039881000
v -0.600000000 -0.900862000 2.032426000
v -0.600000000 -0.868882000 2.044278000
v -0.600000000 -0.868882000 2.044278000
v -0.600000000 -0.900862000 2.032426000
v -0.600000000 -0.901968000 2.024660000
v -0.600000000 -0.868882000 2.044278000
v -0.600000000 -0.901968000 2.024660000
v -0.600000000 -0.867155000 2.041503000
v -0.600000000 -0.867155000 2.041503000
v -0.600000000 -0.901968000 2.024660000
v -0.600000000 -0.901708000 2.016820000
v -0.600000000 -0.867155000 2.041503000
v -0.600000000 -0.901708000 2.016820000
v -0.600000000 -0.900091000 2.009145000
v -0.600000000 -0.841919000 2.068466000
v -0.600000000 1.103649000 1.198271000
v -0.600000000 -0.844802000 2.070006000
v -0.600000000 -0.844802000 2.070006000
v -0.600000000 1.103649000 1.198271000
v -0.600000000 1.101077000 1.200288000
v -0.600000000 -0.844802000 2.070006000
v -0.600000000 1.101077000 1.200288000
v -0.600000000 1.098894000 1.202721000
v -0.600000000 1.097168000 1.205496000
v -0.600000000 1.095949000 1.208528000
v -0.600000000 -0.844802000 2.070006000
v -0.600000000 -0.844802000 2.070006000
v -0.600000000 1.095949000 1.208528000
v -0.600000000 1.095275000 1.211726000
v -0.600000000 -0.844802000 2.070006000
v -0.600000000 1.095275000 1.211726000
v -0.600000000 1.095167000 1.214993000
v -0.600000000 1.198077000 1.225795000
v -0.600000000 1.198152000 1.232856000
v -0.600000000 1.132504000 1.216228000
v -0.600000000 1.132504000 1.216228000
v -0.600000000 1.198152000 1.232856000
v -0.600000000 1.131830000 1.219427000
v -0.600000000 1.198077000 1.225795000
v -0.600000000 1.132504000 1.216228000
v -0.600000000 1.196899000 1.218832000
v -0.600000000 1.196899000 1.218832000
v -0.600000000 1.132504000 1.216228000
v -0.600000000 1.132612000 1.212962000
v -0.600000000 1.196899000 1.218832000
v -0.600000000 1.132612000 1.212962000
v -0.600000000 1.194646000 1.212140000
v -0.600000000 1.194646000 1.212140000
v -0.600000000 1.132612000 1.212962000
v -0.600000000 1.132151000 1.209726000
v -0.600000000 1.194646000 1.212140000
v -0.600000000 1.132151000 1.209726000
v -0.600000000 1.131136000 1.206620000
v -0.600000000 -0.865849000 2.065572000
v -0.600000000 -0.863416000 2.067755000
v -0.600000000 -0.874880000 2.095069000
v -0.600000000 -0.874880000 2.095069000
v -0.600000000 -0.863416000 2.067755000
v -0.600000000 -0.860642000 2.069481000
v -0.600000000 -0.874880000 2.095069000
v -0.600000000 -0.860642000 2.069481000
v -0.600000000 -0.871184000 2.101988000
v -0.600000000 -0.871184000 2.101988000
v -0.600000000 -0.860642000 2.069481000
v -0.600000000 -0.857609000 2.070700000
v -0.600000000 1.095167000 1.214993000
v -0.600000000 1.095628000 1.218229000
v -0.600000000 -0.844802000 2.070006000
v -0.600000000 -0.844802000 2.070006000
v -0.600000000 1.095628000 1.218229000
v -0.600000000 1.096644000 1.221335000
v -0.600000000 -0.844802000 2.070006000
v -0.600000000 1.096644000 1.221335000
v -0.600000000 -0.815831000 2.118801000
v -0.600000000 -0.815831000 2.118801000
v -0.600000000 1.096644000 1.221335000
v -0.600000000 1.098183000 1.224218000
v -0.600000000 -0.815831000 2.118801000
v -0.600000000 1.098183000 1.224218000
v -0.600000000 1.100200000 1.226790000
v -0.600000000 1.100200000 1.226790000
v -0.600000000 1.102633000 1.228972000
v -0.600000000 -0.815831000 2.118801000
v -0.600000000 -0.815831000 2.118801000
v -0.600000000 1.102633000 1.228972000
v -0.600000000 1.105408000 1.230699000
v -0.600000000 -0.815831000 2.118801000
v -0.600000000 1.105408000 1.230699000
v -0.600000000 1.170914000 1.271189000
v -0.600000000 1.170914000 1.271189000
v -0.600000000 1.105408000 1.230699000
v -0.600000000 1.177172000 1.267917000
v -0.600000000 1.177172000 1.267917000
v -0.600000000 1.105408000 1.230699000
v -0.600000000 1.182840000 1.263707000
v -0.600000000 1.182840000 1.263707000
v -0.600000000 1.105408000 1.230699000
v -0.600000000 1.108440000 1.231918000
v -0.600000000 1.182840000 1.263707000
v -0.600000000 1.108440000 1.231918000
v -0.600000000 1.111639000 1.232592000
v -0.600000000 -0.851144000 2.071482000
v -0.600000000 -0.853845000 2.117543000
v -0.600000000 -0.854411000 2.071374000
v -0.600000000 -0.854411000 2.071374000
v -0.600000000 -0.853845000 2.117543000
v -0.600000000 -0.860505000 2.113398000
v -0.600000000 -0.854411000 2.071374000
v -0.600000000 -0.860505000 2.113398000
v -0.600000000 -0.857609000 2.070700000
v -0.600000000 -0.857609000 2.070700000
v -0.600000000 -0.860505000 2.113398000
v -0.600000000 -0.866344000 2.108160000
v -0.600000000 -0.857609000 2.070700000
v -0.600000000 -0.866344000 2.108160000
v -0.600000000 -0.871184000 2.101988000
v -0.600000000 -0.815831000 2.118801000
v -0.600000000 -0.823286000 2.121238000
v -0.600000000 -0.844802000 2.070006000
v -0.600000000 -0.844802000 2.070006000
v -0.600000000 -0.823286000 2.121238000
v -0.600000000 -0.831052000 2.122344000
v -0.600000000 -0.844802000 2.070006000
v -0.600000000 -0.831052000 2.122344000
v -0.600000000 -0.847909000 2.071021000
v -0.600000000 -0.847909000 2.071021000
v -0.600000000 -0.831052000 2.122344000
v -0.600000000 -0.838892000 2.122085000
v -0.600000000 -0.847909000 2.071021000
v -0.600000000 -0.838892000 2.122085000
v -0.600000000 -0.851144000 2.071482000
v -0.600000000 -0.851144000 2.071482000
v -0.600000000 -0.838892000 2.122085000
v -0.600000000 -0.846567000 2.120468000
v -0.600000000 -0.851144000 2.071482000
v -0.600000000 -0.846567000 2.120468000
v -0.600000000 -0.853845000 2.117543000
v -0.600000000 1.114905000 1.232700000
v -0.600000000 1.118141000 1.232239000
v -0.600000000 1.182840000 1.263707000
v -0.600000000 1.182840000 1.263707000
v -0.600000000 1.118141000 1.232239000
v -0.600000000 1.121247000 1.231223000
v -0.600000000 1.182840000 1.263707000
v -0.600000000 1.121247000 1.231223000
v -0.600000000 1.124130000 1.229684000
v -0.600000000 1.124130000 1.229684000
v -0.600000000 1.126702000 1.227667000
v -0.600000000 1.182840000 1.263707000
v -0.600000000 1.182840000 1.263707000
v -0.600000000 1.126702000 1.227667000
v -0.600000000 1.128885000 1.225234000
v -0.600000000 1.182840000 1.263707000
v -0.600000000 1.128885000 1.225234000
v -0.600000000 1.187780000 1.258661000
v -0.600000000 1.187780000 1.258661000
v -0.600000000 1.128885000 1.225234000
v -0.600000000 1.130611000 1.222459000
v -0.600000000 1.198152000 1.232856000
v -0.600000000 1.197121000 1.239841000
v -0.600000000 1.131830000 1.219427000
v -0.600000000 1.131830000 1.219427000
v -0.600000000 1.197121000 1.239841000
v -0.600000000 1.195010000 1.246580000
v -0.600000000 1.131830000 1.219427000
v -0.600000000 1.195010000 1.246580000
v -0.600000000 1.130611000 1.222459000
v -0.600000000 1.130611000 1.222459000
v -0.600000000 1.195010000 1.246580000
v -0.600000000 1.191870000 1.252905000
v -0.600000000 1.130611000 1.222459000
v -0.600000000 1.191870000 1.252905000
v -0.600000000 1.187780000 1.258661000
v 1.050000000 0.615353000 1.508210000
v 1.050000000 -0.374332000 1.930443000
v 1.050000000 0.556491000 1.370242000
v 1.050000000 0.556491000 1.370242000
v 1.050000000 -0.374332000 1.930443000
v 1.050000000 -0.433194000 1.792474000
v -0.450000000 0.615353000 1.508210000
v 1.050000000 0.615353000 1.508210000
v -0.450000000 0.556491000 1.370242000
v -0.450000000 0.556491000 1.370242000
v 1.050000000 0.615353000 1.508210000
v 1.050000000 0.556491000 1.370242000
v -0.450000000 -0.374332000 1.930443000
v -0.450000000 0.615353000 1.508210000
v -0.450000000 -0.433194000 1.792474000
v -0.450000000 -0.433194000 1.792474000
v -0.450000000 0.615353000 1.508210000
v -0.450000000 0.556491000 1.370242000
v -0.450000000 1.171101000 1.156953000
v -0.450000000 1.194646000 1.212140000
v -0.600000000 1.171101000 1.156953000
v -0.600000000 1.171101000 1.156953000
v -0.450000000 1.194646000 1.212140000
v -0.600000000 1.194646000 1.212140000
v 1.050000000 -0.374332000 1.930443000
v -0.450000000 -0.374332000 1.930443000
v 1.050000000 -0.433194000 1.792474000
v 1.050000000 -0.433194000 1.792474000
v -0.450000000 -0.374332000 1.930443000
v -0.450000000 -0.433194000 1.792474000
v -0.450000000 0.867384000 1.400685000
v 1.050000000 0.867384000 1.400685000
v -0.450000000 0.808522000 1.262717000
v -0.450000000 0.808522000 1.262717000
v 1.050000000 0.867384000 1.400685000
v 1.050000000 0.808522000 1.262717000
v 1.050000000 0.615353000 1.508210000
v 1.200000000 1.170914000 1.271189000
v 1.200000000 -0.815831000 2.118801000
v 1.050000000 -0.443316000 1.959873000
v -0.450000000 -0.374332000 1.930443000
v 1.050000000 -0.374332000 1.930443000
v 1.050000000 0.936368000 1.371254000
v 1.050000000 1.170914000 1.271189000
v 1.200000000 1.170914000 1.271189000
v -0.450000000 -0.815831000 2.118801000
v -0.600000000 -0.815831000 2.118801000
v -0.450000000 -0.443316000 1.959873000
v -0.450000000 -0.443316000 1.959873000
v -0.600000000 -0.815831000 2.118801000
v -0.600000000 1.170914000 1.271189000
v 1.050000000 -0.815831000 2.118801000
v 1.050000000 -0.443316000 1.959873000
v 1.200000000 -0.815831000 2.118801000
v 1.200000000 -0.815831000 2.118801000
v 1.050000000 -0.443316000 1.959873000
v 1.050000000 -0.374332000 1.930443000
v 1.200000000 -0.815831000 2.118801000
v 1.050000000 -0.374332000 1.930443000
v 1.050000000 0.615353000 1.508210000
v -0.600000000 1.170914000 1.271189000
v -0.450000000 1.170914000 1.271189000
v -0.450000000 0.936368000 1.371254000
v -0.450000000 0.684337000 1.478779000
v -0.600000000 1.170914000 1.271189000
v -0.450000000 0.867384000 1.400685000
v -0.450000000 0.867384000 1.400685000
v -0.600000000 1.170914000 1.271189000
v -0.450000000 0.936368000 1.371254000
v -0.450000000 0.867384000 1.400685000
v -0.450000000 0.936368000 1.371254000
v 1.050000000 0.867384000 1.400685000
v -0.450000000 0.936368000 1.371254000
v 1.050000000 0.936368000 1.371254000
v 1.050000000 0.867384000 1.400685000
v 1.050000000 0.867384000 1.400685000
v 1.050000000 0.936368000 1.371254000
v 1.200000000 1.170914000 1.271189000
v 1.050000000 0.867384000 1.400685000
v 1.200000000 1.170914000 1.271189000
v 1.050000000 0.684337000 1.478779000
v 1.050000000 0.684337000 1.478779000
v 1.200000000 1.170914000 1.271189000
v 1.050000000 0.615353000 1.508210000
v 1.050000000 0.684337000 1.478779000
v 1.050000000 0.615353000 1.508210000
v -0.450000000 0.684337000 1.478779000
v -0.450000000 0.684337000 1.478779000
v 1.050000000 0.615353000 1.508210000
v -0.450000000 0.615353000 1.508210000
v -0.450000000 0.684337000 1.478779000
v -0.450000000 0.615353000 1.508210000
v -0.600000000 1.170914000 1.271189000
v -0.600000000 1.170914000 1.271189000
v -0.450000000 0.615353000 1.508210000
v -0.450000000 -0.374332000 1.930443000
v -0.600000000 1.170914000 1.271189000
v -0.450000000 -0.374332000 1.930443000
v -0.450000000 -0.443316000 1.959873000
v -0.450000000 -0.443316000 1.959873000
v -0.450000000 -0.374332000 1.930443000
v 1.050000000 -0.443316000 1.959873000
v 1.200000000 -0.874692000 1.980832000
v 1.200000000 1.112052000 1.133221000
v 1.050000000 0.877506000 1.233286000
v 1.050000000 0.877506000 1.233286000
v 1.200000000 1.112052000 1.133221000
v 1.050000000 1.112052000 1.133221000
v -0.450000000 0.808522000 1.262717000
v -0.600000000 1.112052000 1.133221000
v -0.450000000 0.625475000 1.340811000
v -0.450000000 0.625475000 1.340811000
v -0.600000000 1.112052000 1.133221000
v -0.600000000 -0.874692000 1.980832000
v 1.050000000 0.556491000 1.370242000
v 1.050000000 -0.433194000 1.792474000
v 1.200000000 -0.874692000 1.980832000
v -0.450000000 0.556491000 1.370242000
v 1.050000000 0.556491000 1.370242000
v 1.050000000 0.625475000 1.340811000
v 1.050000000 0.625475000 1.340811000
v 1.050000000 0.556491000 1.370242000
v 1.200000000 -0.874692000 1.980832000
v 1.050000000 0.625475000 1.340811000
v 1.200000000 -0.874692000 1.980832000
v 1.050000000 0.808522000 1.262717000
v 1.050000000 0.808522000 1.262717000
v 1.200000000 -0.874692000 1.980832000
v 1.050000000 0.877506000 1.233286000
v 1.050000000 0.808522000 1.262717000
v 1.050000000 0.877506000 1.233286000
v -0.450000000 0.808522000 1.262717000
v -0.450000000 0.808522000 1.262717000
v 1.050000000 0.877506000 1.233286000
v -0.450000000 0.877506000 1.233286000
v -0.450000000 0.808522000 1.262717000
v -0.450000000 0.877506000 1.233286000
v -0.600000000 1.112052000 1.133221000
v -0.600000000 1.112052000 1.133221000
v -0.450000000 0.877506000 1.233286000
v -0.450000000 1.112052000 1.133221000
v -0.600000000 -0.874692000 1.980832000
v -0.450000000 -0.874692000 1.980832000
v -0.450000000 -0.502178000 1.821905000
v 1.050000000 -0.874692000 1.980832000
v 1.200000000 -0.874692000 1.980832000
v 1.050000000 -0.502178000 1.821905000
v 1.050000000 -0.502178000 1.821905000
v 1.200000000 -0.874692000 1.980832000
v 1.050000000 -0.433194000 1.792474000
v 1.050000000 -0.502178000 1.821905000
v 1.050000000 -0.433194000 1.792474000
v -0.450000000 -0.502178000 1.821905000
v -0.450000000 -0.502178000 1.821905000
v 1.050000000 -0.433194000 1.792474000
v -0.450000000 -0.433194000 1.792474000
v -0.450000000 -0.502178000 1.821905000
v -0.450000000 -0.433194000 1.792474000
v -0.600000000 -0.874692000 1.980832000
v -0.600000000 -0.874692000 1.980832000
v -0.450000000 -0.433194000 1.792474000
v -0.450000000 0.556491000 1.370242000
v -0.600000000 -0.874692000 1.980832000
v -0.450000000 0.556491000 1.370242000
v -0.450000000 0.625475000 1.340811000
v -0.450000000 0.625475000 1.340811000
v -0.450000000 0.556491000 1.370242000
v 1.050000000 0.625475000 1.340811000
v -0.600000000 -0.869406000 2.060117000
v -0.450000000 -0.869406000 2.060117000
v -0.600000000 -0.867866000 2.063000000
v -0.600000000 -0.867866000 2.063000000
v -0.450000000 -0.869406000 2.060117000
v -0.450000000 -0.867866000 2.063000000
v -0.600000000 -0.867866000 2.063000000
v -0.450000000 -0.867866000 2.063000000
v -0.600000000 -0.865849000 2.065572000
v -0.600000000 -0.865849000 2.065572000
v -0.450000000 -0.867866000 2.063000000
v -0.450000000 -0.865849000 2.065572000
v -0.600000000 -0.865849000 2.065572000
v -0.450000000 -0.865849000 2.065572000
v -0.600000000 -0.863416000 2.067755000
v -0.600000000 -0.863416000 2.067755000
v -0.450000000 -0.865849000 2.065572000
v -0.450000000 -0.863416000 2.067755000
v -0.600000000 -0.863416000 2.067755000
v -0.450000000 -0.863416000 2.067755000
v -0.600000000 -0.860642000 2.069481000
v -0.600000000 -0.860642000 2.069481000
v -0.450000000 -0.863416000 2.067755000
v -0.450000000 -0.860642000 2.069481000
v -0.600000000 -0.860642000 2.069481000
v -0.450000000 -0.860642000 2.069481000
v -0.600000000 -0.857609000 2.070700000
v -0.600000000 -0.857609000 2.070700000
v -0.450000000 -0.860642000 2.069481000
v -0.450000000 -0.857609000 2.070700000
v -0.600000000 -0.857609000 2.070700000
v -0.450000000 -0.857609000 2.070700000
v -0.600000000 -0.854411000 2.071374000
v -0.600000000 -0.854411000 2.071374000
v -0.450000000 -0.857609000 2.070700000
v -0.450000000 -0.854411000 2.071374000
v -0.600000000 -0.854411000 2.071374000
v -0.450000000 -0.854411000 2.071374000
v -0.600000000 -0.851144000 2.071482000
v -0.600000000 -0.851144000 2.071482000
v -0.450000000 -0.854411000 2.071374000
v -0.450000000 -0.851144000 2.071482000
v -0.600000000 -0.851144000 2.071482000
v -0.450000000 -0.851144000 2.071482000
v -0.600000000 -0.847909000 2.071021000
v -0.600000000 -0.847909000 2.071021000
v -0.450000000 -0.851144000 2.071482000
v -0.450000000 -0.847909000 2.071021000
v -0.600000000 -0.847909000 2.071021000
v -0.450000000 -0.847909000 2.071021000
v -0.600000000 -0.844802000 2.070006000
v -0.600000000 -0.844802000 2.070006000
v -0.450000000 -0.847909000 2.071021000
v -0.450000000 -0.844802000 2.070006000
v -0.600000000 -0.844802000 2.070006000
v -0.450000000 -0.844802000 2.070006000
v -0.600000000 -0.841919000 2.068466000
v -0.600000000 -0.841919000 2.068466000
v -0.450000000 -0.844802000 2.070006000
v -0.450000000 -0.841919000 2.068466000
v -0.600000000 -0.841919000 2.068466000
v -0.450000000 -0.841919000 2.068466000
v -0.600000000 -0.839347000 2.066449000
v -0.600000000 -0.839347000 2.066449000
v -0.450000000 -0.841919000 2.068466000
v -0.450000000 -0.839347000 2.066449000
v -0.600000000 -0.839347000 2.066449000
v -0.450000000 -0.839347000 2.066449000
v -0.600000000 -0.837165000 2.064016000
v -0.600000000 -0.837165000 2.064016000
v -0.450000000 -0.839347000 2.066449000
v -0.450000000 -0.837165000 2.064016000
v -0.600000000 -0.837165000 2.064016000
v -0.450000000 -0.837165000 2.064016000
v -0.600000000 -0.835438000 2.061241000
v -0.600000000 -0.835438000 2.061241000
v -0.450000000 -0.837165000 2.064016000
v -0.450000000 -0.835438000 2.061241000
v -0.600000000 -0.835438000 2.061241000
v -0.450000000 -0.835438000 2.061241000
v -0.600000000 -0.834219000 2.058209000
v -0.600000000 -0.834219000 2.058209000
v -0.450000000 -0.835438000 2.061241000
v -0.450000000 -0.834219000 2.058209000
v -0.600000000 -0.834219000 2.058209000
v -0.450000000 -0.834219000 2.058209000
v -0.600000000 -0.833545000 2.055011000
v -0.600000000 -0.833545000 2.055011000
v -0.450000000 -0.834219000 2.058209000
v -0.450000000 -0.833545000 2.055011000
v -0.600000000 -0.833545000 2.055011000
v -0.450000000 -0.833545000 2.055011000
v -0.600000000 -0.833437000 2.051744000
v -0.600000000 -0.833437000 2.051744000
v -0.450000000 -0.833545000 2.055011000
v -0.450000000 -0.833437000 2.051744000
v -0.600000000 -0.833437000 2.051744000
v -0.450000000 -0.833437000 2.051744000
v -0.600000000 -0.833898000 2.048508000
v -0.600000000 -0.833898000 2.048508000
v -0.450000000 -0.833437000 2.051744000
v -0.450000000 -0.833898000 2.048508000
v -0.600000000 -0.833898000 2.048508000
v -0.450000000 -0.833898000 2.048508000
v -0.600000000 -0.834914000 2.045402000
v -0.600000000 -0.834914000 2.045402000
v -0.450000000 -0.833898000 2.048508000
v -0.450000000 -0.834914000 2.045402000
v -0.600000000 -0.834914000 2.045402000
v -0.450000000 -0.834914000 2.045402000
v -0.600000000 -0.836453000 2.042519000
v -0.600000000 -0.836453000 2.042519000
v -0.450000000 -0.834914000 2.045402000
v -0.450000000 -0.836453000 2.042519000
v -0.600000000 -0.836453000 2.042519000
v -0.450000000 -0.836453000 2.042519000
v -0.600000000 -0.838470000 2.039947000
v -0.600000000 -0.838470000 2.039947000
v -0.450000000 -0.836453000 2.042519000
v -0.450000000 -0.838470000 2.039947000
v -0.600000000 -0.838470000 2.039947000
v -0.450000000 -0.838470000 2.039947000
v -0.600000000 -0.840903000 2.037765000
v -0.600000000 -0.840903000 2.037765000
v -0.450000000 -0.838470000 2.039947000
v -0.450000000 -0.840903000 2.037765000
v -0.600000000 -0.840903000 2.037765000
v -0.450000000 -0.840903000 2.037765000
v -0.600000000 -0.843678000 2.036038000
v -0.600000000 -0.843678000 2.036038000
v -0.450000000 -0.840903000 2.037765000
v -0.450000000 -0.843678000 2.036038000
v -0.600000000 -0.843678000 2.036038000
v -0.450000000 -0.843678000 2.036038000
v -0.600000000 -0.846711000 2.034819000
v -0.600000000 -0.846711000 2.034819000
v -0.450000000 -0.843678000 2.036038000
v -0.450000000 -0.846711000 2.034819000
v -0.600000000 -0.846711000 2.034819000
v -0.450000000 -0.846711000 2.034819000
v -0.600000000 -0.849909000 2.034145000
v -0.600000000 -0.849909000 2.034145000
v -0.450000000 -0.846711000 2.034819000
v -0.450000000 -0.849909000 2.034145000
v -0.600000000 -0.849909000 2.034145000
v -0.450000000 -0.849909000 2.034145000
v -0.600000000 -0.853175000 2.034037000
v -0.600000000 -0.853175000 2.034037000
v -0.450000000 -0.849909000 2.034145000
v -0.450000000 -0.853175000 2.034037000
v -0.600000000 -0.853175000 2.034037000
v -0.450000000 -0.853175000 2.034037000
v -0.600000000 -0.856411000 2.034498000
v -0.600000000 -0.856411000 2.034498000
v -0.450000000 -0.853175000 2.034037000
v -0.450000000 -0.856411000 2.034498000
v -0.600000000 -0.856411000 2.034498000
v -0.450000000 -0.856411000 2.034498000
v -0.600000000 -0.859518000 2.035513000
v -0.600000000 -0.859518000 2.035513000
v -0.450000000 -0.856411000 2.034498000
v -0.450000000 -0.859518000 2.035513000
v -0.600000000 -0.859518000 2.035513000
v -0.450000000 -0.859518000 2.035513000
v -0.600000000 -0.862401000 2.037053000
v -0.600000000 -0.862401000 2.037053000
v -0.450000000 -0.859518000 2.035513000
v -0.450000000 -0.862401000 2.037053000
v -0.600000000 -0.862401000 2.037053000
v -0.450000000 -0.862401000 2.037053000
v -0.600000000 -0.864972000 2.039070000
v -0.600000000 -0.864972000 2.039070000
v -0.450000000 -0.862401000 2.037053000
v -0.450000000 -0.864972000 2.039070000
v -0.600000000 -0.864972000 2.039070000
v -0.450000000 -0.864972000 2.039070000
v -0.600000000 -0.867155000 2.041503000
v -0.600000000 -0.867155000 2.041503000
v -0.450000000 -0.864972000 2.039070000
v -0.450000000 -0.867155000 2.041503000
v -0.600000000 -0.867155000 2.041503000
v -0.450000000 -0.867155000 2.041503000
v -0.600000000 -0.868882000 2.044278000
v -0.600000000 -0.868882000 2.044278000
v -0.450000000 -0.867155000 2.041503000
v -0.450000000 -0.868882000 2.044278000
v -0.600000000 -0.868882000 2.044278000
v -0.450000000 -0.868882000 2.044278000
v -0.600000000 -0.870101000 2.047310000
v -0.600000000 -0.870101000 2.047310000
v -0.450000000 -0.868882000 2.044278000
v -0.450000000 -0.870101000 2.047310000
v -0.600000000 -0.870101000 2.047310000
v -0.450000000 -0.870101000 2.047310000
v -0.600000000 -0.870774000 2.050508000
v -0.600000000 -0.870774000 2.050508000
v -0.450000000 -0.870101000 2.047310000
v -0.450000000 -0.870774000 2.050508000
v -0.600000000 -0.870774000 2.050508000
v -0.450000000 -0.870774000 2.050508000
v -0.600000000 -0.870882000 2.053775000
v -0.600000000 -0.870882000 2.053775000
v -0.450000000 -0.870774000 2.050508000
v -0.450000000 -0.870882000 2.053775000
v -0.600000000 -0.870882000 2.053775000
v -0.450000000 -0.870882000 2.053775000
v -0.600000000 -0.870422000 2.057011000
v -0.600000000 -0.870422000 2.057011000
v -0.450000000 -0.870882000 2.053775000
v -0.450000000 -0.870422000 2.057011000
v -0.600000000 -0.870422000 2.057011000
v -0.450000000 -0.870422000 2.057011000
v -0.600000000 -0.869406000 2.060117000
v -0.600000000 -0.869406000 2.060117000
v -0.450000000 -0.870422000 2.057011000
v -0.450000000 -0.869406000 2.060117000
v -0.600000000 1.096644000 1.221335000
v -0.450000000 1.096644000 1.221335000
v -0.600000000 1.098183000 1.224218000
v -0.600000000 1.098183000 1.224218000
v -0.450000000 1.096644000 1.221335000
v -0.450000000 1.098183000 1.224218000
v -0.600000000 1.098183000 1.224218000
v -0.450000000 1.098183000 1.224218000
v -0.600000000 1.100200000 1.226790000
v -0.600000000 1.100200000 1.226790000
v -0.450000000 1.098183000 1.224218000
v -0.450000000 1.100200000 1.226790000
v -0.600000000 1.100200000 1.226790000
v -0.450000000 1.100200000 1.226790000
v -0.600000000 1.102633000 1.228972000
v -0.600000000 1.102633000 1.228972000
v -0.450000000 1.100200000 1.226790000
v -0.450000000 1.102633000 1.228972000
v -0.600000000 1.102633000 1.228972000
v -0.450000000 1.102633000 1.228972000
v -0.600000000 1.105408000 1.230699000
v -0.600000000 1.105408000 1.230699000
v -0.450000000 1.102633000 1.228972000
v -0.450000000 1.105408000 1.230699000
v -0.600000000 1.105408000 1.230699000
v -0.450000000 1.105408000 1.230699000
v -0.600000000 1.108440000 1.231918000
v -0.600000000 1.108440000 1.231918000
v -0.450000000 1.105408000 1.230699000
v -0.450000000 1.108440000 1.231918000
v -0.600000000 1.108440000 1.231918000
v -0.450000000 1.108440000 1.231918000
v -0.600000000 1.111639000 1.232592000
v -0.600000000 1.111639000 1.232592000
v -0.450000000 1.108440000 1.231918000
v -0.450000000 1.111639000 1.232592000
v -0.600000000 1.111639000 1.232592000
v -0.450000000 1.111639000 1.232592000
v -0.600000000 1.114905000 1.232700000
v -0.600000000 1.114905000 1.232700000
v -0.450000000 1.111639000 1.232592000
v -0.450000000 1.114905000 1.232700000
v -0.600000000 1.114905000 1.232700000
v -0.450000000 1.114905000 1.232700000
v -0.600000000 1.118141000 1.232239000
v -0.600000000 1.118141000 1.232239000
v -0.450000000 1.114905000 1.232700000
v -0.450000000 1.118141000 1.232239000
v -0.600000000 1.118141000 1.232239000
v -0.450000000 1.118141000 1.232239000
v -0.600000000 1.121247000 1.231223000
v -0.600000000 1.121247000 1.231223000
v -0.450000000 1.118141000 1.232239000
v -0.450000000 1.121247000 1.231223000
v -0.600000000 1.121247000 1.231223000
v -0.450000000 1.121247000 1.231223000
v -0.600000000 1.124130000 1.229684000
v -0.600000000 1.124130000 1.229684000
v -0.450000000 1.121247000 1.231223000
v -0.450000000 1.124130000 1.229684000
v -0.600000000 1.124130000 1.229684000
v -0.450000000 1.124130000 1.229684000
v -0.600000000 1.126702000 1.227667000
v -0.600000000 1.126702000 1.227667000
v -0.450000000 1.124130000 1.229684000
v -0.450000000 1.126702000 1.227667000
v -0.600000000 1.126702000 1.227667000
v -0.450000000 1.126702000 1.227667000
v -0.600000000 1.128885000 1.225234000
v -0.600000000 1.128885000 1.225234000
v -0.450000000 1.126702000 1.227667000
v -0.450000000 1.128885000 1.225234000
v -0.600000000 1.128885000 1.225234000
v -0.450000000 1.128885000 1.225234000
v -0.600000000 1.130611000 1.222459000
v -0.600000000 1.130611000 1.222459000
v -0.450000000 1.128885000 1.225234000
v -0.450000000 1.130611000 1.222459000
v -0.600000000 1.130611000 1.222459000
v -0.450000000 1.130611000 1.222459000
v -0.600000000 1.131830000 1.219427000
v -0.600000000 1.131830000 1.219427000
v -0.450000000 1.130611000 1.222459000
v -0.450000000 1.131830000 1.219427000
v -0.600000000 1.131830000 1.219427000
v -0.450000000 1.131830000 1.219427000
v -0.600000000 1.132504000 1.216228000
v -0.600000000 1.132504000 1.216228000
v -0.450000000 1.131830000 1.219427000
v -0.450000000 1.132504000 1.216228000
v -0.600000000 1.132504000 1.216228000
v -0.450000000 1.132504000 1.216228000
v -0.600000000 1.132612000 1.212962000
v -0.600000000 1.132612000 1.212962000
v -0.450000000 1.132504000 1.216228000
v -0.450000000 1.132612000 1.212962000
v -0.600000000 1.132612000 1.212962000
v -0.450000000 1.132612000 1.212962000
v -0.600000000 1.132151000 1.209726000
v -0.600000000 1.132151000 1.209726000
v -0.450000000 1.132612000 1.212962000
v -0.450000000 1.132151000 1.209726000
v -0.600000000 1.132151000 1.209726000
v -0.450000000 1.132151000 1.209726000
v -0.600000000 1.131136000 1.206620000
v -0.600000000 1.131136000 1.206620000
v -0.450000000 1.132151000 1.209726000
v -0.450000000 1.131136000 1.206620000
v -0.600000000 1.131136000 1.206620000
v -0.450000000 1.131136000 1.206620000
v -0.600000000 1.129596000 1.203737000
v -0.600000000 1.129596000 1.203737000
v -0.450000000 1.131136000 1.206620000
v -0.450000000 1.129596000 1.203737000
v -0.600000000 1.129596000 1.203737000
v -0.450000000 1.129596000 1.203737000
v -0.600000000 1.127579000 1.201165000
v -0.600000000 1.127579000 1.201165000
v -0.450000000 1.129596000 1.203737000
v -0.450000000 1.127579000 1.201165000
v -0.600000000 1.127579000 1.201165000
v -0.450000000 1.127579000 1.201165000
v -0.600000000 1.125146000 1.198982000
v -0.600000000 1.125146000 1.198982000
v -0.450000000 1.127579000 1.201165000
v -0.450000000 1.125146000 1.198982000
v -0.600000000 1.125146000 1.198982000
v -0.450000000 1.125146000 1.198982000
v -0.600000000 1.122371000 1.197255000
v -0.600000000 1.122371000 1.197255000
v -0.450000000 1.125146000 1.198982000
v -0.450000000 1.122371000 1.197255000
v -0.600000000 1.122371000 1.197255000
v -0.450000000 1.122371000 1.197255000
v -0.600000000 1.119339000 1.196037000
v -0.600000000 1.119339000 1.196037000
v -0.450000000 1.122371000 1.197255000
v -0.450000000 1.119339000 1.196037000
v -0.600000000 1.119339000 1.196037000
v -0.450000000 1.119339000 1.196037000
v -0.600000000 1.116141000 1.195363000
v -0.600000000 1.116141000 1.195363000
v -0.450000000 1.119339000 1.196037000
v -0.450000000 1.116141000 1.195363000
v -0.600000000 1.116141000 1.195363000
v -0.450000000 1.116141000 1.195363000
v -0.600000000 1.112874000 1.195255000
v -0.600000000 1.112874000 1.195255000
v -0.450000000 1.116141000 1.195363000
v -0.450000000 1.112874000 1.195255000
v -0.600000000 1.112874000 1.195255000
v -0.450000000 1.112874000 1.195255000
v -0.600000000 1.109638000 1.195716000
v -0.600000000 1.109638000 1.195716000
v -0.450000000 1.112874000 1.195255000
v -0.450000000 1.109638000 1.195716000
v -0.600000000 1.109638000 1.195716000
v -0.450000000 1.109638000 1.195716000
v -0.600000000 1.106532000 1.196731000
v -0.600000000 1.106532000 1.196731000
v -0.450000000 1.109638000 1.195716000
v -0.450000000 1.106532000 1.196731000
v -0.600000000 1.106532000 1.196731000
v -0.450000000 1.106532000 1.196731000
v -0.600000000 1.103649000 1.198271000
v -0.600000000 1.103649000 1.198271000
v -0.450000000 1.106532000 1.196731000
v -0.450000000 1.103649000 1.198271000
v -0.600000000 1.103649000 1.198271000
v -0.450000000 1.103649000 1.198271000
v -0.600000000 1.101077000 1.200288000
v -0.600000000 1.101077000 1.200288000
v -0.450000000 1.103649000 1.198271000
v -0.450000000 1.101077000 1.200288000
v -0.600000000 1.101077000 1.200288000
v -0.450000000 1.101077000 1.200288000
v -0.600000000 1.098894000 1.202721000
v -0.600000000 1.098894000 1.202721000
v -0.450000000 1.101077000 1.200288000
v -0.450000000 1.098894000 1.202721000
v -0.600000000 1.098894000 1.202721000
v -0.450000000 1.098894000 1.202721000
v -0.600000000 1.097168000 1.205496000
v -0.600000000 1.097168000 1.205496000
v -0.450000000 1.098894000 1.202721000
v -0.450000000 1.097168000 1.205496000
v -0.600000000 1.097168000 1.205496000
v -0.450000000 1.097168000 1.205496000
v -0.600000000 1.095949000 1.208528000
v -0.600000000 1.095949000 1.208528000
v -0.450000000 1.097168000 1.205496000
v -0.450000000 1.095949000 1.208528000
v -0.600000000 1.095949000 1.208528000
v -0.450000000 1.095949000 1.208528000
v -0.600000000 1.095275000 1.211726000
v -0.600000000 1.095275000 1.211726000
v -0.450000000 1.095949000 1.208528000
v -0.450000000 1.095275000 1.211726000
v -0.600000000 1.095275000 1.211726000
v -0.450000000 1.095275000 1.211726000
v -0.600000000 1.095167000 1.214993000
v -0.600000000 1.095167000 1.214993000
v -0.450000000 1.095275000 1.211726000
v -0.450000000 1.095167000 1.214993000
v -0.600000000 1.095167000 1.214993000
v -0.450000000 1.095167000 1.214993000
v -0.600000000 1.095628000 1.218229000
v -0.600000000 1.095628000 1.218229000
v -0.450000000 1.095167000 1.214993000
v -0.450000000 1.095628000 1.218229000
v -0.600000000 1.095628000 1.218229000
v -0.450000000 1.095628000 1.218229000
v -0.600000000 1.096644000 1.221335000
v -0.600000000 1.096644000 1.221335000
v -0.450000000 1.095628000 1.218229000
v -0.450000000 1.096644000 1.221335000
v 1.050000000 -0.869406000 2.060117000
v 1.200000000 -0.869406000 2.060117000
v 1.050000000 -0.867866000 2.063000000
v 1.050000000 -0.867866000 2.063000000
v 1.200000000 -0.869406000 2.060117000
v 1.200000000 -0.867866000 2.063000000
v 1.050000000 -0.867866000 2.063000000
v 1.200000000 -0.867866000 2.063000000
v 1.050000000 -0.865849000 2.065572000
v 1.050000000 -0.865849000 2.065572000
v 1.200000000 -0.867866000 2.063000000
v 1.200000000 -0.865849000 2.065572000
v 1.050000000 -0.865849000 2.065572000
v 1.200000000 -0.865849000 2.065572000
v 1.050000000 -0.863416000 2.067755000
v 1.050000000 -0.863416000 2.067755000
v 1.200000000 -0.865849000 2.065572000
v 1.200000000 -0.863416000 2.067755000
v 1.050000000 -0.863416000 2.067755000
v 1.200000000 -0.863416000 2.067755000
v 1.050000000 -0.860642000 2.069481000
v 1.050000000 -0.860642000 2.069481000
v 1.200000000 -0.863416000 2.067755000
v 1.200000000 -0.860642000 2.069481000
v 1.050000000 -0.860642000 2.069481000
v 1.200000000 -0.860642000 2.069481000
v 1.050000000 -0.857609000 2.070700000
v 1.050000000 -0.857609000 2.070700000
v 1.200000000 -0.860642000 2.069481000
v 1.200000000 -0.857609000 2.070700000
v 1.050000000 -0.857609000 2.070700000
v 1.200000000 -0.857609000 2.070700000
v 1.050000000 -0.854411000 2.071374000
v 1.050000000 -0.854411000 2.071374000
v 1.200000000 -0.857609000 2.070700000
v 1.200000000 -0.854411000 2.071374000
v 1.050000000 -0.854411000 2.071374000
v 1.200000000 -0.854411000 2.071374000
v 1.050000000 -0.851144000 2.071482000
v 1.050000000 -0.851144000 2.071482000
v 1.200000000 -0.854411000 2.071374000
v 1.200000000 -0.851144000 2.071482000
v 1.050000000 -0.851144000 2.071482000
v 1.200000000 -0.851144000 2.071482000
v 1.050000000 -0.847909000 2.071021000
v 1.050000000 -0.847909000 2.071021000
v 1.200000000 -0.851144000 2.071482000
v 1.200000000 -0.847909000 2.071021000
v 1.050000000 -0.847909000 2.071021000
v 1.200000000 -0.847909000 2.071021000
v 1.050000000 -0.844802000 2.070006000
v 1.050000000 -0.844802000 2.070006000
v 1.200000000 -0.847909000 2.071021000
v 1.200000000 -0.844802000 2.070006000
v 1.050000000 -0.844802000 2.070006000
v 1.200000000 -0.844802000 2.070006000
v 1.050000000 -0.841919000 2.068466000
v 1.050000000 -0.841919000 2.068466000
v 1.200000000 -0.844802000 2.070006000
v 1.200000000 -0.841919000 2.068466000
v 1.050000000 -0.841919000 2.068466000
v 1.200000000 -0.841919000 2.068466000
v 1.050000000 -0.839347000 2.066449000
v 1.050000000 -0.839347000 2.066449000
v 1.200000000 -0.841919000 2.068466000
v 1.200000000 -0.839347000 2.066449000
v 1.050000000 -0.839347000 2.066449000
v 1.200000000 -0.839347000 2.066449000
v 1.050000000 -0.837165000 2.064016000
v 1.050000000 -0.837165000 2.064016000
v 1.200000000 -0.839347000 2.066449000
v 1.200000000 -0.837165000 2.064016000
v 1.050000000 -0.837165000 2.064016000
v 1.200000000 -0.837165000 2.064016000
v 1.050000000 -0.835438000 2.061241000
v 1.050000000 -0.835438000 2.061241000
v 1.200000000 -0.837165000 2.064016000
v 1.200000000 -0.835438000 2.061241000
v 1.050000000 -0.835438000 2.061241000
v 1.200000000 -0.835438000 2.061241000
v 1.050000000 -0.834219000 2.058209000
v 1.050000000 -0.834219000 2.058209000
v 1.200000000 -0.835438000 2.061241000
v 1.200000000 -0.834219000 2.058209000
v 1.050000000 -0.834219000 2.058209000
v 1.200000000 -0.834219000 2.058209000
v 1.050000000 -0.833545000 2.055011000
v 1.050000000 -0.833545000 2.055011000
v 1.200000000 -0.834219000 2.058209000
v 1.200000000 -0.833545000 2.055011000
v 1.050000000 -0.833545000 2.055011000
v 1.200000000 -0.833545000 2.055011000
v 1.050000000 -0.833437000 2.051744000
v 1.050000000 -0.833437000 2.051744000
v 1.200000000 -0.833545000 2.055011000
v 1.200000000 -0.833437000 2.051744000
v 1.050000000 -0.833437000 2.051744000
v 1.200000000 -0.833437000 2.051744000
v 1.050000000 -0.833898000 2.048508000
v 1.050000000 -0.833898000 2.048508000
v 1.200000000 -0.833437000 2.051744000
v 1.200000000 -0.833898000 2.048508000
v 1.050000000 -0.833898000 2.048508000
v 1.200000000 -0.833898000 2.048508000
v 1.050000000 -0.834914000 2.045402000
v 1.050000000 -0.834914000 2.045402000
v 1.200000000 -0.833898000 2.048508000
v 1.200000000 -0.834914000 2.045402000
v 1.050000000 -0.834914000 2.045402000
v 1.200000000 -0.834914000 2.045402000
v 1.050000000 -0.836453000 2.042519000
v 1.050000000 -0.836453000 2.042519000
v 1.200000000 -0.834914000 2.045402000
v 1.200000000 -0.836453000 2.042519000
v 1.050000000 -0.836453000 2.042519000
v 1.200000000 -0.836453000 2.042519000
v 1.050000000 -0.838470000 2.039947000
v 1.050000000 -0.838470000 2.039947000
v 1.200000000 -0.836453000 2.042519000
v 1.200000000 -0.838470000 2.039947000
v 1.050000000 -0.838470000 2.039947000
v 1.200000000 -0.838470000 2.039947000
v 1.050000000 -0.840903000 2.037765000
v 1.050000000 -0.840903000 2.037765000
v 1.200000000 -0.838470000 2.039947000
v 1.200000000 -0.840903000 2.037765000
v 1.050000000 -0.840903000 2.037765000
v 1.200000000 -0.840903000 2.037765000
v 1.050000000 -0.843678000 2.036038000
v 1.050000000 -0.843678000 2.036038000
v 1.200000000 -0.840903000 2.037765000
v 1.200000000 -0.843678000 2.036038000
v 1.050000000 -0.843678000 2.036038000
v 1.200000000 -0.843678000 2.036038000
v 1.050000000 -0.846711000 2.034819000
v 1.050000000 -0.846711000 2.034819000
v 1.200000000 -0.843678000 2.036038000
v 1.200000000 -0.846711000 2.034819000
v 1.050000000 -0.846711000 2.034819000
v 1.200000000 -0.846711000 2.034819000
v 1.050000000 -0.849909000 2.034145000
v 1.050000000 -0.849909000 2.034145000
v 1.200000000 -0.846711000 2.034819000
v 1.200000000 -0.849909000 2.034145000
v 1.050000000 -0.849909000 2.034145000
v 1.200000000 -0.849909000 2.034145000
v 1.050000000 -0.853175000 2.034037000
v 1.050000000 -0.853175000 2.034037000
v 1.200000000 -0.849909000 2.034145000
v 1.200000000 -0.853175000 2.034037000
v 1.050000000 -0.853175000 2.034037000
v 1.200000000 -0.853175000 2.034037000
v 1.050000000 -0.856411000 2.034498000
v 1.050000000 -0.856411000 2.034498000
v 1.200000000 -0.853175000 2.034037000
v 1.200000000 -0.856411000 2.034498000
v 1.050000000 -0.856411000 2.034498000
v 1.200000000 -0.856411000 2.034498000
v 1.050000000 -0.859518000 2.035513000
v 1.050000000 -0.859518000 2.035513000
v 1.200000000 -0.856411000 2.034498000
v 1.200000000 -0.859518000 2.035513000
v 1.050000000 -0.859518000 2.035513000
v 1.200000000 -0.859518000 2.035513000
v 1.050000000 -0.862401000 2.037053000
v 1.050000000 -0.862401000 2.037053000
v 1.200000000 -0.859518000 2.035513000
v 1.200000000 -0.862401000 2.037053000
v 1.050000000 -0.862401000 2.037053000
v 1.200000000 -0.862401000 2.037053000
v 1.050000000 -0.864972000 2.039070000
v 1.050000000 -0.864972000 2.039070000
v 1.200000000 -0.862401000 2.037053000
v 1.200000000 -0.864972000 2.039070000
v 1.050000000 -0.864972000 2.039070000
v 1.200000000 -0.864972000 2.039070000
v 1.050000000 -0.867155000 2.041503000
v 1.050000000 -0.867155000 2.041503000
v 1.200000000 -0.864972000 2.039070000
v 1.200000000 -0.867155000 2.041503000
v 1.050000000 -0.867155000 2.041503000
v 1.200000000 -0.867155000 2.041503000
v 1.050000000 -0.868882000 2.044278000
v 1.050000000 -0.868882000 2.044278000
v 1.200000000 -0.867155000 2.041503000
v 1.200000000 -0.868882000 2.044278000
v 1.050000000 -0.868882000 2.044278000
v 1.200000000 -0.868882000 2.044278000
v 1.050000000 -0.870101000 2.047310000
v 1.050000000 -0.870101000 2.047310000
v 1.200000000 -0.868882000 2.044278000
v 1.200000000 -0.870101000 2.047310000
v 1.050000000 -0.870101000 2.047310000
v 1.200000000 -0.870101000 2.047310000
v 1.050000000 -0.870774000 2.050508000
v 1.050000000 -0.870774000 2.050508000
v 1.200000000 -0.870101000 2.047310000
v 1.200000000 -0.870774000 2.050508000
v 1.050000000 -0.870774000 2.050508000
v 1.200000000 -0.870774000 2.050508000
v 1.050000000 -0.870882000 2.053775000
v 1.050000000 -0.870882000 2.053775000
v 1.200000000 -0.870774000 2.050508000
v 1.200000000 -0.870882000 2.053775000
v 1.050000000 -0.870882000 2.053775000
v 1.200000000 -0.870882000 2.053775000
v 1.050000000 -0.870422000 2.057011000
v 1.050000000 -0.870422000 2.057011000
v 1.200000000 -0.870882000 2.053775000
v 1.200000000 -0.870422000 2.057011000
v 1.050000000 -0.870422000 2.057011000
v 1.200000000 -0.870422000 2.057011000
v 1.050000000 -0.869406000 2.060117000
v 1.050000000 -0.869406000 2.060117000
v 1.200000000 -0.870422000 2.057011000
v 1.200000000 -0.869406000 2.060117000
v 1.050000000 1.096644000 1.221335000
v 1.200000000 1.096644000 1.221335000
v 1.050000000 1.098183000 1.224218000
v 1.050000000 1.098183000 1.224218000
v 1.200000000 1.096644000 1.221335000
v 1.200000000 1.098183000 1.224218000
v 1.050000000 1.098183000 1.224218000
v 1.200000000 1.098183000 1.224218000
v 1.050000000 1.100200000 1.226790000
v 1.050000000 1.100200000 1.226790000
v 1.200000000 1.098183000 1.224218000
v 1.200000000 1.100200000 1.226790000
v 1.050000000 1.100200000 1.226790000
v 1.200000000 1.100200000 1.226790000
v 1.050000000 1.102633000 1.228972000
v 1.050000000 1.102633000 1.228972000
v 1.200000000 1.100200000 1.226790000
v 1.200000000 1.102633000 1.228972000
v 1.050000000 1.102633000 1.228972000
v 1.200000000 1.102633000 1.228972000
v 1.050000000 1.105408000 1.230699000
v 1.050000000 1.105408000 1.230699000
v 1.200000000 1.102633000 1.228972000
v 1.200000000 1.105408000 1.230699000
v 1.050000000 1.105408000 1.230699000
v 1.200000000 1.105408000 1.230699000
v 1.050000000 1.108440000 1.231918000
v 1.050000000 1.108440000 1.231918000
v 1.200000000 1.105408000 1.230699000
v 1.200000000 1.108440000 1.231918000
v 1.050000000 1.108440000 1.231918000
v 1.200000000 1.108440000 1.231918000
v 1.050000000 1.111639000 1.232592000
v 1.050000000 1.111639000 1.232592000
v 1.200000000 1.108440000 1.231918000
v 1.200000000 1.111639000 1.232592000
v 1.050000000 1.111639000 1.232592000
v 1.200000000 1.111639000 1.232592000
v 1.050000000 1.114905000 1.232700000
v 1.050000000 1.114905000 1.232700000
v 1.200000000 1.111639000 1.232592000
v 1.200000000 1.114905000 1.232700000
v 1.050000000 1.114905000 1.232700000
v 1.200000000 1.114905000 1.232700000
v 1.050000000 1.118141000 1.232239000
v 1.050000000 1.118141000 1.232239000
v 1.200000000 1.114905000 1.232700000
v 1.200000000 1.118141000 1.232239000
v 1.050000000 1.118141000 1.232239000
v 1.200000000 1.118141000 1.232239000
v 1.050000000 1.121247000 1.231223000
v 1.050000000 1.121247000 1.231223000
v 1.200000000 1.118141000 1.232239000
v 1.200000000 1.121247000 1.231223000
v 1.050000000 1.121247000 1.231223000
v 1.200000000 1.121247000 1.231223000
v 1.050000000 1.124130000 1.229684000
v 1.050000000 1.124130000 1.229684000
v 1.200000000 1.121247000 1.231223000
v 1.200000000 1.124130000 1.229684000
v 1.050000000 1.124130000 1.229684000
v 1.200000000 1.124130000 1.229684000
v 1.050000000 1.126702000 1.227667000
v 1.050000000 1.126702000 1.227667000
v 1.200000000 1.124130000 1.229684000
v 1.200000000 1.126702000 1.227667000
v 1.050000000 1.126702000 1.227667000
v 1.200000000 1.126702000 1.227667000
v 1.050000000 1.128885000 1.225234000
v 1.050000000 1.128885000 1.225234000
v 1.200000000 1.126702000 1.227667000
v 1.200000000 1.128885000 1.225234000
v 1.050000000 1.128885000 1.225234000
v 1.200000000 1.128885000 1.225234000
v 1.050000000 1.130611000 1.222459000
v 1.050000000 1.130611000 1.222459000
v 1.200000000 1.128885000 1.225234000
v 1.200000000 1.130611000 1.222459000
v 1.050000000 1.130611000 1.222459000
v 1.200000000 1.130611000 1.222459000
v 1.050000000 1.131830000 1.219427000
v 1.050000000 1.131830000 1.219427000
v 1.200000000 1.130611000 1.222459000
v 1.200000000 1.131830000 1.219427000
v 1.050000000 1.131830000 1.219427000
v 1.200000000 1.131830000 1.219427000
v 1.050000000 1.132504000 1.216228000
v 1.050000000 1.132504000 1.216228000
v 1.200000000 1.131830000 1.219427000
v 1.200000000 1.132504000 1.216228000
v 1.050000000 1.132504000 1.216228000
v 1.200000000 1.132504000 1.216228000
v 1.050000000 1.132612000 1.212962000
v 1.050000000 1.132612000 1.212962000
v 1.200000000 1.132504000 1.216228000
v 1.200000000 1.132612000 1.212962000
v 1.050000000 1.132612000 1.212962000
v 1.200000000 1.132612000 1.212962000
v 1.050000000 1.132151000 1.209726000
v 1.050000000 1.132151000 1.209726000
v 1.200000000 1.132612000 1.212962000
v 1.200000000 1.132151000 1.209726000
v 1.050000000 1.132151000 1.209726000
v 1.200000000 1.132151000 1.209726000
v 1.050000000 1.131136000 1.206620000
v 1.050000000 1.131136000 1.206620000
v 1.200000000 1.132151000 1.209726000
v 1.200000000 1.131136000 1.206620000
v 1.050000000 1.131136000 1.206620000
v 1.200000000 1.131136000 1.206620000
v 1.050000000 1.129596000 1.203737000
v 1.050000000 1.129596000 1.203737000
v 1.200000000 1.131136000 1.206620000
v 1.200000000 1.129596000 1.203737000
v 1.050000000 1.129596000 1.203737000
v 1.200000000 1.129596000 1.203737000
v 1.050000000 1.127579000 1.201165000
v 1.050000000 1.127579000 1.201165000
v 1.200000000 1.129596000 1.203737000
v 1.200000000 1.127579000 1.201165000
v 1.050000000 1.127579000 1.201165000
v 1.200000000 1.127579000 1.201165000
v 1.050000000 1.125146000 1.198982000
v 1.050000000 1.125146000 1.198982000
v 1.200000000 1.127579000 1.201165000
v 1.200000000 1.125146000 1.198982000
v 1.050000000 1.125146000 1.198982000
v 1.200000000 1.125146000 1.198982000
v 1.050000000 1.122371000 1.197255000
v 1.050000000 1.122371000 1.197255000
v 1.200000000 1.125146000 1.198982000
v 1.200000000 1.122371000 1.197255000
v 1.050000000 1.122371000 1.197255000
v 1.200000000 1.122371000 1.197255000
v 1.050000000 1.119339000 1.196037000
v 1.050000000 1.119339000 1.196037000
v 1.200000000 1.122371000 1.197255000
v 1.200000000 1.119339000 1.196037000
v 1.050000000 1.119339000 1.196037000
v 1.200000000 1.119339000 1.196037000
v 1.050000000 1.116141000 1.195363000
v 1.050000000 1.116141000 1.195363000
v 1.200000000 1.119339000 1.196037000
v 1.200000000 1.116141000 1.195363000
v 1.050000000 1.116141000 1.195363000
v 1.200000000 1.116141000 1.195363000
v 1.050000000 1.112874000 1.195255000
v 1.050000000 1.112874000 1.195255000
v 1.200000000 1.116141000 1.195363000
v 1.200000000 1.112874000 1.195255000
v 1.050000000 1.112874000 1.195255000
v 1.200000000 1.112874000 1.195255000
v 1.050000000 1.109638000 1.195716000
v 1.050000000 1.109638000 1.195716000
v 1.200000000 1.112874000 1.195255000
v 1.200000000 1.109638000 1.195716000
v 1.050000000 1.109638000 1.195716000
v 1.200000000 1.109638000 1.195716000
v 1.050000000 1.106532000 1.196731000
v 1.050000000 1.106532000 1.196731000
v 1.200000000 1.109638000 1.195716000
v 1.200000000 1.106532000 1.196731000
v 1.050000000 1.106532000 1.196731000
v 1.200000000 1.106532000 1.196731000
v 1.050000000 1.103649000 1.198271000
v 1.050000000 1.103649000 1.198271000
v 1.200000000 1.106532000 1.196731000
v 1.200000000 1.103649000 1.198271000
v 1.050000000 1.103649000 1.198271000
v 1.200000000 1.103649000 1.198271000
v 1.050000000 1.101077000 1.200288000
v 1.050000000 1.101077000 1.200288000
v 1.200000000 1.103649000 1.198271000
v 1.200000000 1.101077000 1.200288000
v 1.050000000 1.101077000 1.200288000
v 1.200000000 1.101077000 1.200288000
v 1.050000000 1.098894000 1.202721000
v 1.050000000 1.098894000 1.202721000
v 1.200000000 1.101077000 1.200288000
v 1.200000000 1.098894000 1.202721000
v 1.050000000 1.098894000 1.202721000
v 1.200000000 1.098894000 1.202721000
v 1.050000000 1.097168000 1.205496000
v 1.050000000 1.097168000 1.205496000
v 1.200000000 1.098894000 1.202721000
v 1.200000000 1.097168000 1.205496000
v 1.050000000 1.097168000 1.205496000
v 1.200000000 1.097168000 1.205496000
v 1.050000000 1.095949000 1.208528000
v 1.050000000 1.095949000 1.208528000
v 1.200000000 1.097168000 1.205496000
v 1.200000000 1.095949000 1.208528000
v 1.050000000 1.095949000 1.208528000
v 1.200000000 1.095949000 1.208528000
v 1.050000000 1.095275000 1.211726000
v 1.050000000 1.095275000 1.211726000
v 1.200000000 1.095949000 1.208528000
v 1.200000000 1.095275000 1.211726000
v 1.050000000 1.095275000 1.211726000
v 1.200000000 1.095275000 1.211726000
v 1.050000000 1.095167000 1.214993000
v 1.050000000 1.095167000 1.214993000
v 1.200000000 1.095275000 1.211726000
v 1.200000000 1.095167000 1.214993000
v 1.050000000 1.095167000 1.214993000
v 1.200000000 1.095167000 1.214993000
v 1.050000000 1.095628000 1.218229000
v 1.050000000 1.095628000 1.218229000
v 1.200000000 1.095167000 1.214993000
v 1.200000000 1.095628000 1.218229000
v 1.050000000 1.095628000 1.218229000
v 1.200000000 1.095628000 1.218229000
v 1.050000000 1.096644000 1.221335000
v 1.050000000 1.096644000 1.221335000
v 1.200000000 1.095628000 1.218229000
v 1.200000000 1.096644000 1.221335000
v 1.050000000 1.112052000 1.133221000
v 1.200000000 1.112052000 1.133221000
v 1.200000000 1.119508000 1.130783000
v 1.050000000 1.112052000 1.133221000
v 1.200000000 1.119508000 1.130783000
v 1.050000000 1.119508000 1.130783000
v 1.050000000 1.119508000 1.130783000
v 1.200000000 1.119508000 1.130783000
v 1.200000000 1.127274000 1.129677000
v 1.050000000 1.119508000 1.130783000
v 1.200000000 1.127274000 1.129677000
v 1.050000000 1.127274000 1.129677000
v 1.050000000 1.127274000 1.129677000
v 1.200000000 1.127274000 1.129677000
v 1.200000000 1.135113000 1.129937000
v 1.050000000 1.127274000 1.129677000
v 1.200000000 1.135113000 1.129937000
v 1.050000000 1.135113000 1.129937000
v 1.050000000 1.135113000 1.129937000
v 1.200000000 1.135113000 1.129937000
v 1.200000000 1.142789000 1.131554000
v 1.050000000 1.135113000 1.129937000
v 1.200000000 1.142789000 1.131554000
v 1.050000000 1.142789000 1.131554000
v 1.050000000 1.142789000 1.131554000
v 1.200000000 1.142789000 1.131554000
v 1.200000000 1.150067000 1.134479000
v 1.050000000 1.142789000 1.131554000
v 1.200000000 1.150067000 1.134479000
v 1.050000000 1.150067000 1.134479000
v 1.050000000 1.150067000 1.134479000
v 1.200000000 1.150067000 1.134479000
v 1.200000000 1.156727000 1.138623000
v 1.050000000 1.150067000 1.134479000
v 1.200000000 1.156727000 1.138623000
v 1.050000000 1.156727000 1.138623000
v 1.050000000 1.156727000 1.138623000
v 1.200000000 1.156727000 1.138623000
v 1.200000000 1.162566000 1.143861000
v 1.050000000 1.156727000 1.138623000
v 1.200000000 1.162566000 1.143861000
v 1.050000000 1.162566000 1.143861000
v 1.050000000 1.162566000 1.143861000
v 1.200000000 1.162566000 1.143861000
v 1.200000000 1.167406000 1.150034000
v 1.050000000 1.162566000 1.143861000
v 1.200000000 1.167406000 1.150034000
v 1.050000000 1.167406000 1.150034000
v 1.050000000 1.167406000 1.150034000
v 1.200000000 1.167406000 1.150034000
v 1.200000000 1.171101000 1.156953000
v 1.050000000 1.167406000 1.150034000
v 1.200000000 1.171101000 1.156953000
v 1.050000000 1.171101000 1.156953000
v -0.600000000 1.112052000 1.133221000
v -0.450000000 1.112052000 1.133221000
v -0.450000000 1.118745000 1.130968000
v -0.600000000 1.112052000 1.133221000
v -0.450000000 1.118745000 1.130968000
v -0.600000000 1.118745000 1.130968000
v -0.600000000 1.118745000 1.130968000
v -0.450000000 1.118745000 1.130968000
v -0.450000000 1.125707000 1.129790000
v -0.600000000 1.118745000 1.130968000
v -0.450000000 1.125707000 1.129790000
v -0.600000000 1.125707000 1.129790000
v -0.600000000 1.125707000 1.129790000
v -0.450000000 1.125707000 1.129790000
v -0.450000000 1.132768000 1.129715000
v -0.600000000 1.125707000 1.129790000
v -0.450000000 1.132768000 1.129715000
v -0.600000000 1.132768000 1.129715000
v -0.600000000 1.132768000 1.129715000
v -0.450000000 1.132768000 1.129715000
v -0.450000000 1.139754000 1.130746000
v -0.600000000 1.132768000 1.129715000
v -0.450000000 1.139754000 1.130746000
v -0.600000000 1.139754000 1.130746000
v -0.600000000 1.139754000 1.130746000
v -0.450000000 1.139754000 1.130746000
v -0.450000000 1.146492000 1.132857000
v -0.600000000 1.139754000 1.130746000
v -0.450000000 1.146492000 1.132857000
v -0.600000000 1.146492000 1.132857000
v -0.600000000 1.146492000 1.132857000
v -0.450000000 1.146492000 1.132857000
v -0.450000000 1.152817000 1.135996000
v -0.600000000 1.146492000 1.132857000
v -0.450000000 1.152817000 1.135996000
v -0.600000000 1.152817000 1.135996000
v -0.600000000 1.152817000 1.135996000
v -0.450000000 1.152817000 1.135996000
v -0.450000000 1.158573000 1.140086000
v -0.600000000 1.152817000 1.135996000
v -0.450000000 1.158573000 1.140086000
v -0.600000000 1.158573000 1.140086000
v -0.600000000 1.158573000 1.140086000
v -0.450000000 1.158573000 1.140086000
v -0.450000000 1.163619000 1.145027000
v -0.600000000 1.158573000 1.140086000
v -0.450000000 1.163619000 1.145027000
v -0.600000000 1.163619000 1.145027000
v -0.600000000 1.163619000 1.145027000
v -0.450000000 1.163619000 1.145027000
v -0.450000000 1.167830000 1.150695000
v -0.600000000 1.163619000 1.145027000
v -0.450000000 1.167830000 1.150695000
v -0.600000000 1.167830000 1.150695000
v -0.600000000 1.167830000 1.150695000
v -0.450000000 1.167830000 1.150695000
v -0.450000000 1.171101000 1.156953000
v -0.600000000 1.167830000 1.150695000
v -0.450000000 1.171101000 1.156953000
v -0.600000000 1.171101000 1.156953000
v 1.200000000 1.170914000 1.271189000
v 1.050000000 1.170914000 1.271189000
v 1.050000000 1.177833000 1.267494000
v 1.200000000 1.170914000 1.271189000
v 1.050000000 1.177833000 1.267494000
v 1.200000000 1.177833000 1.267494000
v 1.200000000 1.177833000 1.267494000
v 1.050000000 1.177833000 1.267494000
v 1.050000000 1.184006000 1.262653000
v 1.200000000 1.177833000 1.267494000
v 1.050000000 1.184006000 1.262653000
v 1.200000000 1.184006000 1.262653000
v 1.200000000 1.184006000 1.262653000
v 1.050000000 1.184006000 1.262653000
v 1.050000000 1.189244000 1.256815000
v 1.200000000 1.184006000 1.262653000
v 1.050000000 1.189244000 1.256815000
v 1.200000000 1.189244000 1.256815000
v 1.200000000 1.189244000 1.256815000
v 1.050000000 1.189244000 1.256815000
v 1.050000000 1.193388000 1.250155000
v 1.200000000 1.189244000 1.256815000
v 1.050000000 1.193388000 1.250155000
v 1.200000000 1.193388000 1.250155000
v 1.200000000 1.193388000 1.250155000
v 1.050000000 1.193388000 1.250155000
v 1.050000000 1.196313000 1.242877000
v 1.200000000 1.193388000 1.250155000
v 1.050000000 1.196313000 1.242877000
v 1.200000000 1.196313000 1.242877000
v 1.200000000 1.196313000 1.242877000
v 1.050000000 1.196313000 1.242877000
v 1.050000000 1.197930000 1.235201000
v 1.200000000 1.196313000 1.242877000
v 1.050000000 1.197930000 1.235201000
v 1.200000000 1.197930000 1.235201000
v 1.200000000 1.197930000 1.235201000
v 1.050000000 1.197930000 1.235201000
v 1.050000000 1.198190000 1.227361000
v 1.200000000 1.197930000 1.235201000
v 1.050000000 1.198190000 1.227361000
v 1.200000000 1.198190000 1.227361000
v 1.200000000 1.198190000 1.227361000
v 1.050000000 1.198190000 1.227361000
v 1.050000000 1.197084000 1.219596000
v 1.200000000 1.198190000 1.227361000
v 1.050000000 1.197084000 1.219596000
v 1.200000000 1.197084000 1.219596000
v 1.200000000 1.197084000 1.219596000
v 1.050000000 1.197084000 1.219596000
v 1.050000000 1.194646000 1.212140000
v 1.200000000 1.197084000 1.219596000
v 1.050000000 1.194646000 1.212140000
v 1.200000000 1.194646000 1.212140000
v -0.450000000 1.170914000 1.271189000
v -0.600000000 1.170914000 1.271189000
v -0.600000000 1.177172000 1.267917000
v -0.450000000 1.170914000 1.271189000
v -0.600000000 1.177172000 1.267917000
v -0.450000000 1.177172000 1.267917000
v -0.450000000 1.177172000 1.267917000
v -0.600000000 1.177172000 1.267917000
v -0.600000000 1.182840000 1.263707000
v -0.450000000 1.177172000 1.267917000
v -0.600000000 1.182840000 1.263707000
v -0.450000000 1.182840000 1.263707000
v -0.450000000 1.182840000 1.263707000
v -0.600000000 1.182840000 1.263707000
v -0.600000000 1.187780000 1.258661000
v -0.450000000 1.182840000 1.263707000
v -0.600000000 1.187780000 1.258661000
v -0.450000000 1.187780000 1.258661000
v -0.450000000 1.187780000 1.258661000
v -0.600000000 1.187780000 1.258661000
v -0.600000000 1.191870000 1.252905000
v -0.450000000 1.187780000 1.258661000
v -0.600000000 1.191870000 1.252905000
v -0.450000000 1.191870000 1.252905000
v -0.450000000 1.191870000 1.252905000
v -0.600000000 1.191870000 1.252905000
v -0.600000000 1.195010000 1.246580000
v -0.450000000 1.191870000 1.252905000
v -0.600000000 1.195010000 1.246580000
v -0.450000000 1.195010000 1.246580000
v -0.450000000 1.195010000 1.246580000
v -0.600000000 1.195010000 1.246580000
v -0.600000000 1.197121000 1.239841000
v -0.450000000 1.195010000 1.246580000
v -0.600000000 1.197121000 1.239841000
v -0.450000000 1.197121000 1.239841000
v -0.450000000 1.197121000 1.239841000
v -0.600000000 1.197121000 1.239841000
v -0.600000000 1.198152000 1.232856000
v -0.450000000 1.197121000 1.239841000
v -0.600000000 1.198152000 1.232856000
v -0.450000000 1.198152000 1.232856000
v -0.450000000 1.198152000 1.232856000
v -0.600000000 1.198152000 1.232856000
v -0.600000000 1.198077000 1.225795000
v -0.450000000 1.198152000 1.232856000
v -0.600000000 1.198077000 1.225795000
v -0.450000000 1.198077000 1.225795000
v -0.450000000 1.198077000 1.225795000
v -0.600000000 1.198077000 1.225795000
v -0.600000000 1.196899000 1.218832000
v -0.450000000 1.198077000 1.225795000
v -0.600000000 1.196899000 1.218832000
v -0.450000000 1.196899000 1.218832000
v -0.450000000 1.196899000 1.218832000
v -0.600000000 1.196899000 1.218832000
v -0.600000000 1.194646000 1.212140000
v -0.450000000 1.196899000 1.218832000
v -0.600000000 1.194646000 1.212140000
v -0.450000000 1.194646000 1.212140000
v -0.450000000 -0.874692000 1.980832000
v -0.600000000 -0.874692000 1.980832000
v -0.600000000 -0.881612000 1.984527000
v -0.450000000 -0.874692000 1.980832000
v -0.600000000 -0.881612000 1.984527000
v -0.450000000 -0.881612000 1.984527000
v -0.450000000 -0.881612000 1.984527000
v -0.600000000 -0.881612000 1.984527000
v -0.600000000 -0.887784000 1.989368000
v -0.450000000 -0.881612000 1.984527000
v -0.600000000 -0.887784000 1.989368000
v -0.450000000 -0.887784000 1.989368000
v -0.450000000 -0.887784000 1.989368000
v -0.600000000 -0.887784000 1.989368000
v -0.600000000 -0.893022000 1.995207000
v -0.450000000 -0.887784000 1.989368000
v -0.600000000 -0.893022000 1.995207000
v -0.450000000 -0.893022000 1.995207000
v -0.450000000 -0.893022000 1.995207000
v -0.600000000 -0.893022000 1.995207000
v -0.600000000 -0.897166000 2.001867000
v -0.450000000 -0.893022000 1.995207000
v -0.600000000 -0.897166000 2.001867000
v -0.450000000 -0.897166000 2.001867000
v -0.450000000 -0.897166000 2.001867000
v -0.600000000 -0.897166000 2.001867000
v -0.600000000 -0.900091000 2.009145000
v -0.450000000 -0.897166000 2.001867000
v -0.600000000 -0.900091000 2.009145000
v -0.450000000 -0.900091000 2.009145000
v -0.450000000 -0.900091000 2.009145000
v -0.600000000 -0.900091000 2.009145000
v -0.600000000 -0.901708000 2.016820000
v -0.450000000 -0.900091000 2.009145000
v -0.600000000 -0.901708000 2.016820000
v -0.450000000 -0.901708000 2.016820000
v -0.450000000 -0.901708000 2.016820000
v -0.600000000 -0.901708000 2.016820000
v -0.600000000 -0.901968000 2.024660000
v -0.450000000 -0.901708000 2.016820000
v -0.600000000 -0.901968000 2.024660000
v -0.450000000 -0.901968000 2.024660000
v -0.450000000 -0.901968000 2.024660000
v -0.600000000 -0.901968000 2.024660000
v -0.600000000 -0.900862000 2.032426000
v -0.450000000 -0.901968000 2.024660000
v -0.600000000 -0.900862000 2.032426000
v -0.450000000 -0.900862000 2.032426000
v -0.450000000 -0.900862000 2.032426000
v -0.600000000 -0.900862000 2.032426000
v -0.600000000 -0.898424000 2.039881000
v -0.450000000 -0.900862000 2.032426000
v -0.600000000 -0.898424000 2.039881000
v -0.450000000 -0.898424000 2.039881000
v -0.600000000 -0.815831000 2.118801000
v -0.450000000 -0.815831000 2.118801000
v -0.450000000 -0.823286000 2.121238000
v -0.600000000 -0.815831000 2.118801000
v -0.450000000 -0.823286000 2.121238000
v -0.600000000 -0.823286000 2.121238000
v -0.600000000 -0.823286000 2.121238000
v -0.450000000 -0.823286000 2.121238000
v -0.450000000 -0.831052000 2.122344000
v -0.600000000 -0.823286000 2.121238000
v -0.450000000 -0.831052000 2.122344000
v -0.600000000 -0.831052000 2.122344000
v -0.600000000 -0.831052000 2.122344000
v -0.450000000 -0.831052000 2.122344000
v -0.450000000 -0.838892000 2.122085000
v -0.600000000 -0.831052000 2.122344000
v -0.450000000 -0.838892000 2.122085000
v -0.600000000 -0.838892000 2.122085000
v -0.600000000 -0.838892000 2.122085000
v -0.450000000 -0.838892000 2.122085000
v -0.450000000 -0.846567000 2.120468000
v -0.600000000 -0.838892000 2.122085000
v -0.450000000 -0.846567000 2.120468000
v -0.600000000 -0.846567000 2.120468000
v -0.600000000 -0.846567000 2.120468000
v -0.450000000 -0.846567000 2.120468000
v -0.450000000 -0.853845000 2.117543000
v -0.600000000 -0.846567000 2.120468000
v -0.450000000 -0.853845000 2.117543000
v -0.600000000 -0.853845000 2.117543000
v -0.600000000 -0.853845000 2.117543000
v -0.450000000 -0.853845000 2.117543000
v -0.450000000 -0.860505000 2.113398000
v -0.600000000 -0.853845000 2.117543000
v -0.450000000 -0.860505000 2.113398000
v -0.600000000 -0.860505000 2.113398000
v -0.600000000 -0.860505000 2.113398000
v -0.450000000 -0.860505000 2.113398000
v -0.450000000 -0.866344000 2.108160000
v -0.600000000 -0.860505000 2.113398000
v -0.450000000 -0.866344000 2.108160000
v -0.600000000 -0.866344000 2.108160000
v -0.600000000 -0.866344000 2.108160000
v -0.450000000 -0.866344000 2.108160000
v -0.450000000 -0.871184000 2.101988000
v -0.600000000 -0.866344000 2.108160000
v -0.450000000 -0.871184000 2.101988000
v -0.600000000 -0.871184000 2.101988000
v -0.600000000 -0.871184000 2.101988000
v -0.450000000 -0.871184000 2.101988000
v -0.450000000 -0.874880000 2.095069000
v -0.600000000 -0.871184000 2.101988000
v -0.450000000 -0.874880000 2.095069000
v -0.600000000 -0.874880000 2.095069000
v 1.200000000 -0.874692000 1.980832000
v 1.050000000 -0.874692000 1.980832000
v 1.050000000 -0.881612000 1.984527000
v 1.200000000 -0.874692000 1.980832000
v 1.050000000 -0.881612000 1.984527000
v 1.200000000 -0.881612000 1.984527000
v 1.200000000 -0.881612000 1.984527000
v 1.050000000 -0.881612000 1.984527000
v 1.050000000 -0.887784000 1.989368000
v 1.200000000 -0.881612000 1.984527000
v 1.050000000 -0.887784000 1.989368000
v 1.200000000 -0.887784000 1.989368000
v 1.200000000 -0.887784000 1.989368000
v 1.050000000 -0.887784000 1.989368000
v 1.050000000 -0.893022000 1.995207000
v 1.200000000 -0.887784000 1.989368000
v 1.050000000 -0.893022000 1.995207000
v 1.200000000 -0.893022000 1.995207000
v 1.200000000 -0.893022000 1.995207000
v 1.050000000 -0.893022000 1.995207000
v 1.050000000 -0.897166000 2.001867000
v 1.200000000 -0.893022000 1.995207000
v 1.050000000 -0.897166000 2.001867000
v 1.200000000 -0.897166000 2.001867000
v 1.200000000 -0.897166000 2.001867000
v 1.050000000 -0.897166000 2.001867000
v 1.050000000 -0.900091000 2.009145000
v 1.200000000 -0.897166000 2.001867000
v 1.050000000 -0.900091000 2.009145000
v 1.200000000 -0.900091000 2.009145000
v 1.200000000 -0.900091000 2.009145000
v 1.050000000 -0.900091000 2.009145000
v 1.050000000 -0.901708000 2.016820000
v 1.200000000 -0.900091000 2.009145000
v 1.050000000 -0.901708000 2.016820000
v 1.200000000 -0.901708000 2.016820000
v 1.200000000 -0.901708000 2.016820000
v 1.050000000 -0.901708000 2.016820000
v 1.050000000 -0.901968000 2.024660000
v 1.200000000 -0.901708000 2.016820000
v 1.050000000 -0.901968000 2.024660000
v 1.200000000 -0.901968000 2.024660000
v 1.200000000 -0.901968000 2.024660000
v 1.050000000 -0.901968000 2.024660000
v 1.050000000 -0.900862000 2.032426000
v 1.200000000 -0.901968000 2.024660000
v 1.050000000 -0.900862000 2.032426000
v 1.200000000 -0.900862000 2.032426000
v 1.200000000 -0.900862000 2.032426000
v 1.050000000 -0.900862000 2.032426000
v 1.050000000 -0.898424000 2.039881000
v 1.200000000 -0.900862000 2.032426000
v 1.050000000 -0.898424000 2.039881000
v 1.200000000 -0.898424000 2.039881000
v 1.050000000 -0.815831000 2.118801000
v 1.200000000 -0.815831000 2.118801000
v 1.200000000 -0.823286000 2.121238000
v 1.050000000 -0.815831000 2.118801000
v 1.200000000 -0.823286000 2.121238000
v 1.050000000 -0.823286000 2.121238000
v 1.050000000 -0.823286000 2.121238000
v 1.200000000 -0.823286000 2.121238000
v 1.200000000 -0.831052000 2.122344000
v 1.050000000 -0.823286000 2.121238000
v 1.200000000 -0.831052000 2.122344000
v 1.050000000 -0.831052000 2.122344000
v 1.050000000 -0.831052000 2.122344000
v 1.200000000 -0.831052000 2.122344000
v 1.200000000 -0.838892000 2.122085000
v 1.050000000 -0.831052000 2.122344000
v 1.200000000 -0.838892000 2.122085000
v 1.050000000 -0.838892000 2.122085000
v 1.050000000 -0.838892000 2.122085000
v 1.200000000 -0.838892000 2.122085000
v 1.200000000 -0.846567000 2.120468000
v 1.050000000 -0.838892000 2.122085000
v 1.200000000 -0.846567000 2.120468000
v 1.050000000 -0.846567000 2.120468000
v 1.050000000 -0.846567000 2.120468000
v 1.200000000 -0.846567000 2.120468000
v 1.200000000 -0.853845000 2.117543000
v 1.050000000 -0.846567000 2.120468000
v 1.200000000 -0.853845000 2.117543000
v 1.050000000 -0.853845000 2.117543000
v 1.050000000 -0.853845000 2.117543000
v 1.200000000 -0.853845000 2.117543000
v 1.200000000 -0.860505000 2.113398000
v 1.050000000 -0.853845000 2.117543000
v 1.200000000 -0.860505000 2.113398000
v 1.050000000 -0.860505000 2.113398000
v 1.050000000 -0.860505000 2.113398000
v 1.200000000 -0.860505000 2.113398000
v 1.200000000 -0.866344000 2.108160000
v 1.050000000 -0.860505000 2.113398000
v 1.200000000 -0.866344000 2.108160000
v 1.050000000 -0.866344000 2.108160000
v 1.050000000 -0.866344000 2.108160000
v 1.200000000 -0.866344000 2.108160000
v 1.200000000 -0.871184000 2.101988000
v 1.050000000 -0.866344000 2.108160000
v 1.200000000 -0.871184000 2.101988000
v 1.050000000 -0.871184000 2.101988000
v 1.050000000 -0.871184000 2.101988000
v 1.200000000 -0.871184000 2.101988000
v 1.200000000 -0.874880000 2.095069000
v 1.050000000 -0.871184000 2.101988000
v 1.200000000 -0.874880000 2.095069000
v 1.050000000 -0.874880000 2.095069000
f 217 218 219
f 220 221 222
f 223 224 225
f 226 227 228
f 229 230 231
f 232 233 234
f 235 236 237
f 238 239 240
f 241 242 243
f 244 245 246
f 247 248 249
f 250 251 252
f 253 254 255
f 256 257 258
f 259 260 261
f 262 263 264
f 265 266 267
f 268 269 270
f 271 272 273
f 274 275 276
f 277 278 279
f 280 281 282
f 283 284 285
f 286 287 288
f 289 290 291
f 292 293 294
f 295 296 297
f 298 299 300
f 301 302 303
f 304 305 306
f 307 308 309
f 310 311 312
f 313 314 315
f 316 317 318
f 319 320 321
f 322 323 324
f 325 326 327
f 328 329 330
f 331 332 333
f 334 335 336
f 337 338 339
f 340 341 342
f 343 344 345
f 346 347 348
f 349 350 351
f 352 353 354
f 355 356 357
f 358 359 360
f 361 362 363
f 364 365 366
f 367 368 369
f 370 371 372
f 373 374 375
f 376 377 378
f 379 380 381
f 382 383 384
f 385 386 387
f 388 389 390
f 391 392 393
f 394 395 396
f 397 398 399
f 400 401 402
f 403 404 405
f 406 407 408
f 409 410 411
f 412 413 414
f 415 416 417
f 418 419 420
f 421 422 423
f 424 425 426
f 427 428 429
f 430 431 432
f 433 434 435
f 436 437 438
f 439 440 441
f 442 443 444
f 445 446 447
f 448 449 450
f 451 452 453
f 454 455 456
f 457 458 459
f 460 461 462
f 463 464 465
f 466 467 468
f 469 470 471
f 472 473 474
f 475 476 477
f 478 479 480
f 481 482 483
f 484 485 486
f 487 488 489
f 490 491 492
f 493 494 495
f 496 497 498
f 499 500 501
f 502 503 504
f 505 506 507
f 508 509 510
f 511 512 513
f 514 515 516
f 517 518 519
f 520 521 522
f 523 524 525
f 526 527 528
f 529 530 531
f 532 533 534
f 535 536 537
f 538 539 540
f 541 542 543
f 544 545 546
f 547 548 549
f 550 551 552
f 553 554 555
f 556 557 558
f 559 560 561
f 562 563 564
f 565 566 567
f 568 569 570
f 571 572 573
f 574 575 576
f 577 578 579
f 580 581 582
f 583 584 585
f 586 587 588
f 589 590 591
f 592 593 594
f 595 596 597
f 598 599 600
f 601 602 603
f 604 605 606
f 607 608 609
f 610 611 612
f 613 614 615
f 616 617 618
f 619 620 621
f 622 623 624
f 625 626 627
f 628 629 630
f 631 632 633
f 634 635 636
f 637 638 639
f 640 641 642
f 643 644 645
f 646 647 648
f 649 650 651
f 652 653 654
f 655 656 657
f 658 659 660
f 661 662 663
f 664 665 666
f 667 668 669
f 670 671 672
f 673 674 675
f 676 677 678
f 679 680 681
f 682 683 684
f 685 686 687
f 688 689 690
f 691 692 693
f 694 695 696
f 697 698 699
f 700 701 702
f 703 704 705
f 706 707 708
f 709 710 711
f 712 713 714
f 715 716 717
f 718 719 720
f 721 722 723
f 724 725 726
f 727 728 729
f 730 731 732
f 733 734 735
f 736 737 738
f 739 740 741
f 742 743 744
f 745 746 747
f 748 749 750
f 751 752 753
f 754 755 756
f 757 758 759
f 760 761 762
f 763 764 765
f 766 767 768
f 769 770 771
f 772 773 774
f 775 776 777
f 778 779 780
f 781 782 783
f 784 785 786
f 787 788 789
f 790 791 792
f 793 794 795
f 796 797 798
f 799 800 801
f 802 803 804
f 805 806 807
f 808 809 810
f 811 812 813
f 814 815 816
f 817 818 819
f 820 821 822
f 823 824 825
f 826 827 828
f 829 830 831
f 832 833 834
f 835 836 837
f 838 839 840
f 841 842 843
f 844 845 846
f 847 848 849
f 850 851 852
f 853 854 855
f 856 857 858
f 859 860 861
f 862 863 864
f 865 866 867
f 868 869 870
f 871 872 873
f 874 875 876
f 877 878 879
f 880 881 882
f 883 884 885
f 886 887 888
f 889 890 891
f 892 893 894
f 895 896 897
f 898 899 900
f 901 902 903
f 904 905 906
f 907 908 909
f 910 911 912
f 913 914 915
f 916 917 918
f 919 920 921
f 922 923 924
f 925 926 927
f 928 929 930
f 931 932 933
f 934 935 936
f 937 938 939
f 940 941 942
f 943 944 945
f 946 947 948
f 949 950 951
f 952 953 954
f 955 956 957
f 958 959 960
f 961 962 963
f 964 965 966
f 967 968 969
f 970 971 972
f 973 974 975
f 976 977 978
f 979 980 981
f 982 983 984
f 985 986 987
f 988 989 990
f 991 992 993
f 994 995 996
f 997 998 999
f 1000 1001 1002
f 1003 1004 1005
f 1006 1007 1008
f 1009 1010 1011
f 1012 1013 1014
f 1015 1016 1017
f 1018 1019 1020
f 1021 1022 1023
f 1024 1025 1026
f 1027 1028 1029
f 1030 1031 1032
f 1033 1034 1035
f 1036 1037 1038
f 1039 1040 1041
f 1042 1043 1044
f 1045 1046 1047
f 1048 1049 1050
f 1051 1052 1053
f 1054 1055 1056
f 1057 1058 1059
f 1060 1061 1062
f 1063 1064 1065
f 1066 1067 1068
f 1069 1070 1071
f 1072 1073 1074
f 1075 1076 1077
f 1078 1079 1080
f 1081 1082 1083
f 1084 1085 1086
f 1087 1088 1089
f 1090 1091 1092
f 1093 1094 1095
f 1096 1097 1098
f 1099 1100 1101
f 1102 1103 1104
f 1105 1106 1107
f 1108 1109 1110
f 1111 1112 1113
f 1114 1115 1116
f 1117 1118 1119
f 1120 1121 1122
f 1123 1124 1125
f 1126 1127 1128
f 1129 1130 1131
f 1132 1133 1134
f 1135 1136 1137
f 1138 1139 1140
f 1141 1142 1143
f 1144 1145 1146
f 1147 1148 1149
f 1150 1151 1152
f 1153 1154 1155
f 1156 1157 1158
f 1159 1160 1161
f 1162 1163 1164
f 1165 1166 1167
f 1168 1169 1170
f 1171 1172 1173
f 1174 1175 1176
f 1177 1178 1179
f 1180 1181 1182
f 1183 1184 1185
f 1186 1187 1188
f 1189 1190 1191
f 1192 1193 1194
f 1195 1196 1197
f 1198 1199 1200
f 1201 1202 1203
f 1204 1205 1206
f 1207 1208 1209
f 1210 1211 1212
f 1213 1214 1215
f 1216 1217 1218
f 1219 1220 1221
f 1222 1223 1224
f 1225 1226 1227
f 1228 1229 1230
f 1231 1232 1233
f 1234 1235 1236
f 1237 1238 1239
f 1240 1241 1242
f 1243 1244 1245
f 1246 1247 1248
f 1249 1250 1251
f 1252 1253 1254
f 1255 1256 1257
f 1258 1259 1260
f 1261 1262 1263
f 1264 1265 1266
f 1267 1268 1269
f 1270 1271 1272
f 1273 1274 1275
f 1276 1277 1278
f 1279 1280 1281
f 1282 1283 1284
f 1285 1286 1287
f 1288 1289 1290
f 1291 1292 1293
f 1294 1295 1296
f 1297 1298 1299
f 1300 1301 1302
f 1303 1304 1305
f 1306 1307 1308
f 1309 1310 1311
f 1312 1313 1314
f 1315 1316 1317
f 1318 1319 1320
f 1321 1322 1323
f 1324 1325 1326
f 1327 1328 1329
f 1330 1331 1332
f 1333 1334 1335
f 1336 1337 1338
f 1339 1340 1341
f 1342 1343 1344
f 1345 1346 1347
f 1348 1349 1350
f 1351 1352 1353
f 1354 1355 1356
f 1357 1358 1359
f 1360 1361 1362
f 1363 1364 1365
f 1366 1367 1368
f 1369 1370 1371
f 1372 1373 1374
f 1375 1376 1377
f 1378 1379 1380
f 1381 1382 1383
f 1384 1385 1386
f 1387 1388 1389
f 1390 1391 1392
f 1393 1394 1395
f 1396 1397 1398
f 1399 1400 1401
f 1402 1403 1404
f 1405 1406 1407
f 1408 1409 1410
f 1411 1412 1413
f 1414 1415 1416
f 1417 1418 1419
f 1420 1421 1422
f 1423 1424 1425
f 1426 1427 1428
f 1429 1430 1431
f 1432 1433 1434
f 1435 1436 1437
f 1438 1439 1440
f 1441 1442 1443
f 1444 1445 1446
f 1447 1448 1449
f 1450 1451 1452
f 1453 1454 1455
f 1456 1457 1458
f 1459 1460 1461
f 1462 1463 1464
f 1465 1466 1467
f 1468 1469 1470
f 1471 1472 1473
f 1474 1475 1476
f 1477 1478 1479
f 1480 1481 1482
f 1483 1484 1485
f 1486 1487 1488
f 1489 1490 1491
f 1492 1493 1494
f 1495 1496 1497
f 1498 1499 1500
f 1501 1502 1503
f 1504 1505 1506
f 1507 1508 1509
f 1510 1511 1512
f 1513 1514 1515
f 1516 1517 1518
f 1519 1520 1521
f 1522 1523 1524
f 1525 1526 1527
f 1528 1529 1530
f 1531 1532 1533
f 1534 1535 1536
f 1537 1538 1539
f 1540 1541 1542
f 1543 1544 1545
f 1546 1547 1548
f 1549 1550 1551
f 1552 1553 1554
f 1555 1556 1557
f 1558 1559 1560
f 1561 1562 1563
f 1564 1565 1566
f 1567 1568 1569
f 1570 1571 1572
f 1573 1574 1575
f 1576 1577 1578
f 1579 1580 1581
f 1582 1583 1584
f 1585 1586 1587
f 1588 1589 1590
f 1591 1592 1593
f 1594 1595 1596
f 1597 1598 1599
f 1600 1601 1602
f 1603 1604 1605
f 1606 1607 1608
f 1609 1610 1611
f 1612 1613 1614
f 1615 1616 1617
f 1618 1619 1620
f 1621 1622 1623
f 1624 1625 1626
f 1627 1628 1629
f 1630 1631 1632
f 1633 1634 1635
f 1636 1637 1638
f 1639 1640 1641
f 1642 1643 1644
f 1645 1646 1647
f 1648 1649 1650
f 1651 1652 1653
f 1654 1655 1656
f 1657 1658 1659
f 1660 1661 1662
f 1663 1664 1665
f 1666 1667 1668
f 1669 1670 1671
f 1672 1673 1674
f 1675 1676 1677
f 1678 1679 1680
f 1681 1682 1683
f 1684 1685 1686
f 1687 1688 1689
f 1690 1691 1692
f 1693 1694 1695
f 1696 1697 1698
f 1699 1700 1701
f 1702 1703 1704
f 1705 1706 1707
f 1708 1709 1710
f 1711 1712 1713
f 1714 1715 1716
f 1717 1718 1719
f 1720 1721 1722
f 1723 1724 1725
f 1726 1727 1728
f 1729 1730 1731
f 1732 1733 1734
f 1735 1736 1737
f 1738 1739 1740
f 1741 1742 1743
f 1744 1745 1746
f 1747 1748 1749
f 1750 1751 1752
f 1753 1754 1755
f 1756 1757 1758
f 1759 1760 1761
f 1762 1763 1764
f 1765 1766 1767
f 1768 1769 1770
f 1771 1772 1773
f 1774 1775 1776
f 1777 1778 1779
f 1780 1781 1782
f 1783 1784 1785
f 1786 1787 1788
f 1789 1790 1791
f 1792 1793 1794
f 1795 1796 1797
f 1798 1799 1800
f 1801 1802 1803
f 1804 1805 1806
f 1807 1808 1809
f 1810 1811 1812
f 1813 1814 1815
f 1816 1817 1818
f 1819 1820 1821
f 1822 1823 1824
f 1825 1826 1827
f 1828 1829 1830
f 1831 1832 1833
f 1834 1835 1836
f 1837 1838 1839
f 1840 1841 1842
f 1843 1844 1845
f 1846 1847 1848
f 1849 1850 1851
f 1852 1853 1854
f 1855 1856 1857
f 1858 1859 1860
f 1861 1862 1863
f 1864 1865 1866
f 1867 1868 1869
f 1870 1871 1872
f 1873 1874 1875
f 1876 1877 1878
f 1879 1880 1881
f 1882 1883 1884
f 1885 1886 1887
f 1888 1889 1890
f 1891 1892 1893
f 1894 1895 1896
f 1897 1898 1899
f 1900 1901 1902
f 1903 1904 1905
f 1906 1907 1908
f 1909 1910 1911
f 1912 1913 1914
f 1915 1916 1917
f 1918 1919 1920
f 1921 1922 1923
f 1924 1925 1926
f 1927 1928 1929
f 1930 1931 1932
f 1933 1934 1935
f 1936 1937 1938
f 1939 1940 1941
f 1942 1943 1944
f 1945 1946 1947
f 1948 1949 1950
f 1951 1952 1953
f 1954 1955 1956
f 1957 1958 1959
f 1960 1961 1962
f 1963 1964 1965
f 1966 1967 1968
f 1969 1970 1971
f 1972 1973 1974
f 1975 1976 1977
f 1978 1979 1980
f 1981 1982 1983
f 1984 1985 1986
f 1987 1988 1989
f 1990 1991 1992
f 1993 1994 1995
f 1996 1997 1998
f 1999 2000 2001
f 2002 2003 2004
f 2005 2006 2007
f 2008 2009 2010
f 2011 2012 2013
f 2014 2015 2016
f 2017 2018 2019
f 2020 2021 2022
f 2023 2024 2025
f 2026 2027 2028
f 2029 2030 2031
f 2032 2033 2034
f 2035 2036 2037
f 2038 2039 2040
f 2041 2042 2043
f 2044 2045 2046
f 2047 2048 2049
f 2050 2051 2052
f 2053 2054 2055
f 2056 2057 2058
f 2059 2060 2061
f 2062 2063 2064
f 2065 2066 2067
f 2068 2069 2070
f 2071 2072 2073
f 2074 2075 2076
f 2077 2078 2079
f 2080 2081 2082
f 2083 2084 2085
f 2086 2087 2088
f 2089 2090 2091
f 2092 2093 2094
f 2095 2096 2097
f 2098 2099 2100
f 2101 2102 2103
f 2104 2105 2106
f 2107 2108 2109
f 2110 2111 2112
f 2113 2114 2115
f 2116 2117 2118
f 2119 2120 2121
f 2122 2123 2124
f 2125 2126 2127
f 2128 2129 2130
f 2131 2132 2133
f 2134 2135 2136
f 2137 2138 2139
f 2140 2141 2142
f 2143 2144 2145
f 2146 2147 2148
f 2149 2150 2151
f 2152 2153 2154
f 2155 2156 2157
f 2158 2159 2160
f 2161 2162 2163
f 2164 2165 2166
f 2167 2168 2169
f 2170 2171 2172
f 2173 2174 2175
f 2176 2177 2178
f 2179 2180 2181
f 2182 2183 2184
f 2185 2186 2187
f 2188 2189 2190
f 2191 2192 2193
f 2194 2195 2196
f 2197 2198 2199
f 2200 2201 2202
f 2203 2204 2205
f 2206 2207 2208
f 2209 2210 2211
f 2212 2213 2214
f 2215 2216 2217
f 2218 2219 2220
f 2221 2222 2223
f 2224 2225 2226
f 2227 2228 2229
f 2230 2231 2232
f 2233 2234 2235
f 2236 2237 2238
f 2239 2240 2241
f 2242 2243 2244
f 2245 2246 2247
f 2248 2249 2250
f 2251 2252 2253
f 2254 2255 2256
f 2257 2258 2259
f 2260 2261 2262
f 2263 2264 2265
f 2266 2267 2268
f 2269 2270 2271
f 2272 2273 2274
f 2275 2276 2277
f 2278 2279 2280
f 2281 2282 2283
f 2284 2285 2286
f 2287 2288 2289
f 2290 2291 2292
f 2293 2294 2295
f 2296 2297 2298
f 2299 2300 2301
f 2302 2303 2304
f 2305 2306 2307
f 2308 2309 2310
f 2311 2312 2313
f 2314 2315 2316
f 2317 2318 2319
f 2320 2321 2322
f 2323 2324 2325
f 2326 2327 2328
f 2329 2330 2331
f 2332 2333 2334
f 2335 2336 2337
f 2338 2339 2340
f 2341 2342 2343
f 2344 2345 2346
f 2347 2348 2349
f 2350 2351 2352
f 2353 2354 2355
f 2356 2357 2358
f 2359 2360 2361
f 2362 2363 2364
f 2365 2366 2367
f 2368 2369 2370
f 2371 2372 2373
f 2374 2375 2376
f 2377 2378 2379
f 2380 2381 2382
f 2383 2384 2385
f 2386 2387 2388
f 2389 2390 2391
f 2392 2393 2394
f 2395 2396 2397
f 2398 2399 2400
f 2401 2402 2403
f 2404 2405 2406
f 2407 2408 2409
f 2410 2411 2412
f 2413 2414 2415
f 2416 2417 2418
f 2419 2420 2421
f 2422 2423 2424
f 2425 2426 2427
f 2428 2429 2430
f 2431 2432 2433
f 2434 2435 2436
f 2437 2438 2439
f 2440 2441 2442
f 2443 2444 2445
f 2446 2447 2448
f 2449 2450 2451
f 2452 2453 2454
f 2455 2456 2457
f 2458 2459 2460
f 2461 2462 2463
f 2464 2465 2466
f 2467 2468 2469
f 2470 2471 2472
f 2473 2474 2475
f 2476 2477 2478
f 2479 2480 2481
f 2482 2483 2484
f 2485 2486 2487
f 2488 2489 2490
f 2491 2492 2493
f 2494 2495 2496
f 2497 2498 2499
f 2500 2501 2502
f 2503 2504 2505
f 2506 2507 2508
f 2509 2510 2511
f 2512 2513 2514
f 2515 2516 2517
f 2518 2519 2520
f 2521 2522 2523
f 2524 2525 2526
f 2527 2528 2529
f 2530 2531 2532
f 2533 2534 2535
f 2536 2537 2538
f 2539 2540 2541
f 2542 2543 2544
f 2545 2546 2547
f 2548 2549 2550
f 2551 2552 2553
f 2554 2555 2556
f 2557 2558 2559
f 2560 2561 2562
f 2563 2564 2565
f 2566 2567 2568
f 2569 2570 2571
f 2572 2573 2574
f 2575 2576 2577
f 2578 2579 2580
f 2581 2582 2583
f 2584 2585 2586
f 2587 2588 2589
f 2590 2591 2592
f 2593 2594 2595
f 2596 2597 2598
f 2599 2600 2601
f 2602 2603 2604
f 2605 2606 2607
f 2608 2609 2610
f 2611 2612 2613
f 2614 2615 2616
f 2617 2618 2619
f 2620 2621 2622
f 2623 2624 2625
f 2626 2627 2628
f 2629 2630 2631
f 2632 2633 2634
f 2635 2636 2637
f 2638 2639 2640
f 2641 2642 2643
f 2644 2645 2646
f 2647 2648 2649
f 2650 2651 2652
f 2653 2654 2655
f 2656 2657 2658
f 2659 2660 2661
f 2662 2663 2664
f 2665 2666 2667
f 2668 2669 2670
f 2671 2672 2673
f 2674 2675 2676
f 2677 2678 2679
f 2680 2681 2682
f 2683 2684 2685
f 2686 2687 2688
f 2689 2690 2691
f 2692 2693 2694
f 2695 2696 2697
f 2698 2699 2700
f 2701 2702 2703
f 2704 2705 2706
f 2707 2708 2709
f 2710 2711 2712
f 2713 2714 2715
f 2716 2717 2718
f 2719 2720 2721
f 2722 2723 2724
f 2725 2726 2727
f 2728 2729 2730
f 2731 2732 2733
f 2734 2735 2736
f 2737 2738 2739
f 2740 2741 2742
f 2743 2744 2745
f 2746 2747 2748
f 2749 2750 2751
f 2752 2753 2754
f 2755 2756 2757
f 2758 2759 2760
f 2761 2762 2763
f 2764 2765 2766
f 2767 2768 2769
f 2770 2771 2772
f 2773 2774 2775
f 2776 2777 2778
f 2779 2780 2781
f 2782 2783 2784
f 2785 2786 2787
f 2788 2789 2790
f 2791 2792 2793
f 2794 2795 2796
f 2797 2798 2799
f 2800 2801 2802
f 2803 2804 2805
f 2806 2807 2808
f 2809 2810 2811
f 2812 2813 2814
f 2815 2816 2817
f 2818 2819 2820
f 2821 2822 2823
f 2824 2825 2826
f 2827 2828 2829
f 2830 2831 2832
f 2833 2834 2835
f 2836 2837 2838
f 2839 2840 2841
f 2842 2843 2844
f 2845 2846 2847
f 2848 2849 2850
f 2851 2852 2853
f 2854 2855 2856
f 2857 2858 2859
f 2860 2861 2862
f 2863 2864 2865
f 2866 2867 2868
f 2869 2870 2871
f 2872 2873 2874
f 2875 2876 2877
f 2878 2879 2880
f 2881 2882 2883
f 2884 2885 2886
f 2887 2888 2889
f 2890 2891 2892
f 2893 2894 2895
f 2896 2897 2898
f 2899 2900 2901
f 2902 2903 2904
f 2905 2906 2907
f 2908 2909 2910
f 2911 2912 2913
f 2914 2915 2916
f 2917 2918 2919
f 2920 2921 2922
f 2923 2924 2925
f 2926 2927 2928
f 2929 2930 2931
f 2932 2933 2934
f 2935 2936 2937
f 2938 2939 2940
f 2941 2942 2943
f 2944 2945 2946
f 2947 2948 2949
f 2950 2951 2952
f 2953 2954 2955
f 2956 2957 2958
f 2959 2960 2961
f 2962 2963 2964
f 2965 2966 2967
f 2968 2969 2970
f 2971 2972 2973
f 2974 2975 2976
f 2977 2978 2979
f 2980 2981 2982
f 2983 2984 2985
f 2986 2987 2988
f 2989 2990 2991
f 2992 2993 2994
f 2995 2996 2997
f 2998 2999 3000
f 3001 3002 3003
f 3004 3005 3006
f 3007 3008 3009
f 3010 3011 3012
f 3013 3014 3015
f 3016 3017 3018
f 3019 3020 3021
f 3022 3023 3024
f 3025 3026 3027
f 3028 3029 3030
f 3031 3032 3033
f 3034 3035 3036
f 3037 3038 3039
f 3040 3041 3042
f 3043 3044 3045
f 3046 3047 3048
f 3049 3050 3051
f 3052 3053 3054
f 3055 3056 3057
f 3058 3059 3060
f 3061 3062 3063
f 3064 3065 3066
f 3067 3068 3069
f 3070 3071 3072
f 3073 3074 3075
f 3076 3077 3078
f 3079 3080 3081
f 3082 3083 3084
f 3085 3086 3087
f 3088 3089 3090
f 3091 3092 3093
f 3094 3095 3096
f 3097 3098 3099
f 3100 3101 3102
f 3103 3104 3105
f 3106 3107 3108
f 3109 3110 3111
f 3112 3113 3114
f 3115 3116 3117
f 3118 3119 3120
f 3121 3122 3123
f 3124 3125 3126
f 3127 3128 3129
f 3130 3131 3132
o loader_bucket
v -0.075000000 1.371185000 1.545715000
v -0.075000000 1.292094000 1.580300000
v -0.105000000 1.371185000 1.545715000
v -0.105000000 1.292094000 1.580300000
v 0.630000000 1.371185000 1.545715000
v 0.630000000 1.292094000 1.580300000
v 0.600000000 1.371185000 1.545715000
v 0.600000000 1.292094000 1.580300000
v 0.000000000 1.371185000 1.545715000
v 0.000000000 1.292094000 1.580300000
v -0.030000000 1.371185000 1.545715000
v -0.030000000 1.292094000 1.580300000
v 0.705000000 1.371185000 1.545715000
v 0.705000000 1.292094000 1.580300000
v 0.675000000 1.371185000 1.545715000
v 0.675000000 1.292094000 1.580300000
v -0.075000000 1.267245000 1.576096000
v -0.075000000 1.243165000 1.553778000
v -0.105000000 1.267245000 1.576096000
v -0.105000000 1.243165000 1.553778000
v 0.630000000 1.267245000 1.576096000
v 0.630000000 1.243165000 1.553778000
v 0.600000000 1.267245000 1.576096000
v 0.600000000 1.243165000 1.553778000
v 0.000000000 1.267245000 1.576096000
v 0.000000000 1.243165000 1.553778000
v -0.030000000 1.267245000 1.576096000
v -0.030000000 1.243165000 1.553778000
v 0.705000000 1.267245000 1.576096000
v 0.705000000 1.243165000 1.553778000
v 0.675000000 1.267245000 1.576096000
v 0.675000000 1.243165000 1.553778000
v -0.075000000 1.239230000 1.524825000
v -0.075000000 1.308418000 1.412780000
v -0.105000000 1.239230000 1.524825000
v -0.105000000 1.308418000 1.412780000
v 0.630000000 1.239230000 1.524825000
v 0.630000000 1.308418000 1.412780000
v 0.600000000 1.239230000 1.524825000
v 0.600000000 1.308418000 1.412780000
v 0.000000000 1.239230000 1.524825000
v 0.000000000 1.308418000 1.412780000
v -0.030000000 1.239230000 1.524825000
v -0.030000000 1.308418000 1.412780000
v 0.705000000 1.239230000 1.524825000
v 0.705000000 1.308418000 1.412780000
v 0.675000000 1.239230000 1.524825000
v 0.675000000 1.308418000 1.412780000
v -0.075000000 1.388833000 1.539651000
v -0.105000000 1.388833000 1.539651000
v -0.075000000 1.407229000 1.536520000
v -0.105000000 1.407229000 1.536520000
v -0.075000000 1.425889000 1.536406000
v -0.105000000 1.425889000 1.536406000
v -0.075000000 1.444322000 1.539311000
v -0.105000000 1.444322000 1.539311000
v -0.075000000 1.462042000 1.545159000
v -0.105000000 1.462042000 1.545159000
v -0.075000000 1.469975000 1.548875000
v 0.600000000 1.469975000 1.548875000
v 0.000000000 1.469975000 1.548875000
v -1.050000000 1.478583000 1.553797000
v -0.105000000 1.469975000 1.548875000
v -1.050000000 1.469975000 1.548875000
v 0.000000000 1.388833000 1.539651000
v -0.030000000 1.388833000 1.539651000
v 0.000000000 1.407229000 1.536520000
v -0.030000000 1.407229000 1.536520000
v 0.000000000 1.425889000 1.536406000
v -0.030000000 1.425889000 1.536406000
v 0.000000000 1.444322000 1.539311000
v -0.030000000 1.444322000 1.539311000
v 0.000000000 1.462042000 1.545159000
v -0.030000000 1.462042000 1.545159000
v -0.030000000 1.469975000 1.548875000
v 0.630000000 1.388833000 1.539651000
v 0.600000000 1.388833000 1.539651000
v 0.630000000 1.407229000 1.536520000
v 0.600000000 1.407229000 1.536520000
v 0.630000000 1.425889000 1.536406000
v 0.600000000 1.425889000 1.536406000
v 0.630000000 1.444322000 1.539311000
v 0.600000000 1.444322000 1.539311000
v 0.630000000 1.462042000 1.545159000
v 0.600000000 1.462042000 1.545159000
v 0.630000000 1.469975000 1.548875000
v 0.705000000 1.388833000 1.539651000
v 0.675000000 1.388833000 1.539651000
v 0.705000000 1.407229000 1.536520000
v 0.675000000 1.407229000 1.536520000
v 0.705000000 1.425889000 1.536406000
v 0.675000000 1.425889000 1.536406000
v 0.705000000 1.444322000 1.539311000
v 0.675000000 1.444322000 1.539311000
v 0.705000000 1.462042000 1.545159000
v 0.675000000 1.462042000 1.545159000
v 0.705000000 1.469975000 1.548875000
v 0.675000000 1.469975000 1.548875000
v 1.650000000 1.469975000 1.548875000
v 1.650000000 1.478583000 1.553797000
v 1.650000000 1.493510000 1.564995000
v -1.050000000 1.493510000 1.564995000
v -0.075000000 1.318008000 1.311349000
v -0.105000000 1.318008000 1.311349000
v -0.075000000 1.323002000 1.328198000
v -0.105000000 1.323002000 1.328198000
v -0.075000000 1.325371000 1.345613000
v -0.105000000 1.325371000 1.345613000
v -0.075000000 1.325058000 1.363184000
v -0.105000000 1.325058000 1.363184000
v -0.075000000 1.322072000 1.380503000
v -0.105000000 1.322072000 1.380503000
v -0.075000000 1.316481000 1.397165000
v -0.105000000 1.316481000 1.397165000
v 0.630000000 1.318008000 1.311349000
v 0.600000000 1.318008000 1.311349000
v 0.630000000 1.323002000 1.328198000
v 0.600000000 1.323002000 1.328198000
v 0.630000000 1.325371000 1.345613000
v 0.600000000 1.325371000 1.345613000
v 0.630000000 1.325058000 1.363184000
v 0.600000000 1.325058000 1.363184000
v 0.630000000 1.322072000 1.380503000
v 0.600000000 1.322072000 1.380503000
v 0.630000000 1.316481000 1.397165000
v 0.600000000 1.316481000 1.397165000
v 0.000000000 1.318008000 1.311349000
v -0.030000000 1.318008000 1.311349000
v 0.000000000 1.323002000 1.328198000
v -0.030000000 1.323002000 1.328198000
v 0.000000000 1.325371000 1.345613000
v -0.030000000 1.325371000 1.345613000
v 0.000000000 1.325058000 1.363184000
v -0.030000000 1.325058000 1.363184000
v 0.000000000 1.322072000 1.380503000
v -0.030000000 1.322072000 1.380503000
v 0.000000000 1.316481000 1.397165000
v -0.030000000 1.316481000 1.397165000
v 0.705000000 1.318008000 1.311349000
v 0.675000000 1.318008000 1.311349000
v 0.705000000 1.323002000 1.328198000
v 0.675000000 1.323002000 1.328198000
v 0.705000000 1.325371000 1.345613000
v 0.675000000 1.325371000 1.345613000
v 0.705000000 1.325058000 1.363184000
v 0.675000000 1.325058000 1.363184000
v 0.705000000 1.322072000 1.380503000
v 0.675000000 1.322072000 1.380503000
v 0.705000000 1.316481000 1.397165000
v 0.675000000 1.316481000 1.397165000
v -0.075000000 1.288493000 1.581532000
v -0.105000000 1.288493000 1.581532000
v -0.075000000 1.284738000 1.582152000
v -0.105000000 1.284738000 1.582152000
v -0.075000000 1.280932000 1.582144000
v -0.105000000 1.280932000 1.582144000
v -0.075000000 1.277179000 1.581510000
v -0.105000000 1.277179000 1.581510000
v -0.075000000 1.273583000 1.580264000
v -0.105000000 1.273583000 1.580264000
v -0.075000000 1.270241000 1.578443000
v -0.105000000 1.270241000 1.578443000
v 0.630000000 1.288493000 1.581532000
v 0.600000000 1.288493000 1.581532000
v 0.630000000 1.284738000 1.582152000
v 0.600000000 1.284738000 1.582152000
v 0.630000000 1.280932000 1.582144000
v 0.600000000 1.280932000 1.582144000
v 0.630000000 1.277179000 1.581510000
v 0.600000000 1.277179000 1.581510000
v 0.630000000 1.273583000 1.580264000
v 0.600000000 1.273583000 1.580264000
v 0.630000000 1.270241000 1.578443000
v 0.600000000 1.270241000 1.578443000
v 0.000000000 1.288493000 1.581532000
v -0.030000000 1.288493000 1.581532000
v 0.000000000 1.284738000 1.582152000
v -0.030000000 1.284738000 1.582152000
v 0.000000000 1.280932000 1.582144000
v -0.030000000 1.280932000 1.582144000
v 0.000000000 1.277179000 1.581510000
v -0.030000000 1.277179000 1.581510000
v 0.000000000 1.273583000 1.580264000
v -0.030000000 1.273583000 1.580264000
v 0.000000000 1.270241000 1.578443000
v -0.030000000 1.270241000 1.578443000
v 0.705000000 1.288493000 1.581532000
v 0.675000000 1.288493000 1.581532000
v 0.705000000 1.284738000 1.582152000
v 0.675000000 1.284738000 1.582152000
v 0.705000000 1.280932000 1.582144000
v 0.675000000 1.280932000 1.582144000
v 0.705000000 1.277179000 1.581510000
v 0.675000000 1.277179000 1.581510000
v 0.705000000 1.273583000 1.580264000
v 0.675000000 1.273583000 1.580264000
v 0.705000000 1.270241000 1.578443000
v 0.675000000 1.270241000 1.578443000
v -0.075000000 1.240508000 1.550852000
v -0.105000000 1.240508000 1.550852000
v -0.075000000 1.238391000 1.547514000
v -0.105000000 1.238391000 1.547514000
v -0.075000000 1.236876000 1.543863000
v -0.105000000 1.236876000 1.543863000
v -0.075000000 1.236009000 1.540007000
v -0.105000000 1.236009000 1.540007000
v -0.075000000 1.235816000 1.536059000
v -0.105000000 1.235816000 1.536059000
v -0.075000000 1.236301000 1.532136000
v -0.105000000 1.236301000 1.532136000
v -0.075000000 1.237450000 1.528354000
v -0.105000000 1.237450000 1.528354000
v 0.630000000 1.240508000 1.550852000
v 0.600000000 1.240508000 1.550852000
v 0.630000000 1.238391000 1.547514000
v 0.600000000 1.238391000 1.547514000
v 0.630000000 1.236876000 1.543863000
v 0.600000000 1.236876000 1.543863000
v 0.630000000 1.236009000 1.540007000
v 0.600000000 1.236009000 1.540007000
v 0.630000000 1.235816000 1.536059000
v 0.600000000 1.235816000 1.536059000
v 0.630000000 1.236301000 1.532136000
v 0.600000000 1.236301000 1.532136000
v 0.630000000 1.237450000 1.528354000
v 0.600000000 1.237450000 1.528354000
v 0.000000000 1.240508000 1.550852000
v -0.030000000 1.240508000 1.550852000
v 0.000000000 1.238391000 1.547514000
v -0.030000000 1.238391000 1.547514000
v 0.000000000 1.236876000 1.543863000
v -0.030000000 1.236876000 1.543863000
v 0.000000000 1.236009000 1.540007000
v -0.030000000 1.236009000 1.540007000
v 0.000000000 1.235816000 1.536059000
v -0.030000000 1.235816000 1.536059000
v 0.000000000 1.236301000 1.532136000
v -0.030000000 1.236301000 1.532136000
v 0.000000000 1.237450000 1.528354000
v -0.030000000 1.237450000 1.528354000
v 0.705000000 1.240508000 1.550852000
v 0.675000000 1.240508000 1.550852000
v 0.705000000 1.238391000 1.547514000
v 0.675000000 1.238391000 1.547514000
v 0.705000000 1.236876000 1.543863000
v 0.675000000 1.236876000 1.543863000
v 0.705000000 1.236009000 1.540007000
v 0.675000000 1.236009000 1.540007000
v 0.705000000 1.235816000 1.536059000
v 0.675000000 1.235816000 1.536059000
v 0.705000000 1.236301000 1.532136000
v 0.675000000 1.236301000 1.532136000
v 0.705000000 1.237450000 1.528354000
v 0.675000000 1.237450000 1.528354000
v -1.050000000 1.565895000 1.620519000
v 1.650000000 1.565895000 1.620519000
v -1.050000000 1.645369000 1.665312000
v 1.650000000 1.645369000 1.665312000
v -1.050000000 1.472799000 1.545829000
v -1.050000000 1.924980000 1.963386000
v -1.050000000 1.829307000 1.959196000
v -1.050000000 1.955737000 1.856076000
v -1.050000000 1.829726000 1.897028000
v -1.050000000 1.992835000 1.750790000
v -1.050000000 1.798001000 1.771085000
v -1.050000000 1.782870000 1.753200000
v -1.050000000 2.081193000 1.556663000
v -1.050000000 1.765335000 1.737666000
v -1.050000000 1.361814000 1.403538000
v -1.050000000 1.322260000 1.322195000
v -1.050000000 1.307660000 0.878990000
v -1.050000000 1.285559000 0.966698000
v -1.050000000 1.275904000 1.056630000
v -1.050000000 1.341774000 0.795221000
v -1.050000000 1.387234000 0.717027000
v -1.050000000 1.443154000 0.645934000
v -1.050000000 1.508439000 0.583334000
v -1.050000000 1.581815000 0.530447000
v -1.050000000 1.661849000 0.488308000
v -1.050000000 1.412322000 1.478571000
v -1.050000000 1.746976000 0.457740000
v -1.050000000 1.835534000 0.439339000
v -1.050000000 3.029191000 0.495895000
v -1.050000000 1.826131000 1.834962000
v -1.050000000 1.819856000 1.812392000
v -1.050000000 1.810415000 1.790952000
v -1.050000000 1.294435000 1.236132000
v -1.050000000 1.278882000 1.147031000
v 1.230000000 1.263440000 1.027699000
v 1.200000000 1.263440000 1.027699000
v 1.230000000 1.079302000 1.170699000
v 1.200000000 1.079302000 1.170699000
v -0.420000000 1.263440000 1.027699000
v -0.450000000 1.263440000 1.027699000
v -0.420000000 1.079302000 1.170699000
v -0.450000000 1.079302000 1.170699000
v 1.050000000 1.079302000 1.170699000
v 1.050000000 1.263440000 1.027699000
v 1.020000000 1.079302000 1.170699000
v 1.020000000 1.263440000 1.027699000
v -0.600000000 1.263440000 1.027699000
v -0.630000000 1.263440000 1.027699000
v -0.600000000 1.079302000 1.170699000
v -0.630000000 1.079302000 1.170699000
v 1.230000000 1.062485000 1.216418000
v 1.200000000 1.062485000 1.216418000
v 1.230000000 1.065724000 1.231956000
v 1.200000000 1.065724000 1.231956000
v -0.420000000 1.062485000 1.216418000
v -0.450000000 1.062485000 1.216418000
v -0.420000000 1.065724000 1.231956000
v -0.450000000 1.065724000 1.231956000
v 1.050000000 1.065724000 1.231956000
v 1.050000000 1.062485000 1.216418000
v 1.020000000 1.065724000 1.231956000
v 1.020000000 1.062485000 1.216418000
v -0.600000000 1.062485000 1.216418000
v -0.630000000 1.062485000 1.216418000
v -0.600000000 1.065724000 1.231956000
v -0.630000000 1.065724000 1.231956000
v 1.230000000 1.120144000 1.267599000
v 1.200000000 1.120144000 1.267599000
v 1.230000000 1.251011000 1.240315000
v 1.200000000 1.251011000 1.240315000
v -0.420000000 1.120144000 1.267599000
v -0.450000000 1.120144000 1.267599000
v -0.420000000 1.251011000 1.240315000
v -0.450000000 1.251011000 1.240315000
v 1.050000000 1.251011000 1.240315000
v 1.050000000 1.120144000 1.267599000
v 1.020000000 1.251011000 1.240315000
v 1.020000000 1.120144000 1.267599000
v -0.600000000 1.120144000 1.267599000
v -0.630000000 1.120144000 1.267599000
v -0.600000000 1.251011000 1.240315000
v -0.630000000 1.251011000 1.240315000
v 1.200000000 1.073892000 1.175639000
v 1.230000000 1.073892000 1.175639000
v 1.200000000 1.069335000 1.181375000
v 1.230000000 1.069335000 1.181375000
v 1.200000000 1.065746000 1.187762000
v 1.230000000 1.065746000 1.187762000
v 1.200000000 1.063217000 1.194638000
v 1.230000000 1.063217000 1.194638000
v 1.200000000 1.061811000 1.201828000
v 1.230000000 1.061811000 1.201828000
v 1.200000000 1.061565000 1.209150000
v 1.230000000 1.061565000 1.209150000
v -0.450000000 1.073892000 1.175639000
v -0.420000000 1.073892000 1.175639000
v -0.450000000 1.069335000 1.181375000
v -0.420000000 1.069335000 1.181375000
v -0.450000000 1.065746000 1.187762000
v -0.420000000 1.065746000 1.187762000
v -0.450000000 1.063217000 1.194638000
v -0.420000000 1.063217000 1.194638000
v -0.450000000 1.061811000 1.201828000
v -0.420000000 1.061811000 1.201828000
v -0.450000000 1.061565000 1.209150000
v -0.420000000 1.061565000 1.209150000
v 1.020000000 1.073892000 1.175639000
v 1.050000000 1.073892000 1.175639000
v 1.020000000 1.069335000 1.181375000
v 1.050000000 1.069335000 1.181375000
v 1.020000000 1.065746000 1.187762000
v 1.050000000 1.065746000 1.187762000
v 1.020000000 1.063217000 1.194638000
v 1.050000000 1.063217000 1.194638000
v 1.020000000 1.061811000 1.201828000
v 1.050000000 1.061811000 1.201828000
v 1.020000000 1.061565000 1.209150000
v 1.050000000 1.061565000 1.209150000
v -0.630000000 1.073892000 1.175639000
v -0.600000000 1.073892000 1.175639000
v -0.630000000 1.069335000 1.181375000
v -0.600000000 1.069335000 1.181375000
v -0.630000000 1.065746000 1.187762000
v -0.600000000 1.065746000 1.187762000
v -0.630000000 1.063217000 1.194638000
v -0.600000000 1.063217000 1.194638000
v -0.630000000 1.061811000 1.201828000
v -0.600000000 1.061811000 1.201828000
v -0.630000000 1.061565000 1.209150000
v -0.600000000 1.061565000 1.209150000
v 1.230000000 1.280843000 0.997288000
v 1.200000000 1.280843000 0.997288000
v 1.230000000 1.279365000 1.004316000
v 1.200000000 1.279365000 1.004316000
v 1.230000000 1.276812000 1.011029000
v 1.200000000 1.276812000 1.011029000
v 1.230000000 1.273245000 1.017262000
v 1.200000000 1.273245000 1.017262000
v 1.230000000 1.268751000 1.022864000
v 1.200000000 1.268751000 1.022864000
v -0.420000000 1.280843000 0.997288000
v -0.450000000 1.280843000 0.997288000
v -0.420000000 1.279365000 1.004316000
v -0.450000000 1.279365000 1.004316000
v -0.420000000 1.276812000 1.011029000
v -0.450000000 1.276812000 1.011029000
v -0.420000000 1.273245000 1.017262000
v -0.450000000 1.273245000 1.017262000
v -0.420000000 1.268751000 1.022864000
v -0.450000000 1.268751000 1.022864000
v 1.050000000 1.280843000 0.997288000
v 1.020000000 1.280843000 0.997288000
v 1.050000000 1.279365000 1.004316000
v 1.020000000 1.279365000 1.004316000
v 1.050000000 1.276812000 1.011029000
v 1.020000000 1.276812000 1.011029000
v 1.050000000 1.273245000 1.017262000
v 1.020000000 1.273245000 1.017262000
v 1.050000000 1.268751000 1.022864000
v 1.020000000 1.268751000 1.022864000
v -0.600000000 1.280843000 0.997288000
v -0.630000000 1.280843000 0.997288000
v -0.600000000 1.279365000 1.004316000
v -0.630000000 1.279365000 1.004316000
v -0.600000000 1.276812000 1.011029000
v -0.630000000 1.276812000 1.011029000
v -0.600000000 1.273245000 1.017262000
v -0.630000000 1.273245000 1.017262000
v -0.600000000 1.268751000 1.022864000
v -0.630000000 1.268751000 1.022864000
v 1.200000000 1.068038000 1.239633000
v 1.230000000 1.068038000 1.239633000
v 1.200000000 1.071651000 1.246792000
v 1.230000000 1.071651000 1.246792000
v 1.200000000 1.076452000 1.253214000
v 1.230000000 1.076452000 1.253214000
v 1.200000000 1.082295000 1.258706000
v 1.230000000 1.082295000 1.258706000
v 1.200000000 1.089002000 1.263099000
v 1.230000000 1.089002000 1.263099000
v 1.200000000 1.096371000 1.266261000
v 1.230000000 1.096371000 1.266261000
v 1.200000000 1.104177000 1.268095000
v 1.230000000 1.104177000 1.268095000
v 1.200000000 1.112182000 1.268546000
v 1.230000000 1.112182000 1.268546000
v -0.450000000 1.068038000 1.239633000
v -0.420000000 1.068038000 1.239633000
v -0.450000000 1.071651000 1.246792000
v -0.420000000 1.071651000 1.246792000
v -0.450000000 1.076452000 1.253214000
v -0.420000000 1.076452000 1.253214000
v -0.450000000 1.082295000 1.258706000
v -0.420000000 1.082295000 1.258706000
v -0.450000000 1.089002000 1.263099000
v -0.420000000 1.089002000 1.263099000
v -0.450000000 1.096371000 1.266261000
v -0.420000000 1.096371000 1.266261000
v -0.450000000 1.104177000 1.268095000
v -0.420000000 1.104177000 1.268095000
v -0.450000000 1.112182000 1.268546000
v -0.420000000 1.112182000 1.268546000
v 1.020000000 1.068038000 1.239633000
v 1.050000000 1.068038000 1.239633000
v 1.020000000 1.071651000 1.246792000
v 1.050000000 1.071651000 1.246792000
v 1.020000000 1.076452000 1.253214000
v 1.050000000 1.076452000 1.253214000
v 1.020000000 1.082295000 1.258706000
v 1.050000000 1.082295000 1.258706000
v 1.020000000 1.089002000 1.263099000
v 1.050000000 1.089002000 1.263099000
v 1.020000000 1.096371000 1.266261000
v 1.050000000 1.096371000 1.266261000
v 1.020000000 1.104177000 1.268095000
v 1.050000000 1.104177000 1.268095000
v 1.020000000 1.112182000 1.268546000
v 1.050000000 1.112182000 1.268546000
v -0.630000000 1.068038000 1.239633000
v -0.600000000 1.068038000 1.239633000
v -0.630000000 1.071651000 1.246792000
v -0.600000000 1.071651000 1.246792000
v -0.630000000 1.076452000 1.253214000
v -0.600000000 1.076452000 1.253214000
v -0.630000000 1.082295000 1.258706000
v -0.600000000 1.082295000 1.258706000
v -0.630000000 1.089002000 1.263099000
v -0.600000000 1.089002000 1.263099000
v -0.630000000 1.096371000 1.266261000
v -0.600000000 1.096371000 1.266261000
v -0.630000000 1.104177000 1.268095000
v -0.600000000 1.104177000 1.268095000
v -0.630000000 1.112182000 1.268546000
v -0.600000000 1.112182000 1.268546000
v 1.230000000 1.258491000 1.239386000
v 1.200000000 1.258491000 1.239386000
v 1.230000000 1.266022000 1.239692000
v 1.200000000 1.266022000 1.239692000
v 1.230000000 1.273403000 1.241223000
v 1.200000000 1.273403000 1.241223000
v 1.230000000 1.280434000 1.243939000
v 1.200000000 1.280434000 1.243939000
v 1.230000000 1.286928000 1.247767000
v 1.200000000 1.286928000 1.247767000
v 1.230000000 1.292709000 1.252604000
v 1.200000000 1.292709000 1.252604000
v 1.230000000 1.297622000 1.258320000
v 1.200000000 1.297622000 1.258320000
v 1.230000000 1.301536000 1.264762000
v 1.200000000 1.301536000 1.264762000
v 1.230000000 1.304346000 1.271757000
v 1.200000000 1.304346000 1.271757000
v -0.420000000 1.258491000 1.239386000
v -0.450000000 1.258491000 1.239386000
v -0.420000000 1.266022000 1.239692000
v -0.450000000 1.266022000 1.239692000
v -0.420000000 1.273403000 1.241223000
v -0.450000000 1.273403000 1.241223000
v -0.420000000 1.280434000 1.243939000
v -0.450000000 1.280434000 1.243939000
v -0.420000000 1.286928000 1.247767000
v -0.450000000 1.286928000 1.247767000
v -0.420000000 1.292709000 1.252604000
v -0.450000000 1.292709000 1.252604000
v -0.420000000 1.297622000 1.258320000
v -0.450000000 1.297622000 1.258320000
v -0.420000000 1.301536000 1.264762000
v -0.450000000 1.301536000 1.264762000
v -0.420000000 1.304346000 1.271757000
v -0.450000000 1.304346000 1.271757000
v 1.050000000 1.258491000 1.239386000
v 1.020000000 1.258491000 1.239386000
v 1.050000000 1.266022000 1.239692000
v 1.020000000 1.266022000 1.239692000
v 1.050000000 1.273403000 1.241223000
v 1.020000000 1.273403000 1.241223000
v 1.050000000 1.280434000 1.243939000
v 1.020000000 1.280434000 1.243939000
v 1.050000000 1.286928000 1.247767000
v 1.020000000 1.286928000 1.247767000
v 1.050000000 1.292709000 1.252604000
v 1.020000000 1.292709000 1.252604000
v 1.050000000 1.297622000 1.258320000
v 1.020000000 1.297622000 1.258320000
v 1.050000000 1.301536000 1.264762000
v 1.020000000 1.301536000 1.264762000
v 1.050000000 1.304346000 1.271757000
v 1.020000000 1.304346000 1.271757000
v -0.600000000 1.258491000 1.239386000
v -0.630000000 1.258491000 1.239386000
v -0.600000000 1.266022000 1.239692000
v -0.630000000 1.266022000 1.239692000
v -0.600000000 1.273403000 1.241223000
v -0.630000000 1.273403000 1.241223000
v -0.600000000 1.280434000 1.243939000
v -0.630000000 1.280434000 1.243939000
v -0.600000000 1.286928000 1.247767000
v -0.630000000 1.286928000 1.247767000
v -0.600000000 1.292709000 1.252604000
v -0.630000000 1.292709000 1.252604000
v -0.600000000 1.297622000 1.258320000
v -0.630000000 1.297622000 1.258320000
v -0.600000000 1.301536000 1.264762000
v -0.630000000 1.301536000 1.264762000
v -0.600000000 1.304346000 1.271757000
v -0.630000000 1.304346000 1.271757000
v 1.638000000 1.992835000 1.750790000
v 1.650000000 1.992835000 1.750790000
v 1.638000000 1.955737000 1.856076000
v 1.650000000 1.955737000 1.856076000
v 1.638000000 1.927323000 1.954280000
v 1.650000000 1.924980000 1.963386000
v -1.038000000 1.927323000 1.954280000
v -1.038000000 1.955737000 1.856076000
v -1.038000000 1.992835000 1.750790000
v -1.038000000 2.081193000 1.556663000
v -1.038000000 3.021294000 0.504731000
v 1.638000000 3.021294000 0.504731000
v 1.650000000 3.029191000 0.495895000
v 1.638000000 2.081193000 1.556663000
v 1.650000000 2.081193000 1.556663000
v 1.650000000 1.835534000 0.439339000
v -0.630000000 1.275904000 1.056630000
v 1.020000000 1.275904000 1.056630000
v 1.650000000 1.285559000 0.966698000
v 1.200000000 1.275904000 1.056630000
v 1.650000000 1.275904000 1.056630000
v -0.630000000 1.278882000 1.147031000
v -0.630000000 1.294435000 1.236132000
v -0.420000000 1.294435000 1.236132000
v -0.105000000 1.322260000 1.322195000
v 1.020000000 1.294435000 1.236132000
v 0.600000000 1.322260000 1.322195000
v 0.675000000 1.322260000 1.322195000
v 1.230000000 1.294435000 1.236132000
v 1.650000000 1.322260000 1.322195000
v 0.705000000 1.322260000 1.322195000
v -0.450000000 1.294435000 1.236132000
v -0.600000000 1.294435000 1.236132000
v -0.450000000 1.278882000 1.147031000
v -0.600000000 1.278882000 1.147031000
v -0.450000000 1.275904000 1.056630000
v -0.600000000 1.275904000 1.056630000
v 1.200000000 1.294435000 1.236132000
v 1.050000000 1.294435000 1.236132000
v 1.200000000 1.278882000 1.147031000
v 1.050000000 1.278882000 1.147031000
v 1.050000000 1.275904000 1.056630000
v -0.030000000 1.322260000 1.322195000
v 1.020000000 1.278882000 1.147031000
v -0.420000000 1.278882000 1.147031000
v -0.420000000 1.275904000 1.056630000
v 1.650000000 1.294435000 1.236132000
v 1.650000000 1.278882000 1.147031000
v 1.230000000 1.278882000 1.147031000
v 1.230000000 1.275904000 1.056630000
v 0.705000000 1.361814000 1.403538000
v 1.650000000 1.361814000 1.403538000
v 0.705000000 1.412322000 1.478571000
v 1.650000000 1.412322000 1.478571000
v 0.705000000 1.472799000 1.545829000
v 1.650000000 1.472799000 1.545829000
v 0.630000000 1.322260000 1.322195000
v 0.630000000 1.361814000 1.403538000
v 0.675000000 1.361814000 1.403538000
v 0.630000000 1.412322000 1.478571000
v 0.675000000 1.412322000 1.478571000
v 0.630000000 1.472799000 1.545829000
v 0.675000000 1.472799000 1.545829000
v 0.000000000 1.322260000 1.322195000
v 0.000000000 1.361814000 1.403538000
v 0.600000000 1.361814000 1.403538000
v 0.000000000 1.412322000 1.478571000
v 0.600000000 1.412322000 1.478571000
v 0.000000000 1.472799000 1.545829000
v 0.600000000 1.472799000 1.545829000
v -0.075000000 1.322260000 1.322195000
v -0.075000000 1.361814000 1.403538000
v -0.030000000 1.361814000 1.403538000
v -0.075000000 1.412322000 1.478571000
v -0.030000000 1.412322000 1.478571000
v -0.075000000 1.472799000 1.545829000
v -0.030000000 1.472799000 1.545829000
v -0.105000000 1.361814000 1.403538000
v -0.105000000 1.412322000 1.478571000
v -0.105000000 1.472799000 1.545829000
v 1.650000000 1.307660000 0.878990000
v 1.650000000 1.341774000 0.795221000
v 1.650000000 1.387234000 0.717027000
v 1.650000000 1.443154000 0.645934000
v 1.650000000 1.508439000 0.583334000
v 1.650000000 1.581815000 0.530447000
v 1.650000000 1.661849000 0.488308000
v 1.650000000 1.746976000 0.457740000
v 1.650000000 1.765335000 1.737666000
v 1.650000000 1.782870000 1.753200000
v 1.650000000 1.798001000 1.771085000
v 1.650000000 1.810415000 1.790952000
v 1.650000000 1.819856000 1.812392000
v 1.650000000 1.826131000 1.834962000
v 1.650000000 1.829726000 1.897028000
v 1.650000000 1.829307000 1.959196000
v 1.638000000 1.835941000 0.448569000
v -1.038000000 1.835941000 0.448569000
v 1.638000000 1.649532000 1.657104000
v -1.038000000 1.649532000 1.657104000
v 1.638000000 1.570480000 1.612521000
v -1.038000000 1.570480000 1.612521000
v 1.638000000 1.498555000 1.557171000
v -1.038000000 1.498555000 1.557171000
v 1.638000000 1.435212000 1.492174000
v -1.038000000 1.435212000 1.492174000
v 1.638000000 1.381734000 1.418846000
v -1.038000000 1.381734000 1.418846000
v 1.638000000 1.339203000 1.338670000
v -1.038000000 1.339203000 1.338670000
v 1.638000000 1.308481000 1.253271000
v -1.038000000 1.308481000 1.253271000
v 1.638000000 1.290189000 1.164376000
v -1.038000000 1.290189000 1.164376000
v 1.638000000 1.284697000 1.073785000
v -1.038000000 1.284697000 1.073785000
v 1.638000000 1.292116000 0.983331000
v -1.038000000 1.292116000 0.983331000
v 1.638000000 1.312297000 0.894846000
v -1.038000000 1.312297000 0.894846000
v 1.638000000 1.344830000 0.810120000
v -1.038000000 1.344830000 0.810120000
v 1.638000000 1.389058000 0.730868000
v -1.038000000 1.389058000 0.730868000
v 1.638000000 1.444085000 0.658695000
v -1.038000000 1.444085000 0.658695000
v 1.638000000 1.508798000 0.595061000
v -1.038000000 1.508798000 0.595061000
v 1.638000000 1.581885000 0.541255000
v -1.038000000 1.581885000 0.541255000
v 1.638000000 1.661869000 0.498365000
v -1.038000000 1.661869000 0.498365000
v 1.638000000 1.747129000 0.467260000
v -1.038000000 1.747129000 0.467260000
v -1.038000000 1.770688000 1.730178000
v 1.638000000 1.770688000 1.730178000
v 1.638000000 1.835248000 1.833639000
v -1.038000000 1.835248000 1.833639000
v -1.038000000 1.828637000 1.809625000
v 1.638000000 1.828637000 1.809625000
v -1.038000000 1.818633000 1.786814000
v 1.638000000 1.818633000 1.786814000
v -1.038000000 1.805447000 1.765682000
v 1.638000000 1.805447000 1.765682000
v -1.038000000 1.789353000 1.746671000
v 1.638000000 1.789353000 1.746671000
v 1.638000000 1.838814000 1.950404000
v -1.038000000 1.838814000 1.950404000
v -1.038000000 1.838788000 1.891968000
v 1.638000000 1.838788000 1.891968000
v -0.630000000 1.117638000 1.242482000
v -0.630000000 1.112632000 1.242700000
v -0.630000000 1.107663000 1.242045000
v -0.630000000 1.102884000 1.240537000
v -0.630000000 1.124895000 1.187417000
v -0.630000000 1.120116000 1.185910000
v -0.630000000 1.115147000 1.185255000
v -0.630000000 1.110141000 1.185473000
v -0.630000000 1.098439000 1.238223000
v -0.630000000 1.094464000 1.235171000
v -0.630000000 1.091078000 1.231476000
v -0.630000000 1.088386000 1.227249000
v -0.630000000 1.086469000 1.222619000
v -0.630000000 1.085385000 1.217726000
v -0.630000000 1.085167000 1.212719000
v -0.630000000 1.085822000 1.207751000
v -0.630000000 1.087330000 1.202972000
v -0.630000000 1.089644000 1.198527000
v -0.630000000 1.092696000 1.194551000
v -0.630000000 1.096391000 1.191166000
v -0.630000000 1.100618000 1.188474000
v -0.630000000 1.105248000 1.186557000
v -0.630000000 1.122531000 1.241398000
v -0.630000000 1.127161000 1.239481000
v -0.630000000 1.131389000 1.236789000
v -0.630000000 1.135084000 1.233403000
v -0.630000000 1.138135000 1.229428000
v -0.630000000 1.140450000 1.224983000
v -0.630000000 1.136701000 1.196478000
v -0.630000000 1.139393000 1.200705000
v -0.630000000 1.133316000 1.192783000
v -0.630000000 1.129340000 1.189732000
v -0.630000000 1.141957000 1.220204000
v -0.630000000 1.142612000 1.215235000
v -0.630000000 1.142394000 1.210228000
v -0.630000000 1.141310000 1.205336000
v -0.450000000 1.117638000 1.242482000
v -0.450000000 1.112632000 1.242700000
v -0.450000000 1.107663000 1.242045000
v -0.450000000 1.102884000 1.240537000
v -0.450000000 1.124895000 1.187417000
v -0.450000000 1.120116000 1.185910000
v -0.450000000 1.115147000 1.185255000
v -0.450000000 1.110141000 1.185473000
v -0.450000000 1.098439000 1.238223000
v -0.450000000 1.094464000 1.235171000
v -0.450000000 1.091078000 1.231476000
v -0.450000000 1.088386000 1.227249000
v -0.450000000 1.086469000 1.222619000
v -0.450000000 1.085385000 1.217726000
v -0.450000000 1.085167000 1.212719000
v -0.450000000 1.085822000 1.207751000
v -0.450000000 1.087330000 1.202972000
v -0.450000000 1.089644000 1.198527000
v -0.450000000 1.092696000 1.194551000
v -0.450000000 1.096391000 1.191166000
v -0.450000000 1.100618000 1.188474000
v -0.450000000 1.105248000 1.186557000
v -0.450000000 1.122531000 1.241398000
v -0.450000000 1.127161000 1.239481000
v -0.450000000 1.131389000 1.236789000
v -0.450000000 1.135084000 1.233403000
v -0.450000000 1.138135000 1.229428000
v -0.450000000 1.140450000 1.224983000
v -0.450000000 1.136701000 1.196478000
v -0.450000000 1.139393000 1.200705000
v -0.450000000 1.133316000 1.192783000
v -0.450000000 1.129340000 1.189732000
v -0.450000000 1.141957000 1.220204000
v -0.450000000 1.142612000 1.215235000
v -0.450000000 1.142394000 1.210228000
v -0.450000000 1.141310000 1.205336000
v -0.600000000 1.096391000 1.191166000
v -0.600000000 1.092696000 1.194551000
v -0.600000000 1.089644000 1.198527000
v -0.600000000 1.100618000 1.188474000
v -0.600000000 1.105248000 1.186557000
v -0.600000000 1.110141000 1.185473000
v -0.600000000 1.115147000 1.185255000
v -0.600000000 1.120116000 1.185910000
v -0.600000000 1.124895000 1.187417000
v -0.600000000 1.140450000 1.224983000
v -0.600000000 1.141957000 1.220204000
v -0.600000000 1.142612000 1.215235000
v -0.600000000 1.138135000 1.229428000
v -0.600000000 1.135084000 1.233403000
v -0.600000000 1.131389000 1.236789000
v -0.600000000 1.098439000 1.238223000
v -0.600000000 1.102884000 1.240537000
v -0.600000000 1.107663000 1.242045000
v -0.600000000 1.112632000 1.242700000
v -0.600000000 1.117638000 1.242482000
v -0.600000000 1.087330000 1.202972000
v -0.600000000 1.085822000 1.207751000
v -0.600000000 1.085167000 1.212719000
v -0.600000000 1.085385000 1.217726000
v -0.600000000 1.086469000 1.222619000
v -0.600000000 1.088386000 1.227249000
v -0.600000000 1.091078000 1.231476000
v -0.600000000 1.094464000 1.235171000
v -0.600000000 1.141310000 1.205336000
v -0.600000000 1.142394000 1.210228000
v -0.600000000 1.129340000 1.189732000
v -0.600000000 1.133316000 1.192783000
v -0.600000000 1.136701000 1.196478000
v -0.600000000 1.139393000 1.200705000
v -0.600000000 1.127161000 1.239481000
v -0.600000000 1.122531000 1.241398000
v 1.200000000 1.124895000 1.187417000
v 1.200000000 1.120116000 1.185910000
v 1.200000000 1.115147000 1.185255000
v 1.200000000 1.110141000 1.185473000
v 1.200000000 1.136701000 1.196478000
v 1.200000000 1.139393000 1.200705000
v 1.200000000 1.133316000 1.192783000
v 1.200000000 1.129340000 1.189732000
v 1.200000000 1.087330000 1.202972000
v 1.200000000 1.089644000 1.198527000
v 1.200000000 1.092696000 1.194551000
v 1.200000000 1.096391000 1.191166000
v 1.200000000 1.100618000 1.188474000
v 1.200000000 1.105248000 1.186557000
v 1.200000000 1.102884000 1.240537000
v 1.200000000 1.098439000 1.238223000
v 1.200000000 1.094464000 1.235171000
v 1.200000000 1.091078000 1.231476000
v 1.200000000 1.088386000 1.227249000
v 1.200000000 1.086469000 1.222619000
v 1.200000000 1.085385000 1.217726000
v 1.200000000 1.085167000 1.212719000
v 1.200000000 1.085822000 1.207751000
v 1.200000000 1.117638000 1.242482000
v 1.200000000 1.112632000 1.242700000
v 1.200000000 1.107663000 1.242045000
v 1.200000000 1.122531000 1.241398000
v 1.200000000 1.127161000 1.239481000
v 1.200000000 1.131389000 1.236789000
v 1.200000000 1.135084000 1.233403000
v 1.200000000 1.138135000 1.229428000
v 1.200000000 1.140450000 1.224983000
v 1.200000000 1.141957000 1.220204000
v 1.200000000 1.142612000 1.215235000
v 1.200000000 1.142394000 1.210228000
v 1.200000000 1.141310000 1.205336000
v 1.050000000 1.096391000 1.191166000
v 1.050000000 1.092696000 1.194551000
v 1.050000000 1.089644000 1.198527000
v 1.050000000 1.100618000 1.188474000
v 1.050000000 1.105248000 1.186557000
v 1.050000000 1.110141000 1.185473000
v 1.050000000 1.115147000 1.185255000
v 1.050000000 1.120116000 1.185910000
v 1.050000000 1.124895000 1.187417000
v 1.050000000 1.140450000 1.224983000
v 1.050000000 1.141957000 1.220204000
v 1.050000000 1.142612000 1.215235000
v 1.050000000 1.138135000 1.229428000
v 1.050000000 1.135084000 1.233403000
v 1.050000000 1.131389000 1.236789000
v 1.050000000 1.098439000 1.238223000
v 1.050000000 1.102884000 1.240537000
v 1.050000000 1.107663000 1.242045000
v 1.050000000 1.112632000 1.242700000
v 1.050000000 1.117638000 1.242482000
v 1.050000000 1.087330000 1.202972000
v 1.050000000 1.085822000 1.207751000
v 1.050000000 1.085167000 1.212719000
v 1.050000000 1.085385000 1.217726000
v 1.050000000 1.086469000 1.222619000
v 1.050000000 1.088386000 1.227249000
v 1.050000000 1.091078000 1.231476000
v 1.050000000 1.094464000 1.235171000
v 1.050000000 1.141310000 1.205336000
v 1.050000000 1.142394000 1.210228000
v 1.050000000 1.129340000 1.189732000
v 1.050000000 1.133316000 1.192783000
v 1.050000000 1.136701000 1.196478000
v 1.050000000 1.139393000 1.200705000
v 1.050000000 1.127161000 1.239481000
v 1.050000000 1.122531000 1.241398000
v -0.420000000 1.089644000 1.198527000
v -0.420000000 1.092696000 1.194551000
v -0.420000000 1.100618000 1.188474000
v -0.420000000 1.105248000 1.186557000
v -0.420000000 1.110141000 1.185473000
v -0.420000000 1.115147000 1.185255000
v -0.420000000 1.120116000 1.185910000
v -0.420000000 1.124895000 1.187417000
v -0.420000000 1.096391000 1.191166000
v -0.420000000 1.140450000 1.224983000
v -0.420000000 1.141957000 1.220204000
v -0.420000000 1.142612000 1.215235000
v -0.420000000 1.138135000 1.229428000
v -0.420000000 1.135084000 1.233403000
v -0.420000000 1.131389000 1.236789000
v -0.420000000 1.098439000 1.238223000
v -0.420000000 1.102884000 1.240537000
v -0.420000000 1.107663000 1.242045000
v -0.420000000 1.112632000 1.242700000
v -0.420000000 1.117638000 1.242482000
v -0.420000000 1.087330000 1.202972000
v -0.420000000 1.085822000 1.207751000
v -0.420000000 1.085167000 1.212719000
v -0.420000000 1.085385000 1.217726000
v -0.420000000 1.086469000 1.222619000
v -0.420000000 1.088386000 1.227249000
v -0.420000000 1.091078000 1.231476000
v -0.420000000 1.094464000 1.235171000
v -0.420000000 1.141310000 1.205336000
v -0.420000000 1.142394000 1.210228000
v -0.420000000 1.129340000 1.189732000
v -0.420000000 1.133316000 1.192783000
v -0.420000000 1.136701000 1.196478000
v -0.420000000 1.139393000 1.200705000
v -0.420000000 1.127161000 1.239481000
v -0.420000000 1.122531000 1.241398000
v 1.020000000 1.124895000 1.187417000
v 1.020000000 1.120116000 1.185910000
v 1.020000000 1.115147000 1.185255000
v 1.020000000 1.110141000 1.185473000
v 1.020000000 1.136701000 1.196478000
v 1.020000000 1.139393000 1.200705000
v 1.020000000 1.133316000 1.192783000
v 1.020000000 1.129340000 1.189732000
v 1.020000000 1.087330000 1.202972000
v 1.020000000 1.089644000 1.198527000
v 1.020000000 1.092696000 1.194551000
v 1.020000000 1.096391000 1.191166000
v 1.020000000 1.100618000 1.188474000
v 1.020000000 1.105248000 1.186557000
v 1.020000000 1.102884000 1.240537000
v 1.020000000 1.098439000 1.238223000
v 1.020000000 1.094464000 1.235171000
v 1.020000000 1.091078000 1.231476000
v 1.020000000 1.088386000 1.227249000
v 1.020000000 1.086469000 1.222619000
v 1.020000000 1.085385000 1.217726000
v 1.020000000 1.085167000 1.212719000
v 1.020000000 1.085822000 1.207751000
v 1.020000000 1.117638000 1.242482000
v 1.020000000 1.112632000 1.242700000
v 1.020000000 1.107663000 1.242045000
v 1.020000000 1.122531000 1.241398000
v 1.020000000 1.127161000 1.239481000
v 1.020000000 1.131389000 1.236789000
v 1.020000000 1.135084000 1.233403000
v 1.020000000 1.138135000 1.229428000
v 1.020000000 1.140450000 1.224983000
v 1.020000000 1.141957000 1.220204000
v 1.020000000 1.142612000 1.215235000
v 1.020000000 1.142394000 1.210228000
v 1.020000000 1.141310000 1.205336000
v 1.230000000 1.096391000 1.191166000
v 1.230000000 1.092696000 1.194551000
v 1.230000000 1.089644000 1.198527000
v 1.230000000 1.100618000 1.188474000
v 1.230000000 1.105248000 1.186557000
v 1.230000000 1.110141000 1.185473000
v 1.230000000 1.115147000 1.185255000
v 1.230000000 1.120116000 1.185910000
v 1.230000000 1.124895000 1.187417000
v 1.230000000 1.140450000 1.224983000
v 1.230000000 1.141957000 1.220204000
v 1.230000000 1.142612000 1.215235000
v 1.230000000 1.138135000 1.229428000
v 1.230000000 1.135084000 1.233403000
v 1.230000000 1.131389000 1.236789000
v 1.230000000 1.098439000 1.238223000
v 1.230000000 1.102884000 1.240537000
v 1.230000000 1.107663000 1.242045000
v 1.230000000 1.112632000 1.242700000
v 1.230000000 1.117638000 1.242482000
v 1.230000000 1.087330000 1.202972000
v 1.230000000 1.085822000 1.207751000
v 1.230000000 1.085167000 1.212719000
v 1.230000000 1.085385000 1.217726000
v 1.230000000 1.086469000 1.222619000
v 1.230000000 1.088386000 1.227249000
v 1.230000000 1.091078000 1.231476000
v 1.230000000 1.094464000 1.235171000
v 1.230000000 1.141310000 1.205336000
v 1.230000000 1.142394000 1.210228000
v 1.230000000 1.129340000 1.189732000
v 1.230000000 1.133316000 1.192783000
v 1.230000000 1.136701000 1.196478000
v 1.230000000 1.139393000 1.200705000
v 1.230000000 1.127161000 1.239481000
v 1.230000000 1.122531000 1.241398000
v 0.705000000 1.255611000 1.525857000
v 0.705000000 1.257119000 1.521077000
v 0.705000000 1.254956000 1.530825000
v 0.705000000 1.289905000 1.504015000
v 0.705000000 1.284937000 1.503361000
v 0.705000000 1.282421000 1.560806000
v 0.705000000 1.277452000 1.560151000
v 0.705000000 1.270407000 1.506580000
v 0.705000000 1.275037000 1.504663000
v 0.705000000 1.279930000 1.503579000
v 0.705000000 1.255174000 1.535832000
v 0.705000000 1.259433000 1.516633000
v 0.705000000 1.262485000 1.512657000
v 0.705000000 1.266180000 1.509272000
v 0.705000000 1.309182000 1.518811000
v 0.705000000 1.311099000 1.523442000
v 0.705000000 1.312183000 1.528334000
v 0.705000000 1.301178000 1.554894000
v 0.705000000 1.304873000 1.551509000
v 0.705000000 1.307924000 1.547534000
v 0.705000000 1.256258000 1.540725000
v 0.705000000 1.312401000 1.533341000
v 0.705000000 1.311746000 1.538310000
v 0.705000000 1.310239000 1.543089000
v 0.705000000 1.287428000 1.560588000
v 0.705000000 1.292320000 1.559504000
v 0.705000000 1.296951000 1.557586000
v 0.705000000 1.264253000 1.553277000
v 0.705000000 1.260867000 1.549582000
v 0.705000000 1.258175000 1.545355000
v 0.705000000 1.268228000 1.556328000
v 0.705000000 1.272673000 1.558643000
v 0.705000000 1.294685000 1.505523000
v 0.705000000 1.299129000 1.507838000
v 0.705000000 1.303105000 1.510889000
v 0.705000000 1.306490000 1.514584000
v 0.675000000 1.262485000 1.512657000
v 0.675000000 1.259433000 1.516633000
v 0.675000000 1.282421000 1.560806000
v 0.675000000 1.287428000 1.560588000
v 0.675000000 1.306490000 1.514584000
v 0.675000000 1.303105000 1.510889000
v 0.675000000 1.284937000 1.503361000
v 0.675000000 1.279930000 1.503579000
v 0.675000000 1.275037000 1.504663000
v 0.675000000 1.277452000 1.560151000
v 0.675000000 1.312401000 1.533341000
v 0.675000000 1.312183000 1.528334000
v 0.675000000 1.311099000 1.523442000
v 0.675000000 1.309182000 1.518811000
v 0.675000000 1.270407000 1.506580000
v 0.675000000 1.266180000 1.509272000
v 0.675000000 1.255174000 1.535832000
v 0.675000000 1.256258000 1.540725000
v 0.675000000 1.258175000 1.545355000
v 0.675000000 1.294685000 1.505523000
v 0.675000000 1.289905000 1.504015000
v 0.675000000 1.260867000 1.549582000
v 0.675000000 1.264253000 1.553277000
v 0.675000000 1.292320000 1.559504000
v 0.675000000 1.296951000 1.557586000
v 0.675000000 1.301178000 1.554894000
v 0.675000000 1.304873000 1.551509000
v 0.675000000 1.307924000 1.547534000
v 0.675000000 1.310239000 1.543089000
v 0.675000000 1.311746000 1.538310000
v 0.675000000 1.268228000 1.556328000
v 0.675000000 1.272673000 1.558643000
v 0.675000000 1.299129000 1.507838000
v 0.675000000 1.257119000 1.521077000
v 0.675000000 1.255611000 1.525857000
v 0.675000000 1.254956000 1.530825000
v 0.630000000 1.255611000 1.525857000
v 0.630000000 1.257119000 1.521077000
v 0.630000000 1.254956000 1.530825000
v 0.630000000 1.289905000 1.504015000
v 0.630000000 1.284937000 1.503361000
v 0.630000000 1.282421000 1.560806000
v 0.630000000 1.277452000 1.560151000
v 0.630000000 1.270407000 1.506580000
v 0.630000000 1.275037000 1.504663000
v 0.630000000 1.279930000 1.503579000
v 0.630000000 1.255174000 1.535832000
v 0.630000000 1.259433000 1.516633000
v 0.630000000 1.262485000 1.512657000
v 0.630000000 1.266180000 1.509272000
v 0.630000000 1.309182000 1.518811000
v 0.630000000 1.311099000 1.523442000
v 0.630000000 1.312183000 1.528334000
v 0.630000000 1.301178000 1.554894000
v 0.630000000 1.304873000 1.551509000
v 0.630000000 1.307924000 1.547534000
v 0.630000000 1.256258000 1.540725000
v 0.630000000 1.312401000 1.533341000
v 0.630000000 1.311746000 1.538310000
v 0.630000000 1.310239000 1.543089000
v 0.630000000 1.287428000 1.560588000
v 0.630000000 1.292320000 1.559504000
v 0.630000000 1.296951000 1.557586000
v 0.630000000 1.264253000 1.553277000
v 0.630000000 1.260867000 1.549582000
v 0.630000000 1.258175000 1.545355000
v 0.630000000 1.268228000 1.556328000
v 0.630000000 1.272673000 1.558643000
v 0.630000000 1.294685000 1.505523000
v 0.630000000 1.299129000 1.507838000
v 0.630000000 1.303105000 1.510889000
v 0.630000000 1.306490000 1.514584000
v 0.600000000 1.262485000 1.512657000
v 0.600000000 1.259433000 1.516633000
v 0.600000000 1.282421000 1.560806000
v 0.600000000 1.287428000 1.560588000
v 0.600000000 1.306490000 1.514584000
v 0.600000000 1.303105000 1.510889000
v 0.600000000 1.284937000 1.503361000
v 0.600000000 1.279930000 1.503579000
v 0.600000000 1.275037000 1.504663000
v 0.600000000 1.277452000 1.560151000
v 0.600000000 1.312401000 1.533341000
v 0.600000000 1.312183000 1.528334000
v 0.600000000 1.311099000 1.523442000
v 0.600000000 1.309182000 1.518811000
v 0.600000000 1.270407000 1.506580000
v 0.600000000 1.266180000 1.509272000
v 0.600000000 1.255174000 1.535832000
v 0.600000000 1.256258000 1.540725000
v 0.600000000 1.258175000 1.545355000
v 0.600000000 1.294685000 1.505523000
v 0.600000000 1.289905000 1.504015000
v 0.600000000 1.260867000 1.549582000
v 0.600000000 1.264253000 1.553277000
v 0.600000000 1.292320000 1.559504000
v 0.600000000 1.296951000 1.557586000
v 0.600000000 1.301178000 1.554894000
v 0.600000000 1.304873000 1.551509000
v 0.600000000 1.307924000 1.547534000
v 0.600000000 1.310239000 1.543089000
v 0.600000000 1.311746000 1.538310000
v 0.600000000 1.268228000 1.556328000
v 0.600000000 1.272673000 1.558643000
v 0.600000000 1.299129000 1.507838000
v 0.600000000 1.257119000 1.521077000
v 0.600000000 1.255611000 1.525857000
v 0.600000000 1.254956000 1.530825000
v 0.000000000 1.255611000 1.525857000
v 0.000000000 1.257119000 1.521077000
v 0.000000000 1.255174000 1.535832000
v 0.000000000 1.254956000 1.530825000
v 0.000000000 1.289905000 1.504015000
v 0.000000000 1.256258000 1.540725000
v 0.000000000 1.282421000 1.560806000
v 0.000000000 1.277452000 1.560151000
v 0.000000000 1.264253000 1.553277000
v 0.000000000 1.260867000 1.549582000
v 0.000000000 1.258175000 1.545355000
v 0.000000000 1.259433000 1.516633000
v 0.000000000 1.262485000 1.512657000
v 0.000000000 1.266180000 1.509272000
v 0.000000000 1.270407000 1.506580000
v 0.000000000 1.275037000 1.504663000
v 0.000000000 1.279930000 1.503579000
v 0.000000000 1.284937000 1.503361000
v 0.000000000 1.268228000 1.556328000
v 0.000000000 1.272673000 1.558643000
v 0.000000000 1.309182000 1.518811000
v 0.000000000 1.311099000 1.523442000
v 0.000000000 1.312183000 1.528334000
v 0.000000000 1.301178000 1.554894000
v 0.000000000 1.304873000 1.551509000
v 0.000000000 1.307924000 1.547534000
v 0.000000000 1.312401000 1.533341000
v 0.000000000 1.311746000 1.538310000
v 0.000000000 1.310239000 1.543089000
v 0.000000000 1.287428000 1.560588000
v 0.000000000 1.292320000 1.559504000
v 0.000000000 1.296951000 1.557586000
v 0.000000000 1.294685000 1.505523000
v 0.000000000 1.299129000 1.507838000
v 0.000000000 1.303105000 1.510889000
v 0.000000000 1.306490000 1.514584000
v -0.075000000 1.255611000 1.525857000
v -0.075000000 1.257119000 1.521077000
v -0.075000000 1.254956000 1.530825000
v -0.075000000 1.289905000 1.504015000
v -0.075000000 1.284937000 1.503361000
v -0.075000000 1.282421000 1.560806000
v -0.075000000 1.277452000 1.560151000
v -0.075000000 1.270407000 1.506580000
v -0.075000000 1.275037000 1.504663000
v -0.075000000 1.279930000 1.503579000
v -0.075000000 1.255174000 1.535832000
v -0.075000000 1.259433000 1.516633000
v -0.075000000 1.262485000 1.512657000
v -0.075000000 1.266180000 1.509272000
v -0.075000000 1.309182000 1.518811000
v -0.075000000 1.311099000 1.523442000
v -0.075000000 1.312183000 1.528334000
v -0.075000000 1.301178000 1.554894000
v -0.075000000 1.304873000 1.551509000
v -0.075000000 1.307924000 1.547534000
v -0.075000000 1.256258000 1.540725000
v -0.075000000 1.312401000 1.533341000
v -0.075000000 1.311746000 1.538310000
v -0.075000000 1.310239000 1.543089000
v -0.075000000 1.287428000 1.560588000
v -0.075000000 1.292320000 1.559504000
v -0.075000000 1.296951000 1.557586000
v -0.075000000 1.264253000 1.553277000
v -0.075000000 1.260867000 1.549582000
v -0.075000000 1.258175000 1.545355000
v -0.075000000 1.268228000 1.556328000
v -0.075000000 1.272673000 1.558643000
v -0.075000000 1.294685000 1.505523000
v -0.075000000 1.299129000 1.507838000
v -0.075000000 1.303105000 1.510889000
v -0.075000000 1.306490000 1.514584000
v -0.030000000 1.262485000 1.512657000
v -0.030000000 1.259433000 1.516633000
v -0.030000000 1.282421000 1.560806000
v -0.030000000 1.287428000 1.560588000
v -0.030000000 1.306490000 1.514584000
v -0.030000000 1.303105000 1.510889000
v -0.030000000 1.284937000 1.503361000
v -0.030000000 1.279930000 1.503579000
v -0.030000000 1.275037000 1.504663000
v -0.030000000 1.277452000 1.560151000
v -0.030000000 1.312401000 1.533341000
v -0.030000000 1.312183000 1.528334000
v -0.030000000 1.311099000 1.523442000
v -0.030000000 1.309182000 1.518811000
v -0.030000000 1.270407000 1.506580000
v -0.030000000 1.266180000 1.509272000
v -0.030000000 1.255174000 1.535832000
v -0.030000000 1.256258000 1.540725000
v -0.030000000 1.258175000 1.545355000
v -0.030000000 1.294685000 1.505523000
v -0.030000000 1.289905000 1.504015000
v -0.030000000 1.260867000 1.549582000
v -0.030000000 1.264253000 1.553277000
v -0.030000000 1.292320000 1.559504000
v -0.030000000 1.296951000 1.557586000
v -0.030000000 1.301178000 1.554894000
v -0.030000000 1.304873000 1.551509000
v -0.030000000 1.307924000 1.547534000
v -0.030000000 1.310239000 1.543089000
v -0.030000000 1.311746000 1.538310000
v -0.030000000 1.268228000 1.556328000
v -0.030000000 1.272673000 1.558643000
v -0.030000000 1.299129000 1.507838000
v -0.030000000 1.257119000 1.521077000
v -0.030000000 1.255611000 1.525857000
v -0.030000000 1.254956000 1.530825000
v -0.105000000 1.262485000 1.512657000
v -0.105000000 1.259433000 1.516633000
v -0.105000000 1.282421000 1.560806000
v -0.105000000 1.287428000 1.560588000
v -0.105000000 1.306490000 1.514584000
v -0.105000000 1.303105000 1.510889000
v -0.105000000 1.284937000 1.503361000
v -0.105000000 1.279930000 1.503579000
v -0.105000000 1.275037000 1.504663000
v -0.105000000 1.277452000 1.560151000
v -0.105000000 1.312401000 1.533341000
v -0.105000000 1.312183000 1.528334000
v -0.105000000 1.311099000 1.523442000
v -0.105000000 1.309182000 1.518811000
v -0.105000000 1.270407000 1.506580000
v -0.105000000 1.266180000 1.509272000
v -0.105000000 1.255174000 1.535832000
v -0.105000000 1.256258000 1.540725000
v -0.105000000 1.258175000 1.545355000
v -0.105000000 1.294685000 1.505523000
v -0.105000000 1.289905000 1.504015000
v -0.105000000 1.260867000 1.549582000
v -0.105000000 1.264253000 1.553277000
v -0.105000000 1.292320000 1.559504000
v -0.105000000 1.296951000 1.557586000
v -0.105000000 1.301178000 1.554894000
v -0.105000000 1.304873000 1.551509000
v -0.105000000 1.307924000 1.547534000
v -0.105000000 1.310239000 1.543089000
v -0.105000000 1.311746000 1.538310000
v -0.105000000 1.268228000 1.556328000
v -0.105000000 1.272673000 1.558643000
v -0.105000000 1.299129000 1.507838000
v -0.105000000 1.257119000 1.521077000
v -0.105000000 1.255611000 1.525857000
v -0.105000000 1.254956000 1.530825000
f 3133 3134 3135
f 3135 3134 3136
f 3137 3138 3139
f 3139 3138 3140
f 3141 3142 3143
f 3143 3142 3144
f 3145 3146 3147
f 3147 3146 3148
f 3151 3150 3149
f 3152 3150 3151
f 3155 3154 3153
f 3156 3154 3155
f 3159 3158 3157
f 3160 3158 3159
f 3163 3162 3161
f 3164 3162 3163
f 3167 3166 3165
f 3168 3166 3167
f 3171 3170 3169
f 3172 3170 3171
f 3175 3174 3173
f 3176 3174 3175
f 3179 3178 3177
f 3180 3178 3179
f 3181 3135 3133
f 3182 3135 3181
f 3183 3182 3181
f 3184 3182 3183
f 3185 3184 3183
f 3186 3184 3185
f 3187 3186 3185
f 3188 3186 3187
f 3189 3188 3187
f 3190 3188 3189
f 3191 3190 3189
f 3194 3193 3192
f 3194 3196 3195
f 3197 3143 3141
f 3198 3143 3197
f 3199 3198 3197
f 3200 3198 3199
f 3201 3200 3199
f 3202 3200 3201
f 3203 3202 3201
f 3204 3202 3203
f 3205 3204 3203
f 3206 3204 3205
f 3193 3206 3205
f 3207 3206 3193
f 3194 3207 3193
f 3191 3207 3194
f 3195 3191 3194
f 3190 3191 3195
f 3208 3139 3137
f 3209 3139 3208
f 3210 3209 3208
f 3211 3209 3210
f 3212 3211 3210
f 3213 3211 3212
f 3214 3213 3212
f 3215 3213 3214
f 3216 3215 3214
f 3217 3215 3216
f 3218 3217 3216
f 3219 3147 3145
f 3220 3147 3219
f 3221 3220 3219
f 3222 3220 3221
f 3223 3222 3221
f 3224 3222 3223
f 3225 3224 3223
f 3226 3224 3225
f 3227 3226 3225
f 3228 3226 3227
f 3229 3228 3227
f 3230 3228 3229
f 3194 3230 3229
f 3218 3230 3194
f 3192 3218 3194
f 3217 3218 3192
f 3232 3229 3231
f 3194 3229 3232
f 3233 3194 3232
f 3234 3194 3233
f 3237 3236 3235
f 3238 3236 3237
f 3239 3238 3237
f 3240 3238 3239
f 3241 3240 3239
f 3242 3240 3241
f 3243 3242 3241
f 3244 3242 3243
f 3245 3244 3243
f 3246 3244 3245
f 3166 3246 3245
f 3168 3246 3166
f 3249 3248 3247
f 3250 3248 3249
f 3251 3250 3249
f 3252 3250 3251
f 3253 3252 3251
f 3254 3252 3253
f 3255 3254 3253
f 3256 3254 3255
f 3257 3256 3255
f 3258 3256 3257
f 3170 3258 3257
f 3172 3258 3170
f 3261 3260 3259
f 3262 3260 3261
f 3263 3262 3261
f 3264 3262 3263
f 3265 3264 3263
f 3266 3264 3265
f 3267 3266 3265
f 3268 3266 3267
f 3269 3268 3267
f 3270 3268 3269
f 3174 3270 3269
f 3176 3270 3174
f 3273 3272 3271
f 3274 3272 3273
f 3275 3274 3273
f 3276 3274 3275
f 3277 3276 3275
f 3278 3276 3277
f 3279 3278 3277
f 3280 3278 3279
f 3281 3280 3279
f 3282 3280 3281
f 3178 3282 3281
f 3180 3282 3178
f 3283 3134 3136
f 3284 3283 3136
f 3285 3283 3284
f 3286 3285 3284
f 3287 3285 3286
f 3288 3287 3286
f 3289 3287 3288
f 3290 3289 3288
f 3291 3289 3290
f 3292 3291 3290
f 3293 3291 3292
f 3294 3293 3292
f 3149 3293 3294
f 3151 3149 3294
f 3295 3138 3140
f 3296 3295 3140
f 3297 3295 3296
f 3298 3297 3296
f 3299 3297 3298
f 3300 3299 3298
f 3301 3299 3300
f 3302 3301 3300
f 3303 3301 3302
f 3304 3303 3302
f 3305 3303 3304
f 3306 3305 3304
f 3153 3305 3306
f 3155 3153 3306
f 3307 3142 3144
f 3308 3307 3144
f 3309 3307 3308
f 3310 3309 3308
f 3311 3309 3310
f 3312 3311 3310
f 3313 3311 3312
f 3314 3313 3312
f 3315 3313 3314
f 3316 3315 3314
f 3317 3315 3316
f 3318 3317 3316
f 3157 3317 3318
f 3159 3157 3318
f 3319 3146 3148
f 3320 3319 3148
f 3321 3319 3320
f 3322 3321 3320
f 3323 3321 3322
f 3324 3323 3322
f 3325 3323 3324
f 3326 3325 3324
f 3327 3325 3326
f 3328 3327 3326
f 3329 3327 3328
f 3330 3329 3328
f 3161 3329 3330
f 3163 3161 3330
f 3331 3150 3152
f 3332 3331 3152
f 3333 3331 3332
f 3334 3333 3332
f 3335 3333 3334
f 3336 3335 3334
f 3337 3335 3336
f 3338 3337 3336
f 3339 3337 3338
f 3340 3339 3338
f 3341 3339 3340
f 3342 3341 3340
f 3343 3341 3342
f 3344 3343 3342
f 3165 3343 3344
f 3167 3165 3344
f 3345 3154 3156
f 3346 3345 3156
f 3347 3345 3346
f 3348 3347 3346
f 3349 3347 3348
f 3350 3349 3348
f 3351 3349 3350
f 3352 3351 3350
f 3353 3351 3352
f 3354 3353 3352
f 3355 3353 3354
f 3356 3355 3354
f 3357 3355 3356
f 3358 3357 3356
f 3169 3357 3358
f 3171 3169 3358
f 3359 3158 3160
f 3360 3359 3160
f 3361 3359 3360
f 3362 3361 3360
f 3363 3361 3362
f 3364 3363 3362
f 3365 3363 3364
f 3366 3365 3364
f 3367 3365 3366
f 3368 3367 3366
f 3369 3367 3368
f 3370 3369 3368
f 3371 3369 3370
f 3372 3371 3370
f 3173 3371 3372
f 3175 3173 3372
f 3373 3162 3164
f 3374 3373 3164
f 3375 3373 3374
f 3376 3375 3374
f 3377 3375 3376
f 3378 3377 3376
f 3379 3377 3378
f 3380 3379 3378
f 3381 3379 3380
f 3382 3381 3380
f 3383 3381 3382
f 3384 3383 3382
f 3385 3383 3384
f 3386 3385 3384
f 3177 3385 3386
f 3179 3177 3386
f 3387 3234 3233
f 3388 3387 3233
f 3389 3387 3388
f 3390 3389 3388
f 3391 3196 3194
f 3394 3393 3392
f 3395 3393 3394
f 3396 3395 3394
f 3399 3398 3397
f 3400 3398 3399
f 3389 3400 3399
f 3399 3402 3401
f 3404 3399 3403
f 3405 3399 3404
f 3399 3406 3403
f 3407 3406 3399
f 3408 3407 3399
f 3399 3409 3408
f 3410 3409 3399
f 3411 3410 3399
f 3399 3391 3194
f 3412 3391 3399
f 3401 3412 3399
f 3399 3413 3411
f 3414 3413 3399
f 3415 3414 3399
f 3396 3416 3395
f 3417 3416 3396
f 3399 3417 3396
f 3418 3417 3399
f 3397 3418 3399
f 3399 3387 3389
f 3234 3387 3399
f 3194 3234 3399
f 3399 3419 3402
f 3420 3419 3399
f 3405 3420 3399
f 3423 3422 3421
f 3424 3422 3423
f 3427 3426 3425
f 3428 3426 3427
f 3431 3430 3429
f 3432 3430 3431
f 3435 3434 3433
f 3436 3434 3435
f 3439 3438 3437
f 3440 3438 3439
f 3443 3442 3441
f 3444 3442 3443
f 3447 3446 3445
f 3448 3446 3447
f 3451 3450 3449
f 3452 3450 3451
f 3453 3454 3455
f 3455 3454 3456
f 3457 3458 3459
f 3459 3458 3460
f 3461 3462 3463
f 3463 3462 3464
f 3465 3466 3467
f 3467 3466 3468
f 3469 3424 3423
f 3470 3469 3423
f 3471 3469 3470
f 3472 3471 3470
f 3473 3471 3472
f 3474 3473 3472
f 3475 3473 3474
f 3476 3475 3474
f 3477 3475 3476
f 3478 3477 3476
f 3479 3477 3478
f 3480 3479 3478
f 3438 3479 3480
f 3437 3438 3480
f 3481 3428 3427
f 3482 3481 3427
f 3483 3481 3482
f 3484 3483 3482
f 3485 3483 3484
f 3486 3485 3484
f 3487 3485 3486
f 3488 3487 3486
f 3489 3487 3488
f 3490 3489 3488
f 3491 3489 3490
f 3492 3491 3490
f 3442 3491 3492
f 3441 3442 3492
f 3493 3431 3429
f 3494 3493 3429
f 3495 3493 3494
f 3496 3495 3494
f 3497 3495 3496
f 3498 3497 3496
f 3499 3497 3498
f 3500 3499 3498
f 3501 3499 3500
f 3502 3501 3500
f 3503 3501 3502
f 3504 3503 3502
f 3448 3503 3504
f 3446 3448 3504
f 3505 3436 3435
f 3506 3505 3435
f 3507 3505 3506
f 3508 3507 3506
f 3509 3507 3508
f 3510 3509 3508
f 3511 3509 3510
f 3512 3511 3510
f 3513 3511 3512
f 3514 3513 3512
f 3515 3513 3514
f 3516 3515 3514
f 3450 3515 3516
f 3449 3450 3516
f 3519 3518 3517
f 3520 3518 3519
f 3521 3520 3519
f 3522 3520 3521
f 3523 3522 3521
f 3524 3522 3523
f 3525 3524 3523
f 3526 3524 3525
f 3421 3526 3525
f 3422 3526 3421
f 3529 3528 3527
f 3530 3528 3529
f 3531 3530 3529
f 3532 3530 3531
f 3533 3532 3531
f 3534 3532 3533
f 3535 3534 3533
f 3536 3534 3535
f 3425 3536 3535
f 3426 3536 3425
f 3539 3538 3537
f 3540 3538 3539
f 3541 3540 3539
f 3542 3540 3541
f 3543 3542 3541
f 3544 3542 3543
f 3545 3544 3543
f 3546 3544 3545
f 3430 3546 3545
f 3432 3546 3430
f 3549 3548 3547
f 3550 3548 3549
f 3551 3550 3549
f 3552 3550 3551
f 3553 3552 3551
f 3554 3552 3553
f 3555 3554 3553
f 3556 3554 3555
f 3433 3556 3555
f 3434 3556 3433
f 3557 3440 3439
f 3558 3557 3439
f 3559 3557 3558
f 3560 3559 3558
f 3561 3559 3560
f 3562 3561 3560
f 3563 3561 3562
f 3564 3563 3562
f 3565 3563 3564
f 3566 3565 3564
f 3567 3565 3566
f 3568 3567 3566
f 3569 3567 3568
f 3570 3569 3568
f 3571 3569 3570
f 3572 3571 3570
f 3572 3571 3454
f 3572 3454 3453
f 3573 3444 3443
f 3574 3573 3443
f 3575 3573 3574
f 3576 3575 3574
f 3577 3575 3576
f 3578 3577 3576
f 3579 3577 3578
f 3580 3579 3578
f 3581 3579 3580
f 3582 3581 3580
f 3583 3581 3582
f 3584 3583 3582
f 3585 3583 3584
f 3586 3585 3584
f 3587 3585 3586
f 3588 3587 3586
f 3588 3587 3458
f 3588 3458 3457
f 3589 3447 3445
f 3590 3589 3445
f 3591 3589 3590
f 3592 3591 3590
f 3593 3591 3592
f 3594 3593 3592
f 3595 3593 3594
f 3596 3595 3594
f 3597 3595 3596
f 3598 3597 3596
f 3599 3597 3598
f 3600 3599 3598
f 3601 3599 3600
f 3602 3601 3600
f 3603 3601 3602
f 3604 3603 3602
f 3604 3603 3464
f 3604 3464 3462
f 3605 3452 3451
f 3606 3605 3451
f 3607 3605 3606
f 3608 3607 3606
f 3609 3607 3608
f 3610 3609 3608
f 3611 3609 3610
f 3612 3611 3610
f 3613 3611 3612
f 3614 3613 3612
f 3615 3613 3614
f 3616 3615 3614
f 3617 3615 3616
f 3618 3617 3616
f 3619 3617 3618
f 3620 3619 3618
f 3620 3619 3466
f 3620 3466 3465
f 3455 3456 3621
f 3621 3456 3622
f 3623 3622 3621
f 3624 3622 3623
f 3625 3624 3623
f 3626 3624 3625
f 3627 3626 3625
f 3628 3626 3627
f 3629 3628 3627
f 3630 3628 3629
f 3631 3630 3629
f 3632 3630 3631
f 3633 3632 3631
f 3634 3632 3633
f 3635 3634 3633
f 3636 3634 3635
f 3637 3636 3635
f 3638 3636 3637
f 3459 3460 3639
f 3639 3460 3640
f 3641 3640 3639
f 3642 3640 3641
f 3643 3642 3641
f 3644 3642 3643
f 3645 3644 3643
f 3646 3644 3645
f 3647 3646 3645
f 3648 3646 3647
f 3649 3648 3647
f 3650 3648 3649
f 3651 3650 3649
f 3652 3650 3651
f 3653 3652 3651
f 3654 3652 3653
f 3655 3654 3653
f 3656 3654 3655
f 3461 3463 3657
f 3657 3463 3658
f 3659 3658 3657
f 3660 3658 3659
f 3661 3660 3659
f 3662 3660 3661
f 3663 3662 3661
f 3664 3662 3663
f 3665 3664 3663
f 3666 3664 3665
f 3667 3666 3665
f 3668 3666 3667
f 3669 3668 3667
f 3670 3668 3669
f 3671 3670 3669
f 3672 3670 3671
f 3673 3672 3671
f 3674 3672 3673
f 3467 3468 3675
f 3675 3468 3676
f 3677 3676 3675
f 3678 3676 3677
f 3679 3678 3677
f 3680 3678 3679
f 3681 3680 3679
f 3682 3680 3681
f 3683 3682 3681
f 3684 3682 3683
f 3685 3684 3683
f 3686 3684 3685
f 3687 3686 3685
f 3688 3686 3687
f 3689 3688 3687
f 3690 3688 3689
f 3691 3690 3689
f 3692 3690 3691
f 3693 3694 3695
f 3695 3694 3696
f 3695 3696 3697
f 3697 3696 3698
f 3697 3698 3699
f 3699 3698 3392
f 3699 3392 3700
f 3700 3392 3394
f 3700 3394 3701
f 3701 3394 3396
f 3701 3396 3702
f 3702 3396 3399
f 3703 3399 3702
f 3415 3399 3703
f 3704 3415 3703
f 3705 3415 3704
f 3706 3705 3704
f 3707 3705 3706
f 3694 3693 3707
f 3707 3693 3706
f 3414 3705 3708
f 3415 3705 3414
f 3404 3548 3709
f 3547 3548 3404
f 3538 3710 3527
f 3711 3527 3528
f 3538 3527 3711
f 3537 3538 3711
f 3537 3518 3712
f 3711 3518 3537
f 3517 3518 3711
f 3713 3517 3711
f 3709 3405 3404
f 3420 3405 3709
f 3714 3420 3709
f 3419 3420 3714
f 3715 3419 3714
f 3235 3236 3716
f 3717 3716 3236
f 3655 3716 3717
f 3656 3655 3717
f 3692 3419 3715
f 3402 3419 3692
f 3691 3402 3692
f 3718 3259 3260
f 3248 3718 3247
f 3259 3718 3248
f 3719 3259 3248
f 3247 3272 3720
f 3722 3637 3721
f 3638 3637 3722
f 3718 3272 3247
f 3271 3272 3718
f 3674 3271 3718
f 3723 3271 3674
f 3673 3723 3674
f 3725 3724 3656
f 3726 3724 3725
f 3727 3726 3725
f 3728 3726 3727
f 3729 3728 3727
f 3547 3728 3729
f 3731 3730 3638
f 3732 3730 3731
f 3733 3732 3731
f 3712 3732 3733
f 3734 3712 3733
f 3537 3712 3734
f 3235 3260 3735
f 3718 3260 3235
f 3716 3718 3235
f 3736 3718 3716
f 3737 3736 3716
f 3710 3736 3737
f 3738 3710 3737
f 3527 3710 3738
f 3721 3739 3722
f 3740 3739 3721
f 3741 3740 3721
f 3713 3740 3741
f 3742 3713 3741
f 3517 3713 3742
f 3638 3673 3731
f 3723 3673 3638
f 3722 3723 3638
f 3743 3723 3722
f 3744 3743 3722
f 3745 3743 3744
f 3746 3745 3744
f 3747 3745 3746
f 3748 3747 3746
f 3720 3749 3247
f 3750 3749 3720
f 3751 3750 3720
f 3752 3750 3751
f 3753 3752 3751
f 3754 3752 3753
f 3755 3754 3753
f 3719 3756 3259
f 3757 3756 3719
f 3758 3757 3719
f 3759 3757 3758
f 3760 3759 3758
f 3761 3759 3760
f 3762 3761 3760
f 3735 3763 3235
f 3764 3763 3735
f 3765 3764 3735
f 3766 3764 3765
f 3767 3766 3765
f 3768 3766 3767
f 3769 3768 3767
f 3656 3691 3725
f 3402 3691 3656
f 3717 3402 3656
f 3401 3402 3717
f 3770 3401 3717
f 3412 3401 3770
f 3771 3412 3770
f 3391 3412 3771
f 3772 3391 3771
f 3547 3528 3728
f 3711 3528 3547
f 3404 3711 3547
f 3773 3711 3404
f 3403 3773 3404
f 3774 3773 3403
f 3406 3774 3403
f 3775 3774 3406
f 3407 3775 3406
f 3776 3775 3407
f 3408 3776 3407
f 3777 3776 3408
f 3409 3777 3408
f 3778 3777 3409
f 3410 3778 3409
f 3779 3778 3410
f 3411 3779 3410
f 3780 3779 3411
f 3413 3780 3411
f 3708 3780 3413
f 3414 3708 3413
f 3781 3389 3390
f 3400 3389 3781
f 3782 3400 3781
f 3398 3400 3782
f 3783 3398 3782
f 3397 3398 3783
f 3784 3397 3783
f 3418 3397 3784
f 3785 3418 3784
f 3417 3418 3785
f 3786 3417 3785
f 3416 3417 3786
f 3787 3416 3786
f 3395 3416 3787
f 3788 3395 3787
f 3393 3395 3788
f 3392 3788 3698
f 3393 3788 3392
f 3707 3748 3746
f 3744 3707 3746
f 3787 3698 3788
f 3696 3698 3787
f 3786 3696 3787
f 3694 3696 3786
f 3707 3778 3779
f 3777 3778 3707
f 3776 3777 3707
f 3707 3708 3705
f 3780 3708 3707
f 3779 3780 3707
f 3707 3775 3776
f 3774 3775 3707
f 3773 3774 3707
f 3707 3711 3773
f 3713 3711 3707
f 3740 3713 3707
f 3707 3231 3748
f 3232 3231 3707
f 3233 3232 3707
f 3782 3781 3707
f 3707 3739 3740
f 3722 3739 3707
f 3744 3722 3707
f 3707 3388 3233
f 3390 3388 3707
f 3781 3390 3707
f 3707 3783 3782
f 3784 3783 3707
f 3694 3784 3707
f 3785 3784 3694
f 3786 3785 3694
f 3704 3789 3703
f 3703 3789 3790
f 3791 3792 3793
f 3793 3792 3794
f 3793 3794 3795
f 3795 3794 3796
f 3795 3796 3797
f 3797 3796 3798
f 3797 3798 3799
f 3799 3798 3800
f 3799 3800 3801
f 3801 3800 3802
f 3801 3802 3803
f 3803 3802 3804
f 3803 3804 3805
f 3805 3804 3806
f 3805 3806 3807
f 3807 3806 3808
f 3807 3808 3809
f 3809 3808 3810
f 3809 3810 3811
f 3811 3810 3812
f 3811 3812 3813
f 3813 3812 3814
f 3813 3814 3815
f 3815 3814 3816
f 3815 3816 3817
f 3817 3816 3818
f 3817 3818 3819
f 3819 3818 3820
f 3819 3820 3821
f 3821 3820 3822
f 3821 3822 3823
f 3823 3822 3824
f 3823 3824 3825
f 3825 3824 3826
f 3825 3826 3789
f 3789 3826 3790
f 3827 3792 3828
f 3828 3792 3791
f 3829 3830 3831
f 3829 3831 3832
f 3832 3831 3833
f 3832 3833 3834
f 3834 3833 3835
f 3834 3835 3836
f 3836 3835 3837
f 3836 3837 3838
f 3838 3837 3827
f 3838 3827 3828
f 3839 3840 3841
f 3839 3841 3842
f 3842 3841 3830
f 3842 3830 3829
f 3839 3697 3840
f 3840 3697 3699
f 3789 3704 3706
f 3838 3828 3706
f 3706 3807 3809
f 3809 3811 3706
f 3706 3811 3813
f 3706 3813 3815
f 3697 3839 3695
f 3695 3839 3842
f 3695 3842 3693
f 3815 3817 3706
f 3706 3817 3819
f 3706 3819 3821
f 3838 3706 3836
f 3821 3823 3706
f 3706 3823 3825
f 3706 3825 3789
f 3842 3829 3693
f 3693 3829 3832
f 3693 3832 3706
f 3706 3832 3834
f 3706 3834 3836
f 3801 3803 3706
f 3706 3803 3805
f 3706 3805 3807
f 3828 3791 3706
f 3706 3791 3793
f 3706 3793 3795
f 3795 3797 3706
f 3706 3797 3799
f 3706 3799 3801
f 3814 3812 3702
f 3826 3702 3790
f 3790 3702 3703
f 3812 3810 3702
f 3702 3810 3808
f 3702 3808 3806
f 3794 3792 3702
f 3702 3792 3827
f 3702 3827 3837
f 3820 3818 3702
f 3702 3818 3816
f 3702 3816 3814
f 3837 3835 3702
f 3702 3835 3833
f 3702 3833 3701
f 3840 3699 3841
f 3841 3699 3700
f 3841 3700 3830
f 3830 3700 3701
f 3830 3701 3831
f 3831 3701 3833
f 3826 3824 3702
f 3702 3824 3822
f 3702 3822 3820
f 3806 3804 3702
f 3702 3804 3802
f 3702 3802 3800
f 3800 3798 3702
f 3702 3798 3796
f 3702 3796 3794
f 3844 3466 3843
f 3619 3466 3844
f 3845 3619 3844
f 3617 3619 3845
f 3846 3617 3845
f 3709 3848 3847
f 3849 3848 3709
f 3850 3849 3709
f 3846 3615 3617
f 3613 3615 3846
f 3851 3613 3846
f 3611 3613 3851
f 3852 3611 3851
f 3609 3611 3852
f 3853 3609 3852
f 3607 3609 3853
f 3854 3607 3853
f 3605 3607 3854
f 3855 3605 3854
f 3452 3605 3855
f 3856 3452 3855
f 3450 3452 3856
f 3857 3450 3856
f 3515 3450 3857
f 3858 3515 3857
f 3513 3515 3858
f 3859 3513 3858
f 3859 3511 3513
f 3509 3511 3859
f 3860 3509 3859
f 3507 3509 3860
f 3861 3507 3860
f 3505 3507 3861
f 3862 3505 3861
f 3436 3505 3862
f 3863 3436 3862
f 3864 3436 3863
f 3466 3865 3843
f 3866 3865 3466
f 3468 3866 3466
f 3867 3866 3468
f 3468 3868 3867
f 3869 3868 3468
f 3676 3869 3468
f 3870 3869 3676
f 3678 3870 3676
f 3872 3709 3871
f 3714 3709 3872
f 3709 3873 3871
f 3874 3873 3709
f 3847 3874 3709
f 3709 3552 3554
f 3550 3552 3709
f 3548 3550 3709
f 3715 3690 3692
f 3688 3690 3715
f 3715 3680 3682
f 3678 3680 3715
f 3850 3436 3864
f 3434 3436 3850
f 3709 3434 3850
f 3556 3434 3709
f 3554 3556 3709
f 3715 3686 3688
f 3684 3686 3715
f 3682 3684 3715
f 3678 3875 3870
f 3876 3875 3678
f 3715 3876 3678
f 3877 3876 3715
f 3714 3877 3715
f 3878 3877 3714
f 3872 3878 3714
f 3880 3458 3879
f 3587 3458 3880
f 3881 3587 3880
f 3585 3587 3881
f 3882 3585 3881
f 3728 3884 3883
f 3885 3884 3728
f 3886 3885 3728
f 3882 3583 3585
f 3581 3583 3882
f 3887 3581 3882
f 3579 3581 3887
f 3888 3579 3887
f 3577 3579 3888
f 3889 3577 3888
f 3575 3577 3889
f 3890 3575 3889
f 3573 3575 3890
f 3891 3573 3890
f 3444 3573 3891
f 3892 3444 3891
f 3442 3444 3892
f 3893 3442 3892
f 3491 3442 3893
f 3894 3491 3893
f 3489 3491 3894
f 3895 3489 3894
f 3895 3487 3489
f 3485 3487 3895
f 3896 3485 3895
f 3483 3485 3896
f 3897 3483 3896
f 3481 3483 3897
f 3898 3481 3897
f 3428 3481 3898
f 3899 3428 3898
f 3900 3428 3899
f 3458 3901 3879
f 3902 3901 3458
f 3460 3902 3458
f 3903 3902 3460
f 3460 3904 3903
f 3905 3904 3460
f 3640 3905 3460
f 3906 3905 3640
f 3642 3906 3640
f 3908 3728 3907
f 3726 3728 3908
f 3728 3909 3907
f 3910 3909 3728
f 3883 3910 3728
f 3728 3532 3534
f 3530 3532 3728
f 3528 3530 3728
f 3724 3654 3656
f 3652 3654 3724
f 3724 3644 3646
f 3642 3644 3724
f 3886 3428 3900
f 3426 3428 3886
f 3728 3426 3886
f 3536 3426 3728
f 3534 3536 3728
f 3724 3650 3652
f 3648 3650 3724
f 3646 3648 3724
f 3642 3911 3906
f 3912 3911 3642
f 3724 3912 3642
f 3913 3912 3724
f 3726 3913 3724
f 3914 3913 3726
f 3908 3914 3726
f 3915 3435 3916
f 3916 3435 3506
f 3916 3506 3917
f 3915 3918 3435
f 3435 3918 3919
f 3435 3919 3433
f 3433 3919 3920
f 3433 3920 3921
f 3921 3922 3433
f 3433 3922 3923
f 3433 3923 3555
f 3689 3691 3725
f 3924 3725 3925
f 3925 3725 3926
f 3924 3927 3725
f 3725 3927 3928
f 3725 3928 3929
f 3930 3614 3931
f 3931 3614 3616
f 3931 3616 3932
f 3932 3616 3618
f 3932 3618 3933
f 3933 3618 3620
f 3933 3620 3934
f 3934 3620 3465
f 3506 3508 3917
f 3917 3508 3510
f 3917 3510 3935
f 3935 3510 3512
f 3935 3512 3936
f 3936 3512 3514
f 3936 3514 3937
f 3937 3514 3516
f 3937 3516 3938
f 3938 3516 3449
f 3938 3449 3939
f 3939 3449 3451
f 3939 3451 3940
f 3940 3451 3606
f 3940 3606 3941
f 3941 3606 3608
f 3941 3608 3942
f 3942 3608 3610
f 3942 3610 3930
f 3930 3610 3612
f 3930 3612 3614
f 3727 3943 3725
f 3725 3943 3944
f 3725 3944 3926
f 3729 3547 3549
f 3549 3551 3729
f 3729 3551 3553
f 3729 3553 3555
f 3923 3945 3555
f 3555 3945 3946
f 3555 3946 3729
f 3729 3946 3947
f 3729 3947 3727
f 3727 3947 3948
f 3727 3948 3943
f 3683 3725 3681
f 3681 3725 3679
f 3683 3685 3725
f 3725 3685 3687
f 3725 3687 3689
f 3929 3949 3465
f 3465 3949 3950
f 3465 3950 3934
f 3465 3467 3929
f 3929 3467 3675
f 3929 3675 3725
f 3725 3675 3677
f 3725 3677 3679
f 3951 3952 3712
f 3712 3952 3953
f 3712 3953 3954
f 3955 3712 3956
f 3956 3712 3732
f 3955 3957 3712
f 3712 3957 3958
f 3712 3958 3951
f 3959 3473 3960
f 3960 3473 3471
f 3960 3471 3961
f 3961 3471 3469
f 3961 3469 3962
f 3962 3469 3424
f 3962 3424 3963
f 3963 3424 3964
f 3965 3565 3966
f 3966 3565 3563
f 3966 3563 3967
f 3967 3563 3561
f 3967 3561 3968
f 3968 3561 3559
f 3968 3559 3969
f 3969 3559 3557
f 3969 3557 3970
f 3970 3557 3440
f 3970 3440 3971
f 3971 3440 3438
f 3971 3438 3972
f 3972 3438 3479
f 3972 3479 3973
f 3973 3479 3477
f 3973 3477 3959
f 3959 3477 3475
f 3959 3475 3473
f 3974 3454 3975
f 3975 3454 3571
f 3975 3571 3976
f 3976 3571 3569
f 3976 3569 3965
f 3965 3569 3567
f 3965 3567 3565
f 3524 3522 3712
f 3712 3522 3520
f 3712 3520 3518
f 3964 3424 3954
f 3954 3424 3422
f 3954 3422 3712
f 3712 3422 3526
f 3712 3526 3524
f 3974 3977 3454
f 3454 3977 3978
f 3454 3978 3456
f 3456 3978 3979
f 3979 3980 3456
f 3456 3980 3981
f 3456 3981 3622
f 3622 3981 3982
f 3622 3982 3624
f 3638 3636 3730
f 3730 3636 3634
f 3628 3626 3730
f 3730 3626 3624
f 3634 3632 3730
f 3730 3632 3630
f 3730 3630 3628
f 3982 3983 3624
f 3624 3983 3984
f 3624 3984 3730
f 3730 3984 3985
f 3730 3985 3732
f 3732 3985 3986
f 3732 3986 3956
f 3988 3429 3987
f 3494 3429 3988
f 3989 3494 3988
f 3429 3990 3987
f 3991 3990 3429
f 3430 3991 3429
f 3992 3991 3430
f 3993 3992 3430
f 3430 3994 3993
f 3995 3994 3430
f 3545 3995 3430
f 3731 3673 3671
f 3997 3731 3996
f 3998 3731 3997
f 3731 3999 3996
f 4000 3999 3731
f 4001 4000 3731
f 4003 3598 4002
f 3600 3598 4003
f 4004 3600 4003
f 3602 3600 4004
f 4005 3602 4004
f 3604 3602 4005
f 4006 3604 4005
f 3462 3604 4006
f 3989 3496 3494
f 3498 3496 3989
f 4007 3498 3989
f 3500 3498 4007
f 4008 3500 4007
f 3502 3500 4008
f 4009 3502 4008
f 3504 3502 4009
f 4010 3504 4009
f 3446 3504 4010
f 4011 3446 4010
f 3445 3446 4011
f 4012 3445 4011
f 3590 3445 4012
f 4013 3590 4012
f 3592 3590 4013
f 4014 3592 4013
f 3594 3592 4014
f 4002 3594 4014
f 3596 3594 4002
f 3598 3596 4002
f 3731 4015 3733
f 4016 4015 3731
f 3998 4016 3731
f 3539 3537 3734
f 3734 3541 3539
f 3543 3541 3734
f 3545 3543 3734
f 3545 4017 3995
f 4018 4017 3545
f 3734 4018 3545
f 4019 4018 3734
f 3733 4019 3734
f 4020 4019 3733
f 4015 4020 3733
f 3663 3731 3665
f 3661 3731 3663
f 3731 3667 3665
f 3669 3667 3731
f 3671 3669 3731
f 3462 4021 4001
f 4022 4021 3462
f 4006 4022 3462
f 4001 3461 3462
f 3657 3461 4001
f 3731 3657 4001
f 3659 3657 3731
f 3661 3659 3731
f 4023 4024 3482
f 4025 4026 3427
f 3427 4026 3425
f 4026 4027 3425
f 3425 4027 4028
f 3425 4028 3535
f 3535 4028 4029
f 3535 4029 4030
f 3653 3655 3716
f 3482 4024 3427
f 3427 4024 4031
f 3427 4031 4025
f 4032 3716 4033
f 4033 3716 4034
f 4032 4035 3716
f 3716 4035 4036
f 3716 4036 4037
f 4038 3582 4039
f 4039 3582 3584
f 4039 3584 4040
f 4040 3584 3586
f 4040 3586 4041
f 4041 3586 3588
f 4041 3588 4042
f 4042 3588 3457
f 3482 3484 4023
f 4023 3484 3486
f 4023 3486 4043
f 4043 3486 3488
f 4043 3488 4044
f 4044 3488 3490
f 4044 3490 4045
f 4045 3490 3492
f 4045 3492 4046
f 4046 3492 3441
f 4046 3441 4047
f 4047 3441 3443
f 4047 3443 4048
f 4048 3443 3574
f 4048 3574 4049
f 4049 3574 3576
f 4049 3576 4050
f 4050 3576 3578
f 4050 3578 4038
f 4038 3578 3580
f 4038 3580 3582
f 3737 4051 3716
f 3716 4051 4052
f 3716 4052 4034
f 3738 3527 3529
f 3529 3531 3738
f 3738 3531 3533
f 3738 3533 3535
f 4030 4053 3535
f 3535 4053 4054
f 3535 4054 3738
f 3738 4054 4055
f 3738 4055 3737
f 3737 4055 4056
f 3737 4056 4051
f 3647 3716 3645
f 3645 3716 3643
f 3647 3649 3716
f 3716 3649 3651
f 3716 3651 3653
f 4037 4057 3457
f 3457 4057 4058
f 3457 4058 4042
f 3457 3459 4037
f 4037 3459 3639
f 4037 3639 3716
f 3716 3639 3641
f 3716 3641 3643
f 4059 4060 3710
f 3710 4060 4061
f 3710 4061 4062
f 4063 3710 4064
f 4064 3710 3736
f 4063 4065 3710
f 3710 4065 4066
f 3710 4066 4059
f 4067 3497 4068
f 4068 3497 3495
f 4068 3495 4069
f 4069 3495 3493
f 4069 3493 4070
f 4070 3493 3431
f 4070 3431 4071
f 4071 3431 4072
f 4073 3597 4074
f 4074 3597 3595
f 4074 3595 4075
f 4075 3595 3593
f 4075 3593 4076
f 4076 3593 3591
f 4076 3591 4077
f 4077 3591 3589
f 4077 3589 4078
f 4078 3589 3447
f 4078 3447 4079
f 4079 3447 3448
f 4079 3448 4080
f 4080 3448 3503
f 4080 3503 4081
f 4081 3503 3501
f 4081 3501 4067
f 4067 3501 3499
f 4067 3499 3497
f 4082 3464 4083
f 4083 3464 3603
f 4083 3603 4084
f 4084 3603 3601
f 4084 3601 4073
f 4073 3601 3599
f 4073 3599 3597
f 3544 3542 3710
f 3710 3542 3540
f 3710 3540 3538
f 4072 3431 4062
f 4062 3431 3432
f 4062 3432 3710
f 3710 3432 3546
f 3710 3546 3544
f 4082 4085 3464
f 3464 4085 4086
f 3464 4086 3463
f 3463 4086 4087
f 4087 4088 3463
f 3463 4088 4089
f 3463 4089 3658
f 3658 4089 4090
f 3658 4090 3660
f 3674 3672 3718
f 3718 3672 3670
f 3664 3662 3718
f 3718 3662 3660
f 3670 3668 3718
f 3718 3668 3666
f 3718 3666 3664
f 4090 4091 3660
f 3660 4091 4092
f 3660 4092 3718
f 3718 4092 4093
f 3718 4093 3736
f 3736 4093 4094
f 3736 4094 4064
f 4096 3423 4095
f 3470 3423 4096
f 4097 3470 4096
f 3423 4098 4095
f 4099 4098 3423
f 3421 4099 3423
f 4100 4099 3421
f 4101 4100 3421
f 3421 4102 4101
f 4103 4102 3421
f 3525 4103 3421
f 3721 3637 3635
f 4105 3721 4104
f 4106 3721 4105
f 3721 4107 4104
f 4108 4107 3721
f 4109 4108 3721
f 4111 3566 4110
f 3568 3566 4111
f 4112 3568 4111
f 3570 3568 4112
f 4113 3570 4112
f 3572 3570 4113
f 4114 3572 4113
f 3453 3572 4114
f 4097 3472 3470
f 3474 3472 4097
f 4115 3474 4097
f 3476 3474 4115
f 4116 3476 4115
f 3478 3476 4116
f 4117 3478 4116
f 3480 3478 4117
f 4118 3480 4117
f 3437 3480 4118
f 4119 3437 4118
f 3439 3437 4119
f 4120 3439 4119
f 3558 3439 4120
f 4121 3558 4120
f 3560 3558 4121
f 4122 3560 4121
f 3562 3560 4122
f 4110 3562 4122
f 3564 3562 4110
f 3566 3564 4110
f 3721 4123 3741
f 4124 4123 3721
f 4106 4124 3721
f 3519 3517 3742
f 3742 3521 3519
f 3523 3521 3742
f 3525 3523 3742
f 3525 4125 4103
f 4126 4125 3525
f 3742 4126 3525
f 4127 4126 3742
f 3741 4127 3742
f 4128 4127 3741
f 4123 4128 3741
f 3627 3721 3629
f 3625 3721 3627
f 3721 3631 3629
f 3633 3631 3721
f 3635 3633 3721
f 3453 4129 4109
f 4130 4129 3453
f 4114 4130 3453
f 4109 3455 3453
f 3621 3455 4109
f 3721 3621 4109
f 3623 3621 3721
f 3625 3623 3721
f 3922 3849 3921
f 3848 3849 3922
f 3923 3848 3922
f 3847 3848 3923
f 3945 3847 3923
f 3874 3847 3945
f 3946 3874 3945
f 3873 3874 3946
f 3947 3873 3946
f 3871 3873 3947
f 3948 3871 3947
f 3872 3871 3948
f 3943 3872 3948
f 3878 3872 3943
f 3944 3878 3943
f 3877 3878 3944
f 3926 3877 3944
f 3876 3877 3926
f 3925 3876 3926
f 3875 3876 3925
f 3924 3875 3925
f 3870 3875 3924
f 3927 3870 3924
f 3869 3870 3927
f 3928 3869 3927
f 3868 3869 3928
f 3929 3868 3928
f 3867 3868 3929
f 3949 3867 3929
f 3866 3867 3949
f 3950 3866 3949
f 3865 3866 3950
f 3934 3865 3950
f 3843 3865 3934
f 3933 3843 3934
f 3844 3843 3933
f 3933 3844 3932
f 3932 3844 3845
f 3932 3845 3931
f 3931 3845 3846
f 3931 3846 3930
f 3930 3846 3851
f 3930 3851 3942
f 3942 3851 3852
f 3942 3852 3941
f 3941 3852 3853
f 3941 3853 3940
f 3940 3853 3854
f 3940 3854 3939
f 3939 3854 3855
f 3939 3855 3938
f 3938 3855 3856
f 3938 3856 3937
f 3937 3856 3857
f 3937 3857 3936
f 3936 3857 3858
f 3936 3858 3935
f 3935 3858 3859
f 3935 3859 3917
f 3917 3859 3860
f 3917 3860 3916
f 3916 3860 3861
f 3916 3861 3915
f 3915 3861 3862
f 3915 3862 3918
f 3918 3862 3863
f 3918 3863 3919
f 3919 3863 3864
f 3919 3864 3920
f 3920 3864 3850
f 3920 3850 3921
f 3921 3850 3849
f 4029 3885 4028
f 3884 3885 4029
f 4030 3884 4029
f 3883 3884 4030
f 4053 3883 4030
f 3910 3883 4053
f 4054 3910 4053
f 3909 3910 4054
f 4055 3909 4054
f 3907 3909 4055
f 4056 3907 4055
f 3908 3907 4056
f 4051 3908 4056
f 3914 3908 4051
f 4052 3914 4051
f 3913 3914 4052
f 4034 3913 4052
f 3912 3913 4034
f 4033 3912 4034
f 3911 3912 4033
f 4032 3911 4033
f 3906 3911 4032
f 4035 3906 4032
f 3905 3906 4035
f 4036 3905 4035
f 3904 3905 4036
f 4037 3904 4036
f 3903 3904 4037
f 4057 3903 4037
f 3902 3903 4057
f 4058 3902 4057
f 3901 3902 4058
f 4042 3901 4058
f 3879 3901 4042
f 4041 3879 4042
f 3880 3879 4041
f 4041 3880 4040
f 4040 3880 3881
f 4040 3881 4039
f 4039 3881 3882
f 4039 3882 4038
f 4038 3882 3887
f 4038 3887 4050
f 4050 3887 3888
f 4050 3888 4049
f 4049 3888 3889
f 4049 3889 4048
f 4048 3889 3890
f 4048 3890 4047
f 4047 3890 3891
f 4047 3891 4046
f 4046 3891 3892
f 4046 3892 4045
f 4045 3892 3893
f 4045 3893 4044
f 4044 3893 3894
f 4044 3894 4043
f 4043 3894 3895
f 4043 3895 4023
f 4023 3895 3896
f 4023 3896 4024
f 4024 3896 3897
f 4024 3897 4031
f 4031 3897 3898
f 4031 3898 4025
f 4025 3898 3899
f 4025 3899 4026
f 4026 3899 3900
f 4026 3900 4027
f 4027 3900 3886
f 4027 3886 4028
f 4028 3886 3885
f 3994 4061 3993
f 4060 4061 3994
f 3995 4060 3994
f 4059 4060 3995
f 4017 4059 3995
f 4066 4059 4017
f 4018 4066 4017
f 4065 4066 4018
f 4019 4065 4018
f 4063 4065 4019
f 4020 4063 4019
f 4064 4063 4020
f 4015 4064 4020
f 4094 4064 4015
f 4016 4094 4015
f 4093 4094 4016
f 3998 4093 4016
f 4092 4093 3998
f 3997 4092 3998
f 4091 4092 3997
f 3996 4091 3997
f 4090 4091 3996
f 3999 4090 3996
f 4089 4090 3999
f 4000 4089 3999
f 4088 4089 4000
f 4001 4088 4000
f 4087 4088 4001
f 4021 4087 4001
f 4086 4087 4021
f 4022 4086 4021
f 4085 4086 4022
f 4006 4085 4022
f 4082 4085 4006
f 4005 4082 4006
f 4083 4082 4005
f 4005 4083 4004
f 4004 4083 4084
f 4004 4084 4003
f 4003 4084 4073
f 4003 4073 4002
f 4002 4073 4074
f 4002 4074 4014
f 4014 4074 4075
f 4014 4075 4013
f 4013 4075 4076
f 4013 4076 4012
f 4012 4076 4077
f 4012 4077 4011
f 4011 4077 4078
f 4011 4078 4010
f 4010 4078 4079
f 4010 4079 4009
f 4009 4079 4080
f 4009 4080 4008
f 4008 4080 4081
f 4008 4081 4007
f 4007 4081 4067
f 4007 4067 3989
f 3989 4067 4068
f 3989 4068 3988
f 3988 4068 4069
f 3988 4069 3987
f 3987 4069 4070
f 3987 4070 3990
f 3990 4070 4071
f 3990 4071 3991
f 3991 4071 4072
f 3991 4072 3992
f 3992 4072 4062
f 3992 4062 3993
f 3993 4062 4061
f 4102 3953 4101
f 3952 3953 4102
f 4103 3952 4102
f 3951 3952 4103
f 4125 3951 4103
f 3958 3951 4125
f 4126 3958 4125
f 3957 3958 4126
f 4127 3957 4126
f 3955 3957 4127
f 4128 3955 4127
f 3956 3955 4128
f 4123 3956 4128
f 3986 3956 4123
f 4124 3986 4123
f 3985 3986 4124
f 4106 3985 4124
f 3984 3985 4106
f 4105 3984 4106
f 3983 3984 4105
f 4104 3983 4105
f 3982 3983 4104
f 4107 3982 4104
f 3981 3982 4107
f 4108 3981 4107
f 3980 3981 4108
f 4109 3980 4108
f 3979 3980 4109
f 4129 3979 4109
f 3978 3979 4129
f 4130 3978 4129
f 3977 3978 4130
f 4114 3977 4130
f 3974 3977 4114
f 4113 3974 4114
f 3975 3974 4113
f 4113 3975 4112
f 4112 3975 3976
f 4112 3976 4111
f 4111 3976 3965
f 4111 3965 4110
f 4110 3965 3966
f 4110 3966 4122
f 4122 3966 3967
f 4122 3967 4121
f 4121 3967 3968
f 4121 3968 4120
f 4120 3968 3969
f 4120 3969 4119
f 4119 3969 3970
f 4119 3970 4118
f 4118 3970 3971
f 4118 3971 4117
f 4117 3971 3972
f 4117 3972 4116
f 4116 3972 3973
f 4116 3973 4115
f 4115 3973 3959
f 4115 3959 4097
f 4097 3959 3960
f 4097 3960 4096
f 4096 3960 3961
f 4096 3961 4095
f 4095 3961 3962
f 4095 3962 4098
f 4098 3962 3963
f 4098 3963 4099
f 4099 3963 3964
f 4099 3964 4100
f 4100 3964 3954
f 4100 3954 4101
f 4101 3954 3953
f 3177 4132 4131
f 4133 3177 4131
f 4134 3281 3279
f 3178 3281 4134
f 4135 3178 4134
f 4137 4136 3325
f 3178 4139 4138
f 4140 4139 3178
f 4135 4140 3178
f 3377 3379 4141
f 3177 4142 4132
f 4143 4142 3177
f 3178 4143 3177
f 4144 4143 3178
f 4138 4144 3178
f 3745 4146 4145
f 4147 4146 3745
f 4149 3146 4148
f 3145 3146 4149
f 4150 3145 4149
f 4151 3377 4141
f 4133 3385 3177
f 3383 3385 4133
f 4141 3383 4133
f 3381 3383 4141
f 3379 3381 4141
f 3227 3747 3229
f 3745 3747 3227
f 3145 4153 4152
f 4154 4153 3145
f 4150 4154 3145
f 4136 3323 3325
f 3321 3323 4136
f 4155 3321 4136
f 3319 3321 4155
f 4156 3319 4155
f 3146 3319 4156
f 4157 3146 4156
f 4148 3146 4157
f 3162 4159 4158
f 4160 4159 3162
f 3373 4160 3162
f 4151 4160 3373
f 3375 4151 3373
f 3377 4151 3375
f 3273 3271 3723
f 3279 3277 3743
f 4152 3219 3145
f 3221 3219 4152
f 4147 3221 4152
f 3223 3221 4147
f 3745 3223 4147
f 3225 3223 3745
f 3227 3225 3745
f 4161 3162 4158
f 3161 3162 4161
f 4162 3161 4161
f 3329 3161 4162
f 4137 3329 4162
f 3327 3329 4137
f 3325 3327 4137
f 3743 3273 3723
f 3275 3273 3743
f 3277 3275 3743
f 3279 4163 4134
f 4164 4163 3279
f 3743 4164 3279
f 4165 4164 3743
f 3745 4165 3743
f 4166 4165 3745
f 4145 4166 3745
f 3748 3229 3747
f 3231 3229 3748
f 3755 3218 3754
f 3230 3218 3755
f 3180 4167 3179
f 3179 4167 4168
f 3322 4169 4170
f 3753 3226 3224
f 3753 4171 3751
f 3751 4171 4172
f 4173 4174 3180
f 3180 4174 4175
f 3322 3324 4169
f 4169 3324 3326
f 4169 3326 4176
f 3755 3230 3753
f 3753 3230 3228
f 3753 3228 3226
f 4177 4178 3224
f 3224 4178 4179
f 3224 4179 3753
f 3753 4179 4180
f 3753 4180 4171
f 4175 4181 3180
f 3180 4181 4182
f 3180 4182 4167
f 3380 4183 3378
f 3378 4183 4184
f 3378 4184 3376
f 3376 4184 3374
f 3374 4184 4185
f 3374 4185 3164
f 3280 3278 3751
f 3282 4186 3180
f 3180 4186 4187
f 3180 4187 4173
f 4185 4188 3164
f 3164 4188 4189
f 3164 4189 3163
f 4190 3148 4170
f 4170 3148 3320
f 4170 3320 3322
f 4190 4191 3148
f 3148 4191 4192
f 3148 4192 3147
f 3147 4192 4193
f 3147 4193 4194
f 4194 4195 3147
f 3147 4195 4196
f 3147 4196 3220
f 3220 4196 4177
f 3220 4177 3222
f 3222 4177 3224
f 4189 4197 3163
f 3163 4197 4198
f 3163 4198 3330
f 3330 4198 4176
f 3330 4176 3328
f 3328 4176 3326
f 3282 3280 4186
f 4186 3280 3751
f 4186 3751 4199
f 4199 3751 4172
f 3278 3276 3751
f 3751 3276 3274
f 3751 3274 3720
f 3720 3274 3272
f 4168 4200 3179
f 3179 4200 4201
f 3179 4201 3386
f 3386 4201 4202
f 3386 4202 3384
f 3384 4202 4183
f 3384 4183 3382
f 3382 4183 3380
f 3169 4204 4203
f 4205 3169 4203
f 4206 3257 3255
f 3170 3257 4206
f 4207 3170 4206
f 4209 4208 3301
f 3170 4211 4210
f 4212 4211 3170
f 4207 4212 3170
f 3349 3351 4213
f 3169 4214 4204
f 4215 4214 3169
f 3170 4215 3169
f 4216 4215 3170
f 4210 4216 3170
f 3752 4218 4217
f 4219 4218 3752
f 4221 3138 4220
f 3137 3138 4221
f 4222 3137 4221
f 4223 3349 4213
f 4205 3357 3169
f 3355 3357 4205
f 4213 3355 4205
f 3353 3355 4213
f 3351 3353 4213
f 3216 3754 3218
f 3752 3754 3216
f 3137 4225 4224
f 4226 4225 3137
f 4222 4226 3137
f 4208 3299 3301
f 3297 3299 4208
f 4227 3297 4208
f 3295 3297 4227
f 4228 3295 4227
f 3138 3295 4228
f 4229 3138 4228
f 4220 3138 4229
f 3154 4231 4230
f 4232 4231 3154
f 3345 4232 3154
f 4223 4232 3345
f 3347 4223 3345
f 3349 4223 3347
f 3249 3247 3749
f 3255 3253 3750
f 4224 3208 3137
f 3210 3208 4224
f 4219 3210 4224
f 3212 3210 4219
f 3752 3212 4219
f 3214 3212 3752
f 3216 3214 3752
f 4233 3154 4230
f 3153 3154 4233
f 4234 3153 4233
f 3305 3153 4234
f 4209 3305 4234
f 3303 3305 4209
f 3301 3303 4209
f 3750 3249 3749
f 3251 3249 3750
f 3253 3251 3750
f 3255 4235 4206
f 4236 4235 3255
f 3750 4236 3255
f 4237 4236 3750
f 3752 4237 3750
f 4238 4237 3752
f 4217 4238 3752
f 3762 3193 3761
f 3192 3193 3762
f 3172 4239 3171
f 3171 4239 4240
f 3298 4241 4242
f 3760 3215 3213
f 3760 4243 3758
f 3758 4243 4244
f 4245 4246 3172
f 3172 4246 4247
f 3298 3300 4241
f 4241 3300 3302
f 4241 3302 4248
f 3762 3192 3760
f 3760 3192 3217
f 3760 3217 3215
f 4249 4250 3213
f 3213 4250 4251
f 3213 4251 3760
f 3760 4251 4252
f 3760 4252 4243
f 4247 4253 3172
f 3172 4253 4254
f 3172 4254 4239
f 3352 4255 3350
f 3350 4255 4256
f 3350 4256 3348
f 3348 4256 3346
f 3346 4256 4257
f 3346 4257 3156
f 3256 3254 3758
f 3258 4258 3172
f 3172 4258 4259
f 3172 4259 4245
f 4257 4260 3156
f 3156 4260 4261
f 3156 4261 3155
f 4262 3140 4242
f 4242 3140 3296
f 4242 3296 3298
f 4262 4263 3140
f 3140 4263 4264
f 3140 4264 3139
f 3139 4264 4265
f 3139 4265 4266
f 4266 4267 3139
f 3139 4267 4268
f 3139 4268 3209
f 3209 4268 4249
f 3209 4249 3211
f 3211 4249 3213
f 4261 4269 3155
f 3155 4269 4270
f 3155 4270 3306
f 3306 4270 4248
f 3306 4248 3304
f 3304 4248 3302
f 3258 3256 4258
f 4258 3256 3758
f 4258 3758 4271
f 4271 3758 4244
f 3254 3252 3758
f 3758 3252 3250
f 3758 3250 3719
f 3719 3250 3248
f 4240 4272 3171
f 3171 4272 4273
f 3171 4273 3358
f 3358 4273 4274
f 3358 4274 3356
f 3356 4274 4255
f 3356 4255 3354
f 3354 4255 3352
f 4275 4276 3173
f 4277 3365 3363
f 4275 3173 4278
f 4279 3267 3269
f 4277 3363 4280
f 3173 3371 4278
f 4278 3371 3369
f 4278 3369 4277
f 4277 3369 3367
f 4277 3367 3365
f 3313 4281 4282
f 4283 4284 3158
f 3158 4284 4285
f 3158 4285 3359
f 3359 4285 4280
f 3359 4280 3361
f 3361 4280 3363
f 4276 4286 3173
f 3173 4286 4287
f 3173 4287 3174
f 3174 4287 4288
f 3174 4288 4289
f 4289 4290 3174
f 3174 4290 4291
f 3174 4291 3269
f 3269 4291 4292
f 3269 4292 4279
f 4283 3158 4293
f 4293 3158 3157
f 4293 3157 4294
f 4294 3157 3317
f 4294 3317 4282
f 4282 3317 3315
f 4282 3315 3313
f 4295 4296 3759
f 3759 4296 4297
f 4298 3142 4299
f 4299 3142 3141
f 4299 3141 4300
f 3193 3761 3205
f 3205 3761 3759
f 4301 4302 3141
f 3141 4302 4303
f 3141 4303 4300
f 3313 3311 4281
f 4281 3311 3309
f 4281 3309 4304
f 4304 3309 3307
f 4304 3307 4305
f 4305 3307 3142
f 4305 3142 4306
f 4306 3142 4298
f 3756 3259 3261
f 3757 3265 3267
f 3141 3197 4301
f 4301 3197 3199
f 4301 3199 4297
f 4297 3199 3201
f 4297 3201 3759
f 3759 3201 3203
f 3759 3203 3205
f 3756 3261 3757
f 3757 3261 3263
f 3757 3263 3265
f 4279 4307 3267
f 3267 4307 4308
f 3267 4308 3757
f 3757 4308 4309
f 3757 4309 3759
f 3759 4309 4310
f 3759 4310 4295
f 3769 3191 3768
f 3207 3191 3769
f 4311 4312 3165
f 4311 3165 4313
f 3243 3245 4314
f 4314 3245 3166
f 4314 3166 4315
f 3289 4316 4317
f 4318 4319 3166
f 3166 4319 4320
f 3166 4320 4315
f 4321 3337 3335
f 4312 4322 3165
f 3165 4322 4323
f 3165 4323 3166
f 3166 4323 4324
f 3166 4324 4318
f 4325 4326 3766
f 3766 4326 4327
f 4328 3134 4329
f 4329 3134 3133
f 4329 3133 4330
f 4321 3335 4331
f 3165 3343 4313
f 4313 3343 3341
f 4313 3341 4321
f 4321 3341 3339
f 4321 3339 3337
f 3191 3768 3189
f 3189 3768 3766
f 4332 4333 3133
f 3133 4333 4334
f 3133 4334 4330
f 3289 3287 4316
f 4316 3287 3285
f 4316 3285 4335
f 4335 3285 3283
f 4335 3283 4336
f 4336 3283 3134
f 4336 3134 4337
f 4337 3134 4328
f 4338 4339 3150
f 3150 4339 4340
f 3150 4340 3331
f 3331 4340 4331
f 3331 4331 3333
f 3333 4331 3335
f 3763 3235 3237
f 3764 3241 3243
f 3133 3181 4332
f 4332 3181 3183
f 4332 3183 4327
f 4327 3183 3185
f 4327 3185 3766
f 3766 3185 3187
f 3766 3187 3189
f 4338 3150 4341
f 4341 3150 3149
f 4341 3149 4342
f 4342 3149 3293
f 4342 3293 4317
f 4317 3293 3291
f 4317 3291 3289
f 3763 3237 3764
f 3764 3237 3239
f 3764 3239 3241
f 4314 4343 3243
f 3243 4343 4344
f 3243 4344 3764
f 3764 4344 4345
f 3764 4345 3766
f 3766 4345 4346
f 3766 4346 4325
f 3175 4347 3176
f 4348 4347 3175
f 4350 4349 3310
f 3202 3204 3767
f 3765 4351 3767
f 4352 4351 3765
f 3176 4354 4353
f 4355 4354 3176
f 4349 3312 3310
f 3314 3312 4349
f 4356 3314 4349
f 3767 3207 3769
f 3206 3207 3767
f 3204 3206 3767
f 3202 4358 4357
f 4359 4358 3202
f 3767 4359 3202
f 4360 4359 3767
f 4351 4360 3767
f 3176 4361 4355
f 4362 4361 3176
f 4347 4362 3176
f 3364 4363 3366
f 4364 4363 3364
f 3362 4364 3364
f 3360 4364 3362
f 4365 4364 3360
f 3160 4365 3360
f 3765 3266 3268
f 3176 4366 3270
f 4367 4366 3176
f 4353 4367 3176
f 3160 4368 4365
f 4369 4368 3160
f 3159 4369 3160
f 4350 3144 4370
f 3308 3144 4350
f 3310 3308 4350
f 3144 4371 4370
f 4372 4371 3144
f 3143 4372 3144
f 4373 4372 3143
f 4374 4373 3143
f 3143 4375 4374
f 4376 4375 3143
f 3198 4376 3143
f 4357 4376 3198
f 3200 4357 3198
f 3202 4357 3200
f 3159 4377 4369
f 4378 4377 3159
f 3318 4378 3159
f 4356 4378 3318
f 3316 4356 3318
f 3314 4356 3316
f 4366 3268 3270
f 3765 3268 4366
f 4379 3765 4366
f 4352 3765 4379
f 3765 3264 3266
f 3262 3264 3765
f 3735 3262 3765
f 3260 3262 3735
f 3175 4380 4348
f 4381 4380 3175
f 3372 4381 3175
f 4382 4381 3372
f 3370 4382 3372
f 4363 4382 3370
f 3368 4363 3370
f 3366 4363 3368
f 3195 3391 3772
f 3196 3391 3195
f 3167 4383 3168
f 4384 4383 3167
f 4386 4385 3286
f 3186 3188 3771
f 3770 4387 3771
f 4388 4387 3770
f 3168 4390 4389
f 4391 4390 3168
f 4385 3288 3286
f 3290 3288 4385
f 4392 3290 4385
f 3771 3195 3772
f 3190 3195 3771
f 3188 3190 3771
f 3186 4394 4393
f 4395 4394 3186
f 3771 4395 3186
f 4396 4395 3771
f 4387 4396 3771
f 3168 4397 4391
f 4398 4397 3168
f 4383 4398 3168
f 3336 4399 3338
f 4400 4399 3336
f 3334 4400 3336
f 3332 4400 3334
f 4401 4400 3332
f 3152 4401 3332
f 3770 3242 3244
f 3168 4402 3246
f 4403 4402 3168
f 4389 4403 3168
f 3152 4404 4401
f 4405 4404 3152
f 3151 4405 3152
f 4386 3136 4406
f 3284 3136 4386
f 3286 3284 4386
f 3136 4407 4406
f 4408 4407 3136
f 3135 4408 3136
f 4409 4408 3135
f 4410 4409 3135
f 3135 4411 4410
f 4412 4411 3135
f 3182 4412 3135
f 4393 4412 3182
f 3184 4393 3182
f 3186 4393 3184
f 3151 4413 4405
f 4414 4413 3151
f 3294 4414 3151
f 4392 4414 3294
f 3292 4392 3294
f 3290 4392 3292
f 4402 3244 3246
f 3770 3244 4402
f 4415 3770 4402
f 4388 3770 4415
f 3770 3240 3242
f 3238 3240 3770
f 3717 3238 3770
f 3236 3238 3717
f 3167 4416 4384
f 4417 4416 3167
f 3344 4417 3167
f 4418 4417 3344
f 3342 4418 3344
f 4399 4418 3342
f 3340 4399 3342
f 3338 4399 3340
f 4169 4136 4170
f 4170 4136 4155
f 4170 4155 4190
f 4190 4155 4156
f 4191 4156 4190
f 4157 4156 4191
f 4192 4157 4191
f 4148 4157 4192
f 4193 4148 4192
f 4149 4148 4193
f 4194 4149 4193
f 4150 4149 4194
f 4195 4150 4194
f 4154 4150 4195
f 4196 4154 4195
f 4153 4154 4196
f 4177 4153 4196
f 4152 4153 4177
f 4178 4152 4177
f 4147 4152 4178
f 4179 4147 4178
f 4146 4147 4179
f 4180 4146 4179
f 4145 4146 4180
f 4171 4145 4180
f 4166 4145 4171
f 4172 4166 4171
f 4165 4166 4172
f 4199 4165 4172
f 4164 4165 4199
f 4186 4164 4199
f 4163 4164 4186
f 4187 4163 4186
f 4134 4163 4187
f 4173 4134 4187
f 4135 4134 4173
f 4174 4135 4173
f 4140 4135 4174
f 4175 4140 4174
f 4139 4140 4175
f 4175 4139 4181
f 4181 4139 4138
f 4181 4138 4182
f 4182 4138 4144
f 4182 4144 4167
f 4167 4144 4143
f 4167 4143 4168
f 4168 4143 4142
f 4168 4142 4200
f 4200 4142 4132
f 4200 4132 4201
f 4201 4132 4131
f 4201 4131 4202
f 4202 4131 4133
f 4202 4133 4183
f 4183 4133 4141
f 4183 4141 4184
f 4184 4141 4151
f 4184 4151 4185
f 4185 4151 4160
f 4185 4160 4188
f 4188 4160 4159
f 4188 4159 4189
f 4189 4159 4158
f 4189 4158 4197
f 4197 4158 4161
f 4197 4161 4198
f 4198 4161 4162
f 4198 4162 4176
f 4176 4162 4137
f 4176 4137 4169
f 4169 4137 4136
f 4241 4208 4242
f 4242 4208 4227
f 4242 4227 4262
f 4262 4227 4228
f 4263 4228 4262
f 4229 4228 4263
f 4264 4229 4263
f 4220 4229 4264
f 4265 4220 4264
f 4221 4220 4265
f 4266 4221 4265
f 4222 4221 4266
f 4267 4222 4266
f 4226 4222 4267
f 4268 4226 4267
f 4225 4226 4268
f 4249 4225 4268
f 4224 4225 4249
f 4250 4224 4249
f 4219 4224 4250
f 4251 4219 4250
f 4218 4219 4251
f 4252 4218 4251
f 4217 4218 4252
f 4243 4217 4252
f 4238 4217 4243
f 4244 4238 4243
f 4237 4238 4244
f 4271 4237 4244
f 4236 4237 4271
f 4258 4236 4271
f 4235 4236 4258
f 4259 4235 4258
f 4206 4235 4259
f 4245 4206 4259
f 4207 4206 4245
f 4246 4207 4245
f 4212 4207 4246
f 4247 4212 4246
f 4211 4212 4247
f 4247 4211 4253
f 4253 4211 4210
f 4253 4210 4254
f 4254 4210 4216
f 4254 4216 4239
f 4239 4216 4215
f 4239 4215 4240
f 4240 4215 4214
f 4240 4214 4272
f 4272 4214 4204
f 4272 4204 4273
f 4273 4204 4203
f 4273 4203 4274
f 4274 4203 4205
f 4274 4205 4255
f 4255 4205 4213
f 4255 4213 4256
f 4256 4213 4223
f 4256 4223 4257
f 4257 4223 4232
f 4257 4232 4260
f 4260 4232 4231
f 4260 4231 4261
f 4261 4231 4230
f 4261 4230 4269
f 4269 4230 4233
f 4269 4233 4270
f 4270 4233 4234
f 4270 4234 4248
f 4248 4234 4209
f 4248 4209 4241
f 4241 4209 4208
f 4349 4281 4350
f 4350 4281 4304
f 4350 4304 4370
f 4370 4304 4305
f 4371 4305 4370
f 4306 4305 4371
f 4372 4306 4371
f 4298 4306 4372
f 4373 4298 4372
f 4299 4298 4373
f 4374 4299 4373
f 4300 4299 4374
f 4375 4300 4374
f 4303 4300 4375
f 4376 4303 4375
f 4302 4303 4376
f 4357 4302 4376
f 4301 4302 4357
f 4358 4301 4357
f 4297 4301 4358
f 4359 4297 4358
f 4296 4297 4359
f 4360 4296 4359
f 4295 4296 4360
f 4351 4295 4360
f 4310 4295 4351
f 4352 4310 4351
f 4309 4310 4352
f 4379 4309 4352
f 4308 4309 4379
f 4366 4308 4379
f 4307 4308 4366
f 4367 4307 4366
f 4279 4307 4367
f 4353 4279 4367
f 4292 4279 4353
f 4354 4292 4353
f 4291 4292 4354
f 4355 4291 4354
f 4290 4291 4355
f 4355 4290 4361
f 4361 4290 4289
f 4361 4289 4362
f 4362 4289 4288
f 4362 4288 4347
f 4347 4288 4287
f 4347 4287 4348
f 4348 4287 4286
f 4348 4286 4380
f 4380 4286 4276
f 4380 4276 4381
f 4381 4276 4275
f 4381 4275 4382
f 4382 4275 4278
f 4382 4278 4363
f 4363 4278 4277
f 4363 4277 4364
f 4364 4277 4280
f 4364 4280 4365
f 4365 4280 4285
f 4365 4285 4368
f 4368 4285 4284
f 4368 4284 4369
f 4369 4284 4283
f 4369 4283 4377
f 4377 4283 4293
f 4377 4293 4378
f 4378 4293 4294
f 4378 4294 4356
f 4356 4294 4282
f 4356 4282 4349
f 4349 4282 4281
f 4385 4316 4386
f 4386 4316 4335
f 4386 4335 4406
f 4406 4335 4336
f 4407 4336 4406
f 4337 4336 4407
f 4408 4337 4407
f 4328 4337 4408
f 4409 4328 4408
f 4329 4328 4409
f 4410 4329 4409
f 4330 4329 4410
f 4411 4330 4410
f 4334 4330 4411
f 4412 4334 4411
f 4333 4334 4412
f 4393 4333 4412
f 4332 4333 4393
f 4394 4332 4393
f 4327 4332 4394
f 4395 4327 4394
f 4326 4327 4395
f 4396 4326 4395
f 4325 4326 4396
f 4387 4325 4396
f 4346 4325 4387
f 4388 4346 4387
f 4345 4346 4388
f 4415 4345 4388
f 4344 4345 4415
f 4402 4344 4415
f 4343 4344 4402
f 4403 4343 4402
f 4314 4343 4403
f 4389 4314 4403
f 4315 4314 4389
f 4390 4315 4389
f 4320 4315 4390
f 4391 4320 4390
f 4319 4320 4391
f 4391 4319 4397
f 4397 4319 4318
f 4397 4318 4398
f 4398 4318 4324
f 4398 4324 4383
f 4383 4324 4323
f 4383 4323 4384
f 4384 4323 4322
f 4384 4322 4416
f 4416 4322 4312
f 4416 4312 4417
f 4417 4312 4311
f 4417 4311 4418
f 4418 4311 4313
f 4418 4313 4399
f 4399 4313 4321
f 4399 4321 4400
f 4400 4321 4331
f 4400 4331 4401
f 4401 4331 4340
f 4401 4340 4404
f 4404 4340 4339
f 4404 4339 4405
f 4405 4339 4338
f 4405 4338 4413
f 4413 4338 4341
f 4413 4341 4414
f 4414 4341 4342
f 4414 4342 4392
f 4392 4342 4317
f 4392 4317 4385
f 4385 4317 4316
