# Blender 4.0.0
# www.blender.org
mtllib wheel_buck.mtl
o loader_boom_world.stl
v 1.205055 -0.684337 -0.007028
v 1.205055 -0.867384 -0.085122
v 1.205055 -0.625475 -0.144996
v 1.205055 -0.625475 -0.144996
v 1.205055 -0.867384 -0.085122
v 1.205055 -0.808522 -0.223090
v 2.705055 -0.684337 -0.007028
v 1.205055 -0.684337 -0.007028
v 2.705055 -0.625475 -0.144996
v 2.705055 -0.625475 -0.144996
v 1.205055 -0.684337 -0.007028
v 1.205055 -0.625475 -0.144996
v 2.705055 -0.867384 -0.085122
v 2.705055 -0.684337 -0.007028
v 2.705055 -0.808522 -0.223090
v 2.705055 -0.808522 -0.223090
v 2.705055 -0.684337 -0.007028
v 2.705055 -0.625475 -0.144996
v 1.205055 -1.095628 -0.267578
v 1.205055 -0.877506 -0.252521
v 1.205055 -1.096644 -0.264472
v 1.205055 -1.096644 -0.264472
v 1.205055 -0.877506 -0.252521
v 1.205055 -0.936368 -0.114553
v 1.205055 -1.096644 -0.264472
v 1.205055 -0.936368 -0.114553
v 1.205055 -1.098183 -0.261589
v 1.205055 -1.095628 -0.267578
v 1.205055 -1.095167 -0.270814
v 1.205055 -0.877506 -0.252521
v 1.205055 -0.877506 -0.252521
v 1.205055 -1.095167 -0.270814
v 1.205055 -1.095275 -0.274081
v 1.205055 -0.877506 -0.252521
v 1.205055 -1.095275 -0.274081
v 1.205055 -1.095949 -0.277279
v 1.205055 -1.112052 -0.352586
v 1.205055 -1.103649 -0.287536
v 1.205055 -1.106532 -0.289076
v 1.205055 -1.095949 -0.277279
v 1.205055 -1.097168 -0.280311
v 1.205055 -0.877506 -0.252521
v 1.205055 -0.877506 -0.252521
v 1.205055 -1.097168 -0.280311
v 1.205055 -1.098894 -0.283086
v 1.205055 -0.877506 -0.252521
v 1.205055 -1.098894 -0.283086
v 1.205055 -1.112052 -0.352586
v 1.205055 -1.112052 -0.352586
v 1.205055 -1.098894 -0.283086
v 1.205055 -1.101077 -0.285519
v 1.205055 -1.112052 -0.352586
v 1.205055 -1.101077 -0.285519
v 1.205055 -1.103649 -0.287536
v 1.205055 -1.119339 -0.289770
v 1.205055 -1.122371 -0.288552
v 1.205055 -1.146492 -0.352950
v 1.205055 -1.125146 -0.286825
v 1.205055 -1.158573 -0.345721
v 1.205055 -1.122371 -0.288552
v 1.205055 -1.122371 -0.288552
v 1.205055 -1.158573 -0.345721
v 1.205055 -1.152817 -0.349811
v 1.205055 -1.122371 -0.288552
v 1.205055 -1.152817 -0.349811
v 1.205055 -1.146492 -0.352950
v 1.205055 -1.131136 -0.279187
v 1.205055 -1.194646 -0.273667
v 1.205055 -1.129596 -0.282070
v 1.205055 -1.129596 -0.282070
v 1.205055 -1.194646 -0.273667
v 1.205055 -1.171101 -0.328854
v 1.205055 -1.129596 -0.282070
v 1.205055 -1.171101 -0.328854
v 1.205055 -1.127579 -0.284642
v 1.205055 -1.127579 -0.284642
v 1.205055 -1.171101 -0.328854
v 1.205055 -1.167830 -0.335112
v 1.205055 -1.127579 -0.284642
v 1.205055 -1.167830 -0.335112
v 1.205055 -1.125146 -0.286825
v 1.205055 -1.125146 -0.286825
v 1.205055 -1.167830 -0.335112
v 1.205055 -1.163619 -0.340780
v 1.205055 -1.125146 -0.286825
v 1.205055 -1.163619 -0.340780
v 1.205055 -1.158573 -0.345721
v 1.205055 -1.106532 -0.289076
v 1.205055 -1.109638 -0.290091
v 1.205055 -1.112052 -0.352586
v 1.205055 -1.112052 -0.352586
v 1.205055 -1.109638 -0.290091
v 1.205055 -1.112874 -0.290552
v 1.205055 -1.112052 -0.352586
v 1.205055 -1.112874 -0.290552
v 1.205055 -1.118745 -0.354839
v 1.205055 -1.118745 -0.354839
v 1.205055 -1.112874 -0.290552
v 1.205055 -1.116141 -0.290444
v 1.205055 -1.146492 -0.352950
v 1.205055 -1.139754 -0.355061
v 1.205055 -1.119339 -0.289770
v 1.205055 -1.119339 -0.289770
v 1.205055 -1.139754 -0.355061
v 1.205055 -1.132768 -0.356092
v 1.205055 -1.119339 -0.289770
v 1.205055 -1.132768 -0.356092
v 1.205055 -1.116141 -0.290444
v 1.205055 -1.116141 -0.290444
v 1.205055 -1.132768 -0.356092
v 1.205055 -1.125707 -0.356017
v 1.205055 -1.116141 -0.290444
v 1.205055 -1.125707 -0.356017
v 1.205055 -1.118745 -0.354839
v 1.205055 -1.108440 -0.253889
v 1.205055 -1.105408 -0.255108
v 1.205055 -0.936368 -0.114553
v 1.205055 -1.105408 -0.255108
v 1.205055 -1.102633 -0.256835
v 1.205055 -0.936368 -0.114553
v 1.205055 -0.936368 -0.114553
v 1.205055 -1.102633 -0.256835
v 1.205055 -1.100200 -0.259017
v 1.205055 -0.936368 -0.114553
v 1.205055 -1.100200 -0.259017
v 1.205055 -1.098183 -0.261589
v 1.205055 -1.131136 -0.279187
v 1.205055 -1.132151 -0.276081
v 1.205055 -1.194646 -0.273667
v 1.205055 -1.194646 -0.273667
v 1.205055 -1.132151 -0.276081
v 1.205055 -1.132612 -0.272845
v 1.205055 -1.194646 -0.273667
v 1.205055 -1.132612 -0.272845
v 1.205055 -1.196899 -0.266975
v 1.205055 -1.196899 -0.266975
v 1.205055 -1.132612 -0.272845
v 1.205055 -1.132504 -0.269579
v 1.205055 -1.196899 -0.266975
v 1.205055 -1.132504 -0.269579
v 1.205055 -1.198077 -0.260012
v 1.205055 -1.198077 -0.260012
v 1.205055 -1.132504 -0.269579
v 1.205055 -1.198152 -0.252951
v 1.205055 -1.198152 -0.252951
v 1.205055 -1.132504 -0.269579
v 1.205055 -1.131830 -0.266380
v 1.205055 -1.198152 -0.252951
v 1.205055 -1.131830 -0.266380
v 1.205055 -1.197121 -0.245966
v 1.205055 -1.197121 -0.245966
v 1.205055 -1.131830 -0.266380
v 1.205055 -1.195010 -0.239227
v 1.205055 -1.195010 -0.239227
v 1.205055 -1.131830 -0.266380
v 1.205055 -1.130611 -0.263348
v 1.205055 -1.195010 -0.239227
v 1.205055 -1.130611 -0.263348
v 1.205055 -1.191870 -0.232902
v 1.205055 -1.191870 -0.232902
v 1.205055 -1.130611 -0.263348
v 1.205055 -1.187780 -0.227146
v 1.205055 -1.187780 -0.227146
v 1.205055 -1.130611 -0.263348
v 1.205055 -1.128885 -0.260573
v 1.205055 -1.187780 -0.227146
v 1.205055 -1.128885 -0.260573
v 1.205055 -1.182840 -0.222100
v 1.205055 -1.182840 -0.222100
v 1.205055 -1.128885 -0.260573
v 1.205055 -1.177172 -0.217890
v 1.205055 -1.177172 -0.217890
v 1.205055 -1.128885 -0.260573
v 1.205055 -1.126702 -0.258140
v 1.205055 -1.177172 -0.217890
v 1.205055 -1.126702 -0.258140
v 1.205055 -1.170914 -0.214618
v 1.205055 -1.170914 -0.214618
v 1.205055 -1.126702 -0.258140
v 1.205055 -1.124130 -0.256123
v 1.205055 -1.170914 -0.214618
v 1.205055 -1.124130 -0.256123
v 1.205055 -1.121247 -0.254584
v 1.205055 -1.121247 -0.254584
v 1.205055 -1.118141 -0.253568
v 1.205055 -1.170914 -0.214618
v 1.205055 -1.170914 -0.214618
v 1.205055 -1.118141 -0.253568
v 1.205055 -1.114905 -0.253107
v 1.205055 -1.170914 -0.214618
v 1.205055 -1.114905 -0.253107
v 1.205055 -0.936368 -0.114553
v 1.205055 -0.936368 -0.114553
v 1.205055 -1.114905 -0.253107
v 1.205055 -1.111639 -0.253215
v 1.205055 -0.936368 -0.114553
v 1.205055 -1.111639 -0.253215
v 1.205055 -1.108440 -0.253889
v 2.705055 -0.936368 -0.114553
v 1.205055 -0.936368 -0.114553
v 2.705055 -0.877506 -0.252521
v 2.705055 -0.877506 -0.252521
v 1.205055 -0.936368 -0.114553
v 1.205055 -0.877506 -0.252521
v 2.705055 -1.122371 -0.288552
v 2.705055 -1.119339 -0.289770
v 2.705055 -1.142789 -0.354253
v 2.705055 -1.098183 -0.261589
v 2.705055 -0.936368 -0.114553
v 2.705055 -1.096644 -0.264472
v 2.705055 -1.096644 -0.264472
v 2.705055 -0.936368 -0.114553
v 2.705055 -0.877506 -0.252521
v 2.705055 -1.096644 -0.264472
v 2.705055 -0.877506 -0.252521
v 2.705055 -1.095628 -0.267578
v 2.705055 -1.098183 -0.261589
v 2.705055 -1.100200 -0.259017
v 2.705055 -0.936368 -0.114553
v 2.705055 -0.936368 -0.114553
v 2.705055 -1.100200 -0.259017
v 2.705055 -1.102633 -0.256835
v 2.705055 -0.936368 -0.114553
v 2.705055 -1.102633 -0.256835
v 2.705055 -1.105408 -0.255108
v 2.705055 -1.130611 -0.263348
v 2.705055 -1.131830 -0.266380
v 2.705055 -1.196313 -0.242930
v 2.705055 -1.142789 -0.354253
v 2.705055 -1.119339 -0.289770
v 2.705055 -1.135113 -0.355870
v 2.705055 -1.135113 -0.355870
v 2.705055 -1.119339 -0.289770
v 2.705055 -1.116141 -0.290444
v 2.705055 -1.135113 -0.355870
v 2.705055 -1.116141 -0.290444
v 2.705055 -1.127274 -0.356130
v 2.705055 -1.127274 -0.356130
v 2.705055 -1.116141 -0.290444
v 2.705055 -1.119508 -0.355024
v 2.705055 -1.119508 -0.355024
v 2.705055 -1.116141 -0.290444
v 2.705055 -1.112874 -0.290552
v 2.705055 -1.119508 -0.355024
v 2.705055 -1.112874 -0.290552
v 2.705055 -1.112052 -0.352586
v 2.705055 -1.112052 -0.352586
v 2.705055 -1.112874 -0.290552
v 2.705055 -1.109638 -0.290091
v 2.705055 -1.112052 -0.352586
v 2.705055 -1.109638 -0.290091
v 2.705055 -1.106532 -0.289076
v 2.705055 -0.877506 -0.252521
v 2.705055 -1.097168 -0.280311
v 2.705055 -1.095949 -0.277279
v 2.705055 -1.125146 -0.286825
v 2.705055 -1.167406 -0.335773
v 2.705055 -1.127579 -0.284642
v 2.705055 -1.127579 -0.284642
v 2.705055 -1.167406 -0.335773
v 2.705055 -1.171101 -0.328854
v 2.705055 -1.127579 -0.284642
v 2.705055 -1.171101 -0.328854
v 2.705055 -1.129596 -0.282070
v 2.705055 -1.142789 -0.354253
v 2.705055 -1.150067 -0.351328
v 2.705055 -1.122371 -0.288552
v 2.705055 -1.122371 -0.288552
v 2.705055 -1.150067 -0.351328
v 2.705055 -1.156727 -0.347184
v 2.705055 -1.122371 -0.288552
v 2.705055 -1.156727 -0.347184
v 2.705055 -1.125146 -0.286825
v 2.705055 -1.125146 -0.286825
v 2.705055 -1.156727 -0.347184
v 2.705055 -1.162566 -0.341946
v 2.705055 -1.125146 -0.286825
v 2.705055 -1.162566 -0.341946
v 2.705055 -1.167406 -0.335773
v 2.705055 -1.095949 -0.277279
v 2.705055 -1.095275 -0.274081
v 2.705055 -0.877506 -0.252521
v 2.705055 -0.877506 -0.252521
v 2.705055 -1.095275 -0.274081
v 2.705055 -1.095167 -0.270814
v 2.705055 -0.877506 -0.252521
v 2.705055 -1.095167 -0.270814
v 2.705055 -1.095628 -0.267578
v 2.705055 -1.196313 -0.242930
v 2.705055 -1.131830 -0.266380
v 2.705055 -1.197930 -0.250606
v 2.705055 -1.197930 -0.250606
v 2.705055 -1.131830 -0.266380
v 2.705055 -1.132504 -0.269579
v 2.705055 -1.197930 -0.250606
v 2.705055 -1.132504 -0.269579
v 2.705055 -1.198190 -0.258446
v 2.705055 -1.198190 -0.258446
v 2.705055 -1.132504 -0.269579
v 2.705055 -1.197084 -0.266211
v 2.705055 -1.197084 -0.266211
v 2.705055 -1.132504 -0.269579
v 2.705055 -1.132612 -0.272845
v 2.705055 -1.197084 -0.266211
v 2.705055 -1.132612 -0.272845
v 2.705055 -1.194646 -0.273667
v 2.705055 -1.194646 -0.273667
v 2.705055 -1.132612 -0.272845
v 2.705055 -1.132151 -0.276081
v 2.705055 -1.194646 -0.273667
v 2.705055 -1.132151 -0.276081
v 2.705055 -1.171101 -0.328854
v 2.705055 -1.171101 -0.328854
v 2.705055 -1.132151 -0.276081
v 2.705055 -1.131136 -0.279187
v 2.705055 -1.171101 -0.328854
v 2.705055 -1.131136 -0.279187
v 2.705055 -1.129596 -0.282070
v 2.705055 -1.106532 -0.289076
v 2.705055 -1.103649 -0.287536
v 2.705055 -1.112052 -0.352586
v 2.705055 -1.112052 -0.352586
v 2.705055 -1.103649 -0.287536
v 2.705055 -1.101077 -0.285519
v 2.705055 -1.112052 -0.352586
v 2.705055 -1.101077 -0.285519
v 2.705055 -0.877506 -0.252521
v 2.705055 -0.877506 -0.252521
v 2.705055 -1.101077 -0.285519
v 2.705055 -1.098894 -0.283086
v 2.705055 -0.877506 -0.252521
v 2.705055 -1.098894 -0.283086
v 2.705055 -1.097168 -0.280311
v 2.705055 -1.118141 -0.253568
v 2.705055 -1.121247 -0.254584
v 2.705055 -1.170914 -0.214618
v 2.705055 -1.105408 -0.255108
v 2.705055 -1.108440 -0.253889
v 2.705055 -0.936368 -0.114553
v 2.705055 -0.936368 -0.114553
v 2.705055 -1.108440 -0.253889
v 2.705055 -1.111639 -0.253215
v 2.705055 -0.936368 -0.114553
v 2.705055 -1.111639 -0.253215
v 2.705055 -1.170914 -0.214618
v 2.705055 -1.170914 -0.214618
v 2.705055 -1.111639 -0.253215
v 2.705055 -1.114905 -0.253107
v 2.705055 -1.170914 -0.214618
v 2.705055 -1.114905 -0.253107
v 2.705055 -1.118141 -0.253568
v 2.705055 -1.121247 -0.254584
v 2.705055 -1.124130 -0.256123
v 2.705055 -1.170914 -0.214618
v 2.705055 -1.170914 -0.214618
v 2.705055 -1.124130 -0.256123
v 2.705055 -1.126702 -0.258140
v 2.705055 -1.170914 -0.214618
v 2.705055 -1.126702 -0.258140
v 2.705055 -1.177833 -0.218313
v 2.705055 -1.177833 -0.218313
v 2.705055 -1.126702 -0.258140
v 2.705055 -1.128885 -0.260573
v 2.705055 -1.196313 -0.242930
v 2.705055 -1.193388 -0.235652
v 2.705055 -1.130611 -0.263348
v 2.705055 -1.130611 -0.263348
v 2.705055 -1.193388 -0.235652
v 2.705055 -1.189244 -0.228992
v 2.705055 -1.130611 -0.263348
v 2.705055 -1.189244 -0.228992
v 2.705055 -1.128885 -0.260573
v 2.705055 -1.128885 -0.260573
v 2.705055 -1.189244 -0.228992
v 2.705055 -1.184006 -0.223154
v 2.705055 -1.128885 -0.260573
v 2.705055 -1.184006 -0.223154
v 2.705055 -1.177833 -0.218313
v 2.855055 -1.171101 -0.328854
v 2.855055 -1.194646 -0.273667
v 2.705055 -1.171101 -0.328854
v 2.705055 -1.171101 -0.328854
v 2.855055 -1.194646 -0.273667
v 2.705055 -1.194646 -0.273667
v 2.855055 0.865849 0.579765
v 2.855055 0.867866 0.577193
v 2.855055 0.874880 0.609262
v 2.855055 0.874880 0.609262
v 2.855055 0.867866 0.577193
v 2.855055 0.898424 0.554074
v 2.855055 -1.095628 -0.267578
v 2.855055 -1.095167 -0.270814
v 2.855055 0.874692 0.495025
v 2.855055 0.843678 0.550231
v 2.855055 0.840903 0.551958
v 2.855055 -1.096644 -0.264472
v 2.855055 -1.096644 -0.264472
v 2.855055 0.840903 0.551958
v 2.855055 0.838470 0.554140
v 2.855055 -1.096644 -0.264472
v 2.855055 0.838470 0.554140
v 2.855055 0.836453 0.556712
v 2.855055 -1.108440 -0.253889
v 2.855055 -1.105408 -0.255108
v 2.855055 0.833898 0.562701
v 2.855055 0.854411 0.585567
v 2.855055 0.853845 0.631736
v 2.855055 0.851144 0.585675
v 2.855055 0.851144 0.585675
v 2.855055 0.853845 0.631736
v 2.855055 0.846567 0.634661
v 2.855055 0.851144 0.585675
v 2.855055 0.846567 0.634661
v 2.855055 0.847909 0.585214
v 2.855055 0.857609 0.584893
v 2.855055 0.860642 0.583674
v 2.855055 0.874880 0.609262
v 2.855055 0.874880 0.609262
v 2.855055 0.860642 0.583674
v 2.855055 0.863416 0.581948
v 2.855055 0.874880 0.609262
v 2.855055 0.863416 0.581948
v 2.855055 0.865849 0.579765
v 2.855055 -1.096644 -0.264472
v 2.855055 0.856411 0.548691
v 2.855055 0.853175 0.548230
v 2.855055 -1.105408 -0.255108
v 2.855055 -1.102633 -0.256835
v 2.855055 0.833898 0.562701
v 2.855055 0.833898 0.562701
v 2.855055 -1.102633 -0.256835
v 2.855055 -1.100200 -0.259017
v 2.855055 0.833898 0.562701
v 2.855055 -1.100200 -0.259017
v 2.855055 0.834914 0.559595
v 2.855055 0.874880 0.609262
v 2.855055 0.871184 0.616181
v 2.855055 0.857609 0.584893
v 2.855055 0.857609 0.584893
v 2.855055 0.871184 0.616181
v 2.855055 0.866344 0.622353
v 2.855055 0.857609 0.584893
v 2.855055 0.866344 0.622353
v 2.855055 0.854411 0.585567
v 2.855055 0.854411 0.585567
v 2.855055 0.866344 0.622353
v 2.855055 0.860505 0.627591
v 2.855055 0.854411 0.585567
v 2.855055 0.860505 0.627591
v 2.855055 0.853845 0.631736
v 2.855055 0.867866 0.577193
v 2.855055 0.869406 0.574310
v 2.855055 0.898424 0.554074
v 2.855055 0.898424 0.554074
v 2.855055 0.869406 0.574310
v 2.855055 0.870422 0.571204
v 2.855055 0.898424 0.554074
v 2.855055 0.870422 0.571204
v 2.855055 0.870882 0.567968
v 2.855055 0.853175 0.548230
v 2.855055 0.849909 0.548338
v 2.855055 -1.096644 -0.264472
v 2.855055 -1.096644 -0.264472
v 2.855055 0.849909 0.548338
v 2.855055 0.846711 0.549012
v 2.855055 -1.096644 -0.264472
v 2.855055 0.846711 0.549012
v 2.855055 0.843678 0.550231
v 2.855055 0.834914 0.559595
v 2.855055 -1.100200 -0.259017
v 2.855055 0.836453 0.556712
v 2.855055 0.836453 0.556712
v 2.855055 -1.100200 -0.259017
v 2.855055 -1.098183 -0.261589
v 2.855055 0.836453 0.556712
v 2.855055 -1.098183 -0.261589
v 2.855055 -1.096644 -0.264472
v 2.855055 0.833545 0.569204
v 2.855055 0.815831 0.632994
v 2.855055 0.833437 0.565937
v 2.855055 0.833437 0.565937
v 2.855055 0.815831 0.632994
v 2.855055 -1.170914 -0.214618
v 2.855055 0.833437 0.565937
v 2.855055 -1.170914 -0.214618
v 2.855055 0.833898 0.562701
v 2.855055 0.833545 0.569204
v 2.855055 0.834219 0.572402
v 2.855055 0.815831 0.632994
v 2.855055 0.815831 0.632994
v 2.855055 0.834219 0.572402
v 2.855055 0.835438 0.575434
v 2.855055 0.815831 0.632994
v 2.855055 0.835438 0.575434
v 2.855055 0.837165 0.578209
v 2.855055 -1.127274 -0.356130
v 2.855055 -1.119508 -0.355024
v 2.855055 -1.097168 -0.280311
v 2.855055 -1.097168 -0.280311
v 2.855055 -1.119508 -0.355024
v 2.855055 -1.095949 -0.277279
v 2.855055 -1.127274 -0.356130
v 2.855055 -1.097168 -0.280311
v 2.855055 -1.135113 -0.355870
v 2.855055 -1.135113 -0.355870
v 2.855055 -1.097168 -0.280311
v 2.855055 -1.098894 -0.283086
v 2.855055 -1.135113 -0.355870
v 2.855055 -1.098894 -0.283086
v 2.855055 -1.101077 -0.285519
v 2.855055 -1.121247 -0.254584
v 2.855055 -1.118141 -0.253568
v 2.855055 -1.170914 -0.214618
v 2.855055 -1.170914 -0.214618
v 2.855055 -1.118141 -0.253568
v 2.855055 -1.114905 -0.253107
v 2.855055 -1.170914 -0.214618
v 2.855055 -1.114905 -0.253107
v 2.855055 0.833898 0.562701
v 2.855055 0.833898 0.562701
v 2.855055 -1.114905 -0.253107
v 2.855055 -1.111639 -0.253215
v 2.855055 0.833898 0.562701
v 2.855055 -1.111639 -0.253215
v 2.855055 -1.108440 -0.253889
v 2.855055 0.846567 0.634661
v 2.855055 0.838892 0.636278
v 2.855055 0.847909 0.585214
v 2.855055 0.847909 0.585214
v 2.855055 0.838892 0.636278
v 2.855055 0.831052 0.636537
v 2.855055 0.847909 0.585214
v 2.855055 0.831052 0.636537
v 2.855055 0.844802 0.584199
v 2.855055 0.844802 0.584199
v 2.855055 0.831052 0.636537
v 2.855055 0.823286 0.635431
v 2.855055 0.844802 0.584199
v 2.855055 0.823286 0.635431
v 2.855055 0.841919 0.582659
v 2.855055 0.841919 0.582659
v 2.855055 0.823286 0.635431
v 2.855055 0.815831 0.632994
v 2.855055 0.841919 0.582659
v 2.855055 0.815831 0.632994
v 2.855055 0.839347 0.580642
v 2.855055 0.839347 0.580642
v 2.855055 0.815831 0.632994
v 2.855055 0.837165 0.578209
v 2.855055 0.870882 0.567968
v 2.855055 0.870774 0.564701
v 2.855055 0.898424 0.554074
v 2.855055 0.898424 0.554074
v 2.855055 0.870774 0.564701
v 2.855055 0.870101 0.561503
v 2.855055 0.898424 0.554074
v 2.855055 0.870101 0.561503
v 2.855055 0.900862 0.546619
v 2.855055 0.900862 0.546619
v 2.855055 0.870101 0.561503
v 2.855055 0.868882 0.558471
v 2.855055 -1.095628 -0.267578
v 2.855055 0.874692 0.495025
v 2.855055 -1.096644 -0.264472
v 2.855055 -1.096644 -0.264472
v 2.855055 0.874692 0.495025
v 2.855055 0.859518 0.549706
v 2.855055 -1.096644 -0.264472
v 2.855055 0.859518 0.549706
v 2.855055 0.856411 0.548691
v 2.855055 -1.095167 -0.270814
v 2.855055 -1.095275 -0.274081
v 2.855055 0.874692 0.495025
v 2.855055 0.874692 0.495025
v 2.855055 -1.095275 -0.274081
v 2.855055 -1.095949 -0.277279
v 2.855055 0.874692 0.495025
v 2.855055 -1.095949 -0.277279
v 2.855055 -1.112052 -0.352586
v 2.855055 -1.112052 -0.352586
v 2.855055 -1.095949 -0.277279
v 2.855055 -1.119508 -0.355024
v 2.855055 -1.131136 -0.279187
v 2.855055 -1.194646 -0.273667
v 2.855055 -1.129596 -0.282070
v 2.855055 -1.129596 -0.282070
v 2.855055 -1.194646 -0.273667
v 2.855055 -1.171101 -0.328854
v 2.855055 -1.129596 -0.282070
v 2.855055 -1.171101 -0.328854
v 2.855055 -1.127579 -0.284642
v 2.855055 -1.127579 -0.284642
v 2.855055 -1.171101 -0.328854
v 2.855055 -1.167406 -0.335773
v 2.855055 -1.127579 -0.284642
v 2.855055 -1.167406 -0.335773
v 2.855055 -1.125146 -0.286825
v 2.855055 -1.131136 -0.279187
v 2.855055 -1.132151 -0.276081
v 2.855055 -1.194646 -0.273667
v 2.855055 -1.194646 -0.273667
v 2.855055 -1.132151 -0.276081
v 2.855055 -1.132612 -0.272845
v 2.855055 -1.194646 -0.273667
v 2.855055 -1.132612 -0.272845
v 2.855055 -1.197084 -0.266211
v 2.855055 -1.197084 -0.266211
v 2.855055 -1.132612 -0.272845
v 2.855055 -1.132504 -0.269579
v 2.855055 -1.131830 -0.266380
v 2.855055 -1.197930 -0.250606
v 2.855055 -1.132504 -0.269579
v 2.855055 -1.132504 -0.269579
v 2.855055 -1.197930 -0.250606
v 2.855055 -1.198190 -0.258446
v 2.855055 -1.132504 -0.269579
v 2.855055 -1.198190 -0.258446
v 2.855055 -1.197084 -0.266211
v 2.855055 -1.177833 -0.218313
v 2.855055 -1.128885 -0.260573
v 2.855055 -1.126702 -0.258140
v 2.855055 -1.177833 -0.218313
v 2.855055 -1.126702 -0.258140
v 2.855055 -1.170914 -0.214618
v 2.855055 -1.170914 -0.214618
v 2.855055 -1.126702 -0.258140
v 2.855055 -1.124130 -0.256123
v 2.855055 -1.170914 -0.214618
v 2.855055 -1.124130 -0.256123
v 2.855055 -1.121247 -0.254584
v 2.855055 0.864972 0.553263
v 2.855055 0.900091 0.523338
v 2.855055 0.867155 0.555696
v 2.855055 0.867155 0.555696
v 2.855055 0.900091 0.523338
v 2.855055 0.901708 0.531013
v 2.855055 0.867155 0.555696
v 2.855055 0.901708 0.531013
v 2.855055 0.868882 0.558471
v 2.855055 0.868882 0.558471
v 2.855055 0.901708 0.531013
v 2.855055 0.901968 0.538853
v 2.855055 0.868882 0.558471
v 2.855055 0.901968 0.538853
v 2.855055 0.900862 0.546619
v 2.855055 0.874692 0.495025
v 2.855055 0.881612 0.498720
v 2.855055 0.859518 0.549706
v 2.855055 0.859518 0.549706
v 2.855055 0.881612 0.498720
v 2.855055 0.887784 0.503561
v 2.855055 0.859518 0.549706
v 2.855055 0.887784 0.503561
v 2.855055 0.862401 0.551246
v 2.855055 0.862401 0.551246
v 2.855055 0.887784 0.503561
v 2.855055 0.893022 0.509400
v 2.855055 0.862401 0.551246
v 2.855055 0.893022 0.509400
v 2.855055 0.864972 0.553263
v 2.855055 0.864972 0.553263
v 2.855055 0.893022 0.509400
v 2.855055 0.897166 0.516060
v 2.855055 0.864972 0.553263
v 2.855055 0.897166 0.516060
v 2.855055 0.900091 0.523338
v 2.855055 -1.101077 -0.285519
v 2.855055 -1.103649 -0.287536
v 2.855055 -1.135113 -0.355870
v 2.855055 -1.135113 -0.355870
v 2.855055 -1.103649 -0.287536
v 2.855055 -1.106532 -0.289076
v 2.855055 -1.135113 -0.355870
v 2.855055 -1.106532 -0.289076
v 2.855055 -1.109638 -0.290091
v 2.855055 -1.167406 -0.335773
v 2.855055 -1.162566 -0.341946
v 2.855055 -1.125146 -0.286825
v 2.855055 -1.125146 -0.286825
v 2.855055 -1.162566 -0.341946
v 2.855055 -1.156727 -0.347184
v 2.855055 -1.125146 -0.286825
v 2.855055 -1.156727 -0.347184
v 2.855055 -1.122371 -0.288552
v 2.855055 -1.122371 -0.288552
v 2.855055 -1.156727 -0.347184
v 2.855055 -1.150067 -0.351328
v 2.855055 -1.122371 -0.288552
v 2.855055 -1.150067 -0.351328
v 2.855055 -1.119339 -0.289770
v 2.855055 -1.119339 -0.289770
v 2.855055 -1.150067 -0.351328
v 2.855055 -1.142789 -0.354253
v 2.855055 -1.119339 -0.289770
v 2.855055 -1.142789 -0.354253
v 2.855055 -1.116141 -0.290444
v 2.855055 -1.116141 -0.290444
v 2.855055 -1.142789 -0.354253
v 2.855055 -1.135113 -0.355870
v 2.855055 -1.116141 -0.290444
v 2.855055 -1.135113 -0.355870
v 2.855055 -1.112874 -0.290552
v 2.855055 -1.112874 -0.290552
v 2.855055 -1.135113 -0.355870
v 2.855055 -1.109638 -0.290091
v 2.855055 -1.177833 -0.218313
v 2.855055 -1.184006 -0.223154
v 2.855055 -1.128885 -0.260573
v 2.855055 -1.128885 -0.260573
v 2.855055 -1.184006 -0.223154
v 2.855055 -1.189244 -0.228992
v 2.855055 -1.128885 -0.260573
v 2.855055 -1.189244 -0.228992
v 2.855055 -1.130611 -0.263348
v 2.855055 -1.130611 -0.263348
v 2.855055 -1.189244 -0.228992
v 2.855055 -1.193388 -0.235652
v 2.855055 -1.130611 -0.263348
v 2.855055 -1.193388 -0.235652
v 2.855055 -1.131830 -0.266380
v 2.855055 -1.131830 -0.266380
v 2.855055 -1.193388 -0.235652
v 2.855055 -1.196313 -0.242930
v 2.855055 -1.131830 -0.266380
v 2.855055 -1.196313 -0.242930
v 2.855055 -1.197930 -0.250606
v 2.705055 0.898424 0.554074
v 2.705055 0.874880 0.609262
v 2.855055 0.898424 0.554074
v 2.855055 0.898424 0.554074
v 2.705055 0.874880 0.609262
v 2.855055 0.874880 0.609262
v 2.705055 0.834219 0.572402
v 2.705055 0.833545 0.569204
v 2.705055 0.443316 0.474066
v 2.705055 0.443316 0.474066
v 2.705055 0.833545 0.569204
v 2.705055 0.833437 0.565937
v 2.705055 0.838470 0.554140
v 2.705055 0.840903 0.551958
v 2.705055 0.502178 0.336098
v 2.705055 0.867155 0.555696
v 2.705055 0.868882 0.558471
v 2.705055 0.901968 0.538853
v 2.705055 0.898424 0.554074
v 2.705055 0.869406 0.574310
v 2.705055 0.874880 0.609262
v 2.705055 0.874880 0.609262
v 2.705055 0.869406 0.574310
v 2.705055 0.867866 0.577193
v 2.705055 0.874880 0.609262
v 2.705055 0.867866 0.577193
v 2.705055 0.865849 0.579765
v 2.705055 0.844802 0.584199
v 2.705055 0.831052 0.636537
v 2.705055 0.847909 0.585214
v 2.705055 0.847909 0.585214
v 2.705055 0.831052 0.636537
v 2.705055 0.838892 0.636278
v 2.705055 0.847909 0.585214
v 2.705055 0.838892 0.636278
v 2.705055 0.851144 0.585675
v 2.705055 0.833437 0.565937
v 2.705055 0.833898 0.562701
v 2.705055 0.443316 0.474066
v 2.705055 0.443316 0.474066
v 2.705055 0.833898 0.562701
v 2.705055 0.834914 0.559595
v 2.705055 0.443316 0.474066
v 2.705055 0.834914 0.559595
v 2.705055 0.502178 0.336098
v 2.705055 0.502178 0.336098
v 2.705055 0.834914 0.559595
v 2.705055 0.836453 0.556712
v 2.705055 0.502178 0.336098
v 2.705055 0.836453 0.556712
v 2.705055 0.838470 0.554140
v 2.705055 0.870101 0.561503
v 2.705055 0.870774 0.564701
v 2.705055 0.898424 0.554074
v 2.705055 0.841919 0.582659
v 2.705055 0.815831 0.632994
v 2.705055 0.844802 0.584199
v 2.705055 0.844802 0.584199
v 2.705055 0.815831 0.632994
v 2.705055 0.823286 0.635431
v 2.705055 0.844802 0.584199
v 2.705055 0.823286 0.635431
v 2.705055 0.831052 0.636537
v 2.705055 0.841919 0.582659
v 2.705055 0.839347 0.580642
v 2.705055 0.815831 0.632994
v 2.705055 0.815831 0.632994
v 2.705055 0.839347 0.580642
v 2.705055 0.837165 0.578209
v 2.705055 0.815831 0.632994
v 2.705055 0.837165 0.578209
v 2.705055 0.443316 0.474066
v 2.705055 0.443316 0.474066
v 2.705055 0.837165 0.578209
v 2.705055 0.835438 0.575434
v 2.705055 0.443316 0.474066
v 2.705055 0.835438 0.575434
v 2.705055 0.834219 0.572402
v 2.705055 0.870774 0.564701
v 2.705055 0.870882 0.567968
v 2.705055 0.898424 0.554074
v 2.705055 0.898424 0.554074
v 2.705055 0.870882 0.567968
v 2.705055 0.870422 0.571204
v 2.705055 0.898424 0.554074
v 2.705055 0.870422 0.571204
v 2.705055 0.869406 0.574310
v 2.705055 0.865849 0.579765
v 2.705055 0.863416 0.581948
v 2.705055 0.874880 0.609262
v 2.705055 0.874880 0.609262
v 2.705055 0.863416 0.581948
v 2.705055 0.860642 0.583674
v 2.705055 0.874880 0.609262
v 2.705055 0.860642 0.583674
v 2.705055 0.871184 0.616181
v 2.705055 0.871184 0.616181
v 2.705055 0.860642 0.583674
v 2.705055 0.857609 0.584893
v 2.705055 0.838892 0.636278
v 2.705055 0.846567 0.634661
v 2.705055 0.851144 0.585675
v 2.705055 0.851144 0.585675
v 2.705055 0.846567 0.634661
v 2.705055 0.853845 0.631736
v 2.705055 0.851144 0.585675
v 2.705055 0.853845 0.631736
v 2.705055 0.854411 0.585567
v 2.705055 0.854411 0.585567
v 2.705055 0.853845 0.631736
v 2.705055 0.860505 0.627591
v 2.705055 0.854411 0.585567
v 2.705055 0.860505 0.627591
v 2.705055 0.857609 0.584893
v 2.705055 0.857609 0.584893
v 2.705055 0.860505 0.627591
v 2.705055 0.866344 0.622353
v 2.705055 0.857609 0.584893
v 2.705055 0.866344 0.622353
v 2.705055 0.871184 0.616181
v 2.705055 0.840903 0.551958
v 2.705055 0.843678 0.550231
v 2.705055 0.502178 0.336098
v 2.705055 0.502178 0.336098
v 2.705055 0.843678 0.550231
v 2.705055 0.846711 0.549012
v 2.705055 0.502178 0.336098
v 2.705055 0.846711 0.549012
v 2.705055 0.874692 0.495025
v 2.705055 0.874692 0.495025
v 2.705055 0.846711 0.549012
v 2.705055 0.849909 0.548338
v 2.705055 0.849909 0.548338
v 2.705055 0.853175 0.548230
v 2.705055 0.874692 0.495025
v 2.705055 0.874692 0.495025
v 2.705055 0.853175 0.548230
v 2.705055 0.856411 0.548691
v 2.705055 0.874692 0.495025
v 2.705055 0.856411 0.548691
v 2.705055 0.881612 0.498720
v 2.705055 0.881612 0.498720
v 2.705055 0.856411 0.548691
v 2.705055 0.859518 0.549706
v 2.705055 0.881612 0.498720
v 2.705055 0.859518 0.549706
v 2.705055 0.887784 0.503561
v 2.705055 0.887784 0.503561
v 2.705055 0.859518 0.549706
v 2.705055 0.862401 0.551246
v 2.705055 0.870101 0.561503
v 2.705055 0.898424 0.554074
v 2.705055 0.868882 0.558471
v 2.705055 0.868882 0.558471
v 2.705055 0.898424 0.554074
v 2.705055 0.900862 0.546619
v 2.705055 0.868882 0.558471
v 2.705055 0.900862 0.546619
v 2.705055 0.901968 0.538853
v 2.705055 0.901968 0.538853
v 2.705055 0.901708 0.531013
v 2.705055 0.867155 0.555696
v 2.705055 0.867155 0.555696
v 2.705055 0.901708 0.531013
v 2.705055 0.900091 0.523338
v 2.705055 0.867155 0.555696
v 2.705055 0.900091 0.523338
v 2.705055 0.864972 0.553263
v 2.705055 0.864972 0.553263
v 2.705055 0.900091 0.523338
v 2.705055 0.897166 0.516060
v 2.705055 0.864972 0.553263
v 2.705055 0.897166 0.516060
v 2.705055 0.862401 0.551246
v 2.705055 0.862401 0.551246
v 2.705055 0.897166 0.516060
v 2.705055 0.893022 0.509400
v 2.705055 0.862401 0.551246
v 2.705055 0.893022 0.509400
v 2.705055 0.887784 0.503561
v 1.205055 0.443316 0.474066
v 2.705055 0.443316 0.474066
v 1.205055 0.502178 0.336098
v 1.205055 0.502178 0.336098
v 2.705055 0.443316 0.474066
v 2.705055 0.502178 0.336098
v 1.205055 0.865849 0.579765
v 1.205055 0.867866 0.577193
v 1.205055 0.874880 0.609262
v 1.205055 0.874880 0.609262
v 1.205055 0.867866 0.577193
v 1.205055 0.898424 0.554074
v 1.205055 0.867866 0.577193
v 1.205055 0.869406 0.574310
v 1.205055 0.898424 0.554074
v 1.205055 0.898424 0.554074
v 1.205055 0.869406 0.574310
v 1.205055 0.870422 0.571204
v 1.205055 0.898424 0.554074
v 1.205055 0.870422 0.571204
v 1.205055 0.870882 0.567968
v 1.205055 0.843678 0.550231
v 1.205055 0.840903 0.551958
v 1.205055 0.502178 0.336098
v 1.205055 0.833545 0.569204
v 1.205055 0.443316 0.474066
v 1.205055 0.833437 0.565937
v 1.205055 0.833437 0.565937
v 1.205055 0.443316 0.474066
v 1.205055 0.833898 0.562701
v 1.205055 0.854411 0.585567
v 1.205055 0.853845 0.631736
v 1.205055 0.851144 0.585675
v 1.205055 0.851144 0.585675
v 1.205055 0.853845 0.631736
v 1.205055 0.846567 0.634661
v 1.205055 0.851144 0.585675
v 1.205055 0.846567 0.634661
v 1.205055 0.847909 0.585214
v 1.205055 0.857609 0.584893
v 1.205055 0.860642 0.583674
v 1.205055 0.874880 0.609262
v 1.205055 0.874880 0.609262
v 1.205055 0.860642 0.583674
v 1.205055 0.863416 0.581948
v 1.205055 0.874880 0.609262
v 1.205055 0.863416 0.581948
v 1.205055 0.865849 0.579765
v 1.205055 0.859518 0.549706
v 1.205055 0.856411 0.548691
v 1.205055 0.874692 0.495025
v 1.205055 0.840903 0.551958
v 1.205055 0.838470 0.554140
v 1.205055 0.502178 0.336098
v 1.205055 0.502178 0.336098
v 1.205055 0.838470 0.554140
v 1.205055 0.836453 0.556712
v 1.205055 0.502178 0.336098
v 1.205055 0.836453 0.556712
v 1.205055 0.443316 0.474066
v 1.205055 0.443316 0.474066
v 1.205055 0.836453 0.556712
v 1.205055 0.834914 0.559595
v 1.205055 0.443316 0.474066
v 1.205055 0.834914 0.559595
v 1.205055 0.833898 0.562701
v 1.205055 0.874880 0.609262
v 1.205055 0.871184 0.616181
v 1.205055 0.857609 0.584893
v 1.205055 0.857609 0.584893
v 1.205055 0.871184 0.616181
v 1.205055 0.866344 0.622353
v 1.205055 0.857609 0.584893
v 1.205055 0.866344 0.622353
v 1.205055 0.854411 0.585567
v 1.205055 0.854411 0.585567
v 1.205055 0.866344 0.622353
v 1.205055 0.860505 0.627591
v 1.205055 0.854411 0.585567
v 1.205055 0.860505 0.627591
v 1.205055 0.853845 0.631736
v 1.205055 0.870882 0.567968
v 1.205055 0.870774 0.564701
v 1.205055 0.898424 0.554074
v 1.205055 0.898424 0.554074
v 1.205055 0.870774 0.564701
v 1.205055 0.870101 0.561503
v 1.205055 0.898424 0.554074
v 1.205055 0.870101 0.561503
v 1.205055 0.900862 0.546619
v 1.205055 0.900862 0.546619
v 1.205055 0.870101 0.561503
v 1.205055 0.868882 0.558471
v 1.205055 0.833545 0.569204
v 1.205055 0.834219 0.572402
v 1.205055 0.443316 0.474066
v 1.205055 0.443316 0.474066
v 1.205055 0.834219 0.572402
v 1.205055 0.835438 0.575434
v 1.205055 0.443316 0.474066
v 1.205055 0.835438 0.575434
v 1.205055 0.815831 0.632994
v 1.205055 0.815831 0.632994
v 1.205055 0.835438 0.575434
v 1.205055 0.837165 0.578209
v 1.205055 0.846567 0.634661
v 1.205055 0.838892 0.636278
v 1.205055 0.847909 0.585214
v 1.205055 0.847909 0.585214
v 1.205055 0.838892 0.636278
v 1.205055 0.831052 0.636537
v 1.205055 0.847909 0.585214
v 1.205055 0.831052 0.636537
v 1.205055 0.844802 0.584199
v 1.205055 0.844802 0.584199
v 1.205055 0.831052 0.636537
v 1.205055 0.823286 0.635431
v 1.205055 0.844802 0.584199
v 1.205055 0.823286 0.635431
v 1.205055 0.841919 0.582659
v 1.205055 0.841919 0.582659
v 1.205055 0.823286 0.635431
v 1.205055 0.815831 0.632994
v 1.205055 0.841919 0.582659
v 1.205055 0.815831 0.632994
v 1.205055 0.839347 0.580642
v 1.205055 0.839347 0.580642
v 1.205055 0.815831 0.632994
v 1.205055 0.837165 0.578209
v 1.205055 0.864972 0.553263
v 1.205055 0.900091 0.523338
v 1.205055 0.867155 0.555696
v 1.205055 0.867155 0.555696
v 1.205055 0.900091 0.523338
v 1.205055 0.901708 0.531013
v 1.205055 0.867155 0.555696
v 1.205055 0.901708 0.531013
v 1.205055 0.868882 0.558471
v 1.205055 0.868882 0.558471
v 1.205055 0.901708 0.531013
v 1.205055 0.901968 0.538853
v 1.205055 0.868882 0.558471
v 1.205055 0.901968 0.538853
v 1.205055 0.900862 0.546619
v 1.205055 0.874692 0.495025
v 1.205055 0.881612 0.498720
v 1.205055 0.859518 0.549706
v 1.205055 0.859518 0.549706
v 1.205055 0.881612 0.498720
v 1.205055 0.887784 0.503561
v 1.205055 0.859518 0.549706
v 1.205055 0.887784 0.503561
v 1.205055 0.862401 0.551246
v 1.205055 0.862401 0.551246
v 1.205055 0.887784 0.503561
v 1.205055 0.893022 0.509400
v 1.205055 0.862401 0.551246
v 1.205055 0.893022 0.509400
v 1.205055 0.864972 0.553263
v 1.205055 0.864972 0.553263
v 1.205055 0.893022 0.509400
v 1.205055 0.897166 0.516060
v 1.205055 0.864972 0.553263
v 1.205055 0.897166 0.516060
v 1.205055 0.900091 0.523338
v 1.205055 0.856411 0.548691
v 1.205055 0.853175 0.548230
v 1.205055 0.874692 0.495025
v 1.205055 0.874692 0.495025
v 1.205055 0.853175 0.548230
v 1.205055 0.849909 0.548338
v 1.205055 0.874692 0.495025
v 1.205055 0.849909 0.548338
v 1.205055 0.502178 0.336098
v 1.205055 0.502178 0.336098
v 1.205055 0.849909 0.548338
v 1.205055 0.846711 0.549012
v 1.205055 0.502178 0.336098
v 1.205055 0.846711 0.549012
v 1.205055 0.843678 0.550231
v 1.055055 0.898424 0.554074
v 1.055055 0.874880 0.609262
v 1.205055 0.898424 0.554074
v 1.205055 0.898424 0.554074
v 1.055055 0.874880 0.609262
v 1.205055 0.874880 0.609262
v 1.055055 -1.171101 -0.328854
v 1.055055 -1.194646 -0.273667
v 1.055055 -1.131136 -0.279187
v 1.055055 0.870882 0.567968
v 1.055055 0.870422 0.571204
v 1.055055 0.898424 0.554074
v 1.055055 0.898424 0.554074
v 1.055055 0.870422 0.571204
v 1.055055 0.874880 0.609262
v 1.055055 -1.139754 -0.355061
v 1.055055 -1.146492 -0.352950
v 1.055055 -1.119339 -0.289770
v 1.055055 -1.119339 -0.289770
v 1.055055 -1.146492 -0.352950
v 1.055055 -1.122371 -0.288552
v 1.055055 0.843678 0.550231
v 1.055055 0.846711 0.549012
v 1.055055 0.874692 0.495025
v 1.055055 0.874692 0.495025
v 1.055055 0.846711 0.549012
v 1.055055 0.849909 0.548338
v 1.055055 0.833545 0.569204
v 1.055055 0.833437 0.565937
v 1.055055 -1.103649 -0.287536
v 1.055055 0.833545 0.569204
v 1.055055 -1.103649 -0.287536
v 1.055055 0.834219 0.572402
v 1.055055 -1.139754 -0.355061
v 1.055055 -1.119339 -0.289770
v 1.055055 -1.132768 -0.356092
v 1.055055 -1.132768 -0.356092
v 1.055055 -1.119339 -0.289770
v 1.055055 -1.116141 -0.290444
v 1.055055 -1.132768 -0.356092
v 1.055055 -1.116141 -0.290444
v 1.055055 -1.125707 -0.356017
v 1.055055 -1.125707 -0.356017
v 1.055055 -1.116141 -0.290444
v 1.055055 -1.118745 -0.354839
v 1.055055 -1.118745 -0.354839
v 1.055055 -1.116141 -0.290444
v 1.055055 -1.112874 -0.290552
v 1.055055 -1.118745 -0.354839
v 1.055055 -1.112874 -0.290552
v 1.055055 -1.112052 -0.352586
v 1.055055 -1.112052 -0.352586
v 1.055055 -1.112874 -0.290552
v 1.055055 -1.109638 -0.290091
v 1.055055 -1.112052 -0.352586
v 1.055055 -1.109638 -0.290091
v 1.055055 -1.106532 -0.289076
v 1.055055 0.862401 0.551246
v 1.055055 0.887784 0.503561
v 1.055055 0.859518 0.549706
v 1.055055 0.859518 0.549706
v 1.055055 0.887784 0.503561
v 1.055055 0.881612 0.498720
v 1.055055 0.859518 0.549706
v 1.055055 0.881612 0.498720
v 1.055055 0.856411 0.548691
v 1.055055 0.856411 0.548691
v 1.055055 0.881612 0.498720
v 1.055055 0.874692 0.495025
v 1.055055 0.856411 0.548691
v 1.055055 0.874692 0.495025
v 1.055055 0.853175 0.548230
v 1.055055 0.853175 0.548230
v 1.055055 0.874692 0.495025
v 1.055055 0.849909 0.548338
v 1.055055 -1.103649 -0.287536
v 1.055055 0.841919 0.582659
v 1.055055 0.839347 0.580642
v 1.055055 -1.131136 -0.279187
v 1.055055 -1.129596 -0.282070
v 1.055055 -1.171101 -0.328854
v 1.055055 -1.171101 -0.328854
v 1.055055 -1.129596 -0.282070
v 1.055055 -1.127579 -0.284642
v 1.055055 -1.171101 -0.328854
v 1.055055 -1.127579 -0.284642
v 1.055055 -1.167830 -0.335112
v 1.055055 -1.167830 -0.335112
v 1.055055 -1.127579 -0.284642
v 1.055055 -1.125146 -0.286825
v 1.055055 -1.146492 -0.352950
v 1.055055 -1.152817 -0.349811
v 1.055055 -1.122371 -0.288552
v 1.055055 -1.122371 -0.288552
v 1.055055 -1.152817 -0.349811
v 1.055055 -1.158573 -0.345721
v 1.055055 -1.122371 -0.288552
v 1.055055 -1.158573 -0.345721
v 1.055055 -1.125146 -0.286825
v 1.055055 -1.125146 -0.286825
v 1.055055 -1.158573 -0.345721
v 1.055055 -1.163619 -0.340780
v 1.055055 -1.125146 -0.286825
v 1.055055 -1.163619 -0.340780
v 1.055055 -1.167830 -0.335112
v 1.055055 0.833437 0.565937
v 1.055055 0.833898 0.562701
v 1.055055 -1.103649 -0.287536
v 1.055055 -1.103649 -0.287536
v 1.055055 0.833898 0.562701
v 1.055055 0.834914 0.559595
v 1.055055 -1.103649 -0.287536
v 1.055055 0.834914 0.559595
v 1.055055 -1.106532 -0.289076
v 1.055055 -1.106532 -0.289076
v 1.055055 0.834914 0.559595
v 1.055055 0.836453 0.556712
v 1.055055 -1.106532 -0.289076
v 1.055055 0.836453 0.556712
v 1.055055 -1.112052 -0.352586
v 1.055055 -1.112052 -0.352586
v 1.055055 0.836453 0.556712
v 1.055055 0.838470 0.554140
v 1.055055 -1.112052 -0.352586
v 1.055055 0.838470 0.554140
v 1.055055 0.874692 0.495025
v 1.055055 0.874692 0.495025
v 1.055055 0.838470 0.554140
v 1.055055 0.840903 0.551958
v 1.055055 0.874692 0.495025
v 1.055055 0.840903 0.551958
v 1.055055 0.843678 0.550231
v 1.055055 0.839347 0.580642
v 1.055055 0.837165 0.578209
v 1.055055 -1.103649 -0.287536
v 1.055055 -1.103649 -0.287536
v 1.055055 0.837165 0.578209
v 1.055055 0.835438 0.575434
v 1.055055 -1.103649 -0.287536
v 1.055055 0.835438 0.575434
v 1.055055 0.834219 0.572402
v 1.055055 0.867155 0.555696
v 1.055055 0.900091 0.523338
v 1.055055 0.864972 0.553263
v 1.055055 0.864972 0.553263
v 1.055055 0.900091 0.523338
v 1.055055 0.897166 0.516060
v 1.055055 0.864972 0.553263
v 1.055055 0.897166 0.516060
v 1.055055 0.862401 0.551246
v 1.055055 0.862401 0.551246
v 1.055055 0.897166 0.516060
v 1.055055 0.893022 0.509400
v 1.055055 0.862401 0.551246
v 1.055055 0.893022 0.509400
v 1.055055 0.887784 0.503561
v 1.055055 0.868882 0.558471
v 1.055055 0.870101 0.561503
v 1.055055 0.898424 0.554074
v 1.055055 0.898424 0.554074
v 1.055055 0.870101 0.561503
v 1.055055 0.870774 0.564701
v 1.055055 0.898424 0.554074
v 1.055055 0.870774 0.564701
v 1.055055 0.870882 0.567968
v 1.055055 -1.098894 -0.283086
v 1.055055 -1.097168 -0.280311
v 1.055055 0.844802 0.584199
v 1.055055 0.870422 0.571204
v 1.055055 0.869406 0.574310
v 1.055055 0.874880 0.609262
v 1.055055 0.874880 0.609262
v 1.055055 0.869406 0.574310
v 1.055055 0.867866 0.577193
v 1.055055 0.874880 0.609262
v 1.055055 0.867866 0.577193
v 1.055055 0.865849 0.579765
v 1.055055 -1.111639 -0.253215
v 1.055055 -1.114905 -0.253107
v 1.055055 -1.182840 -0.222100
v 1.055055 0.898424 0.554074
v 1.055055 0.900862 0.546619
v 1.055055 0.868882 0.558471
v 1.055055 0.868882 0.558471
v 1.055055 0.900862 0.546619
v 1.055055 0.901968 0.538853
v 1.055055 0.868882 0.558471
v 1.055055 0.901968 0.538853
v 1.055055 0.867155 0.555696
v 1.055055 0.867155 0.555696
v 1.055055 0.901968 0.538853
v 1.055055 0.901708 0.531013
v 1.055055 0.867155 0.555696
v 1.055055 0.901708 0.531013
v 1.055055 0.900091 0.523338
v 1.055055 0.841919 0.582659
v 1.055055 -1.103649 -0.287536
v 1.055055 0.844802 0.584199
v 1.055055 0.844802 0.584199
v 1.055055 -1.103649 -0.287536
v 1.055055 -1.101077 -0.285519
v 1.055055 0.844802 0.584199
v 1.055055 -1.101077 -0.285519
v 1.055055 -1.098894 -0.283086
v 1.055055 -1.097168 -0.280311
v 1.055055 -1.095949 -0.277279
v 1.055055 0.844802 0.584199
v 1.055055 0.844802 0.584199
v 1.055055 -1.095949 -0.277279
v 1.055055 -1.095275 -0.274081
v 1.055055 0.844802 0.584199
v 1.055055 -1.095275 -0.274081
v 1.055055 -1.095167 -0.270814
v 1.055055 -1.198077 -0.260012
v 1.055055 -1.198152 -0.252951
v 1.055055 -1.132504 -0.269579
v 1.055055 -1.132504 -0.269579
v 1.055055 -1.198152 -0.252951
v 1.055055 -1.131830 -0.266380
v 1.055055 -1.198077 -0.260012
v 1.055055 -1.132504 -0.269579
v 1.055055 -1.196899 -0.266975
v 1.055055 -1.196899 -0.266975
v 1.055055 -1.132504 -0.269579
v 1.055055 -1.132612 -0.272845
v 1.055055 -1.196899 -0.266975
v 1.055055 -1.132612 -0.272845
v 1.055055 -1.194646 -0.273667
v 1.055055 -1.194646 -0.273667
v 1.055055 -1.132612 -0.272845
v 1.055055 -1.132151 -0.276081
v 1.055055 -1.194646 -0.273667
v 1.055055 -1.132151 -0.276081
v 1.055055 -1.131136 -0.279187
v 1.055055 0.865849 0.579765
v 1.055055 0.863416 0.581948
v 1.055055 0.874880 0.609262
v 1.055055 0.874880 0.609262
v 1.055055 0.863416 0.581948
v 1.055055 0.860642 0.583674
v 1.055055 0.874880 0.609262
v 1.055055 0.860642 0.583674
v 1.055055 0.871184 0.616181
v 1.055055 0.871184 0.616181
v 1.055055 0.860642 0.583674
v 1.055055 0.857609 0.584893
v 1.055055 -1.095167 -0.270814
v 1.055055 -1.095628 -0.267578
v 1.055055 0.844802 0.584199
v 1.055055 0.844802 0.584199
v 1.055055 -1.095628 -0.267578
v 1.055055 -1.096644 -0.264472
v 1.055055 0.844802 0.584199
v 1.055055 -1.096644 -0.264472
v 1.055055 0.815831 0.632994
v 1.055055 0.815831 0.632994
v 1.055055 -1.096644 -0.264472
v 1.055055 -1.098183 -0.261589
v 1.055055 0.815831 0.632994
v 1.055055 -1.098183 -0.261589
v 1.055055 -1.100200 -0.259017
v 1.055055 -1.100200 -0.259017
v 1.055055 -1.102633 -0.256835
v 1.055055 0.815831 0.632994
v 1.055055 0.815831 0.632994
v 1.055055 -1.102633 -0.256835
v 1.055055 -1.105408 -0.255108
v 1.055055 0.815831 0.632994
v 1.055055 -1.105408 -0.255108
v 1.055055 -1.170914 -0.214618
v 1.055055 -1.170914 -0.214618
v 1.055055 -1.105408 -0.255108
v 1.055055 -1.177172 -0.217890
v 1.055055 -1.177172 -0.217890
v 1.055055 -1.105408 -0.255108
v 1.055055 -1.182840 -0.222100
v 1.055055 -1.182840 -0.222100
v 1.055055 -1.105408 -0.255108
v 1.055055 -1.108440 -0.253889
v 1.055055 -1.182840 -0.222100
v 1.055055 -1.108440 -0.253889
v 1.055055 -1.111639 -0.253215
v 1.055055 0.851144 0.585675
v 1.055055 0.853845 0.631736
v 1.055055 0.854411 0.585567
v 1.055055 0.854411 0.585567
v 1.055055 0.853845 0.631736
v 1.055055 0.860505 0.627591
v 1.055055 0.854411 0.585567
v 1.055055 0.860505 0.627591
v 1.055055 0.857609 0.584893
v 1.055055 0.857609 0.584893
v 1.055055 0.860505 0.627591
v 1.055055 0.866344 0.622353
v 1.055055 0.857609 0.584893
v 1.055055 0.866344 0.622353
v 1.055055 0.871184 0.616181
v 1.055055 0.815831 0.632994
v 1.055055 0.823286 0.635431
v 1.055055 0.844802 0.584199
v 1.055055 0.844802 0.584199
v 1.055055 0.823286 0.635431
v 1.055055 0.831052 0.636537
v 1.055055 0.844802 0.584199
v 1.055055 0.831052 0.636537
v 1.055055 0.847909 0.585214
v 1.055055 0.847909 0.585214
v 1.055055 0.831052 0.636537
v 1.055055 0.838892 0.636278
v 1.055055 0.847909 0.585214
v 1.055055 0.838892 0.636278
v 1.055055 0.851144 0.585675
v 1.055055 0.851144 0.585675
v 1.055055 0.838892 0.636278
v 1.055055 0.846567 0.634661
v 1.055055 0.851144 0.585675
v 1.055055 0.846567 0.634661
v 1.055055 0.853845 0.631736
v 1.055055 -1.114905 -0.253107
v 1.055055 -1.118141 -0.253568
v 1.055055 -1.182840 -0.222100
v 1.055055 -1.182840 -0.222100
v 1.055055 -1.118141 -0.253568
v 1.055055 -1.121247 -0.254584
v 1.055055 -1.182840 -0.222100
v 1.055055 -1.121247 -0.254584
v 1.055055 -1.124130 -0.256123
v 1.055055 -1.124130 -0.256123
v 1.055055 -1.126702 -0.258140
v 1.055055 -1.182840 -0.222100
v 1.055055 -1.182840 -0.222100
v 1.055055 -1.126702 -0.258140
v 1.055055 -1.128885 -0.260573
v 1.055055 -1.182840 -0.222100
v 1.055055 -1.128885 -0.260573
v 1.055055 -1.187780 -0.227146
v 1.055055 -1.187780 -0.227146
v 1.055055 -1.128885 -0.260573
v 1.055055 -1.130611 -0.263348
v 1.055055 -1.198152 -0.252951
v 1.055055 -1.197121 -0.245966
v 1.055055 -1.131830 -0.266380
v 1.055055 -1.131830 -0.266380
v 1.055055 -1.197121 -0.245966
v 1.055055 -1.195010 -0.239227
v 1.055055 -1.131830 -0.266380
v 1.055055 -1.195010 -0.239227
v 1.055055 -1.130611 -0.263348
v 1.055055 -1.130611 -0.263348
v 1.055055 -1.195010 -0.239227
v 1.055055 -1.191870 -0.232902
v 1.055055 -1.130611 -0.263348
v 1.055055 -1.191870 -0.232902
v 1.055055 -1.187780 -0.227146
v 2.705055 -0.615353 0.022403
v 2.705055 0.374332 0.444636
v 2.705055 -0.556491 -0.115565
v 2.705055 -0.556491 -0.115565
v 2.705055 0.374332 0.444636
v 2.705055 0.433194 0.306667
v 1.205055 -0.615353 0.022403
v 2.705055 -0.615353 0.022403
v 1.205055 -0.556491 -0.115565
v 1.205055 -0.556491 -0.115565
v 2.705055 -0.615353 0.022403
v 2.705055 -0.556491 -0.115565
v 1.205055 0.374332 0.444636
v 1.205055 -0.615353 0.022403
v 1.205055 0.433194 0.306667
v 1.205055 0.433194 0.306667
v 1.205055 -0.615353 0.022403
v 1.205055 -0.556491 -0.115565
v 1.205055 -1.171101 -0.328854
v 1.205055 -1.194646 -0.273667
v 1.055055 -1.171101 -0.328854
v 1.055055 -1.171101 -0.328854
v 1.205055 -1.194646 -0.273667
v 1.055055 -1.194646 -0.273667
v 2.705055 0.374332 0.444636
v 1.205055 0.374332 0.444636
v 2.705055 0.433194 0.306667
v 2.705055 0.433194 0.306667
v 1.205055 0.374332 0.444636
v 1.205055 0.433194 0.306667
v 1.205055 -0.867384 -0.085122
v 2.705055 -0.867384 -0.085122
v 1.205055 -0.808522 -0.223090
v 1.205055 -0.808522 -0.223090
v 2.705055 -0.867384 -0.085122
v 2.705055 -0.808522 -0.223090
v 2.705055 -0.615353 0.022403
v 2.855055 -1.170914 -0.214618
v 2.855055 0.815831 0.632994
v 2.705055 0.443316 0.474066
v 1.205055 0.374332 0.444636
v 2.705055 0.374332 0.444636
v 2.705055 -0.936368 -0.114553
v 2.705055 -1.170914 -0.214618
v 2.855055 -1.170914 -0.214618
v 1.205055 0.815831 0.632994
v 1.055055 0.815831 0.632994
v 1.205055 0.443316 0.474066
v 1.205055 0.443316 0.474066
v 1.055055 0.815831 0.632994
v 1.055055 -1.170914 -0.214618
v 2.705055 0.815831 0.632994
v 2.705055 0.443316 0.474066
v 2.855055 0.815831 0.632994
v 2.855055 0.815831 0.632994
v 2.705055 0.443316 0.474066
v 2.705055 0.374332 0.444636
v 2.855055 0.815831 0.632994
v 2.705055 0.374332 0.444636
v 2.705055 -0.615353 0.022403
v 1.055055 -1.170914 -0.214618
v 1.205055 -1.170914 -0.214618
v 1.205055 -0.936368 -0.114553
v 1.205055 -0.684337 -0.007028
v 1.055055 -1.170914 -0.214618
v 1.205055 -0.867384 -0.085122
v 1.205055 -0.867384 -0.085122
v 1.055055 -1.170914 -0.214618
v 1.205055 -0.936368 -0.114553
v 1.205055 -0.867384 -0.085122
v 1.205055 -0.936368 -0.114553
v 2.705055 -0.867384 -0.085122
v 1.205055 -0.936368 -0.114553
v 2.705055 -0.936368 -0.114553
v 2.705055 -0.867384 -0.085122
v 2.705055 -0.867384 -0.085122
v 2.705055 -0.936368 -0.114553
v 2.855055 -1.170914 -0.214618
v 2.705055 -0.867384 -0.085122
v 2.855055 -1.170914 -0.214618
v 2.705055 -0.684337 -0.007028
v 2.705055 -0.684337 -0.007028
v 2.855055 -1.170914 -0.214618
v 2.705055 -0.615353 0.022403
v 2.705055 -0.684337 -0.007028
v 2.705055 -0.615353 0.022403
v 1.205055 -0.684337 -0.007028
v 1.205055 -0.684337 -0.007028
v 2.705055 -0.615353 0.022403
v 1.205055 -0.615353 0.022403
v 1.205055 -0.684337 -0.007028
v 1.205055 -0.615353 0.022403
v 1.055055 -1.170914 -0.214618
v 1.055055 -1.170914 -0.214618
v 1.205055 -0.615353 0.022403
v 1.205055 0.374332 0.444636
v 1.055055 -1.170914 -0.214618
v 1.205055 0.374332 0.444636
v 1.205055 0.443316 0.474066
v 1.205055 0.443316 0.474066
v 1.205055 0.374332 0.444636
v 2.705055 0.443316 0.474066
v 2.855055 0.874692 0.495025
v 2.855055 -1.112052 -0.352586
v 2.705055 -0.877506 -0.252521
v 2.705055 -0.877506 -0.252521
v 2.855055 -1.112052 -0.352586
v 2.705055 -1.112052 -0.352586
v 1.205055 -0.808522 -0.223090
v 1.055055 -1.112052 -0.352586
v 1.205055 -0.625475 -0.144996
v 1.205055 -0.625475 -0.144996
v 1.055055 -1.112052 -0.352586
v 1.055055 0.874692 0.495025
v 2.705055 -0.556491 -0.115565
v 2.705055 0.433194 0.306667
v 2.855055 0.874692 0.495025
v 1.205055 -0.556491 -0.115565
v 2.705055 -0.556491 -0.115565
v 2.705055 -0.625475 -0.144996
v 2.705055 -0.625475 -0.144996
v 2.705055 -0.556491 -0.115565
v 2.855055 0.874692 0.495025
v 2.705055 -0.625475 -0.144996
v 2.855055 0.874692 0.495025
v 2.705055 -0.808522 -0.223090
v 2.705055 -0.808522 -0.223090
v 2.855055 0.874692 0.495025
v 2.705055 -0.877506 -0.252521
v 2.705055 -0.808522 -0.223090
v 2.705055 -0.877506 -0.252521
v 1.205055 -0.808522 -0.223090
v 1.205055 -0.808522 -0.223090
v 2.705055 -0.877506 -0.252521
v 1.205055 -0.877506 -0.252521
v 1.205055 -0.808522 -0.223090
v 1.205055 -0.877506 -0.252521
v 1.055055 -1.112052 -0.352586
v 1.055055 -1.112052 -0.352586
v 1.205055 -0.877506 -0.252521
v 1.205055 -1.112052 -0.352586
v 1.055055 0.874692 0.495025
v 1.205055 0.874692 0.495025
v 1.205055 0.502178 0.336098
v 2.705055 0.874692 0.495025
v 2.855055 0.874692 0.495025
v 2.705055 0.502178 0.336098
v 2.705055 0.502178 0.336098
v 2.855055 0.874692 0.495025
v 2.705055 0.433194 0.306667
v 2.705055 0.502178 0.336098
v 2.705055 0.433194 0.306667
v 1.205055 0.502178 0.336098
v 1.205055 0.502178 0.336098
v 2.705055 0.433194 0.306667
v 1.205055 0.433194 0.306667
v 1.205055 0.502178 0.336098
v 1.205055 0.433194 0.306667
v 1.055055 0.874692 0.495025
v 1.055055 0.874692 0.495025
v 1.205055 0.433194 0.306667
v 1.205055 -0.556491 -0.115565
v 1.055055 0.874692 0.495025
v 1.205055 -0.556491 -0.115565
v 1.205055 -0.625475 -0.144996
v 1.205055 -0.625475 -0.144996
v 1.205055 -0.556491 -0.115565
v 2.705055 -0.625475 -0.144996
v 1.055055 0.869406 0.574310
v 1.205055 0.869406 0.574310
v 1.055055 0.867866 0.577193
v 1.055055 0.867866 0.577193
v 1.205055 0.869406 0.574310
v 1.205055 0.867866 0.577193
v 1.055055 0.867866 0.577193
v 1.205055 0.867866 0.577193
v 1.055055 0.865849 0.579765
v 1.055055 0.865849 0.579765
v 1.205055 0.867866 0.577193
v 1.205055 0.865849 0.579765
v 1.055055 0.865849 0.579765
v 1.205055 0.865849 0.579765
v 1.055055 0.863416 0.581948
v 1.055055 0.863416 0.581948
v 1.205055 0.865849 0.579765
v 1.205055 0.863416 0.581948
v 1.055055 0.863416 0.581948
v 1.205055 0.863416 0.581948
v 1.055055 0.860642 0.583674
v 1.055055 0.860642 0.583674
v 1.205055 0.863416 0.581948
v 1.205055 0.860642 0.583674
v 1.055055 0.860642 0.583674
v 1.205055 0.860642 0.583674
v 1.055055 0.857609 0.584893
v 1.055055 0.857609 0.584893
v 1.205055 0.860642 0.583674
v 1.205055 0.857609 0.584893
v 1.055055 0.857609 0.584893
v 1.205055 0.857609 0.584893
v 1.055055 0.854411 0.585567
v 1.055055 0.854411 0.585567
v 1.205055 0.857609 0.584893
v 1.205055 0.854411 0.585567
v 1.055055 0.854411 0.585567
v 1.205055 0.854411 0.585567
v 1.055055 0.851144 0.585675
v 1.055055 0.851144 0.585675
v 1.205055 0.854411 0.585567
v 1.205055 0.851144 0.585675
v 1.055055 0.851144 0.585675
v 1.205055 0.851144 0.585675
v 1.055055 0.847909 0.585214
v 1.055055 0.847909 0.585214
v 1.205055 0.851144 0.585675
v 1.205055 0.847909 0.585214
v 1.055055 0.847909 0.585214
v 1.205055 0.847909 0.585214
v 1.055055 0.844802 0.584199
v 1.055055 0.844802 0.584199
v 1.205055 0.847909 0.585214
v 1.205055 0.844802 0.584199
v 1.055055 0.844802 0.584199
v 1.205055 0.844802 0.584199
v 1.055055 0.841919 0.582659
v 1.055055 0.841919 0.582659
v 1.205055 0.844802 0.584199
v 1.205055 0.841919 0.582659
v 1.055055 0.841919 0.582659
v 1.205055 0.841919 0.582659
v 1.055055 0.839347 0.580642
v 1.055055 0.839347 0.580642
v 1.205055 0.841919 0.582659
v 1.205055 0.839347 0.580642
v 1.055055 0.839347 0.580642
v 1.205055 0.839347 0.580642
v 1.055055 0.837165 0.578209
v 1.055055 0.837165 0.578209
v 1.205055 0.839347 0.580642
v 1.205055 0.837165 0.578209
v 1.055055 0.837165 0.578209
v 1.205055 0.837165 0.578209
v 1.055055 0.835438 0.575434
v 1.055055 0.835438 0.575434
v 1.205055 0.837165 0.578209
v 1.205055 0.835438 0.575434
v 1.055055 0.835438 0.575434
v 1.205055 0.835438 0.575434
v 1.055055 0.834219 0.572402
v 1.055055 0.834219 0.572402
v 1.205055 0.835438 0.575434
v 1.205055 0.834219 0.572402
v 1.055055 0.834219 0.572402
v 1.205055 0.834219 0.572402
v 1.055055 0.833545 0.569204
v 1.055055 0.833545 0.569204
v 1.205055 0.834219 0.572402
v 1.205055 0.833545 0.569204
v 1.055055 0.833545 0.569204
v 1.205055 0.833545 0.569204
v 1.055055 0.833437 0.565937
v 1.055055 0.833437 0.565937
v 1.205055 0.833545 0.569204
v 1.205055 0.833437 0.565937
v 1.055055 0.833437 0.565937
v 1.205055 0.833437 0.565937
v 1.055055 0.833898 0.562701
v 1.055055 0.833898 0.562701
v 1.205055 0.833437 0.565937
v 1.205055 0.833898 0.562701
v 1.055055 0.833898 0.562701
v 1.205055 0.833898 0.562701
v 1.055055 0.834914 0.559595
v 1.055055 0.834914 0.559595
v 1.205055 0.833898 0.562701
v 1.205055 0.834914 0.559595
v 1.055055 0.834914 0.559595
v 1.205055 0.834914 0.559595
v 1.055055 0.836453 0.556712
v 1.055055 0.836453 0.556712
v 1.205055 0.834914 0.559595
v 1.205055 0.836453 0.556712
v 1.055055 0.836453 0.556712
v 1.205055 0.836453 0.556712
v 1.055055 0.838470 0.554140
v 1.055055 0.838470 0.554140
v 1.205055 0.836453 0.556712
v 1.205055 0.838470 0.554140
v 1.055055 0.838470 0.554140
v 1.205055 0.838470 0.554140
v 1.055055 0.840903 0.551958
v 1.055055 0.840903 0.551958
v 1.205055 0.838470 0.554140
v 1.205055 0.840903 0.551958
v 1.055055 0.840903 0.551958
v 1.205055 0.840903 0.551958
v 1.055055 0.843678 0.550231
v 1.055055 0.843678 0.550231
v 1.205055 0.840903 0.551958
v 1.205055 0.843678 0.550231
v 1.055055 0.843678 0.550231
v 1.205055 0.843678 0.550231
v 1.055055 0.846711 0.549012
v 1.055055 0.846711 0.549012
v 1.205055 0.843678 0.550231
v 1.205055 0.846711 0.549012
v 1.055055 0.846711 0.549012
v 1.205055 0.846711 0.549012
v 1.055055 0.849909 0.548338
v 1.055055 0.849909 0.548338
v 1.205055 0.846711 0.549012
v 1.205055 0.849909 0.548338
v 1.055055 0.849909 0.548338
v 1.205055 0.849909 0.548338
v 1.055055 0.853175 0.548230
v 1.055055 0.853175 0.548230
v 1.205055 0.849909 0.548338
v 1.205055 0.853175 0.548230
v 1.055055 0.853175 0.548230
v 1.205055 0.853175 0.548230
v 1.055055 0.856411 0.548691
v 1.055055 0.856411 0.548691
v 1.205055 0.853175 0.548230
v 1.205055 0.856411 0.548691
v 1.055055 0.856411 0.548691
v 1.205055 0.856411 0.548691
v 1.055055 0.859518 0.549706
v 1.055055 0.859518 0.549706
v 1.205055 0.856411 0.548691
v 1.205055 0.859518 0.549706
v 1.055055 0.859518 0.549706
v 1.205055 0.859518 0.549706
v 1.055055 0.862401 0.551246
v 1.055055 0.862401 0.551246
v 1.205055 0.859518 0.549706
v 1.205055 0.862401 0.551246
v 1.055055 0.862401 0.551246
v 1.205055 0.862401 0.551246
v 1.055055 0.864972 0.553263
v 1.055055 0.864972 0.553263
v 1.205055 0.862401 0.551246
v 1.205055 0.864972 0.553263
v 1.055055 0.864972 0.553263
v 1.205055 0.864972 0.553263
v 1.055055 0.867155 0.555696
v 1.055055 0.867155 0.555696
v 1.205055 0.864972 0.553263
v 1.205055 0.867155 0.555696
v 1.055055 0.867155 0.555696
v 1.205055 0.867155 0.555696
v 1.055055 0.868882 0.558471
v 1.055055 0.868882 0.558471
v 1.205055 0.867155 0.555696
v 1.205055 0.868882 0.558471
v 1.055055 0.868882 0.558471
v 1.205055 0.868882 0.558471
v 1.055055 0.870101 0.561503
v 1.055055 0.870101 0.561503
v 1.205055 0.868882 0.558471
v 1.205055 0.870101 0.561503
v 1.055055 0.870101 0.561503
v 1.205055 0.870101 0.561503
v 1.055055 0.870774 0.564701
v 1.055055 0.870774 0.564701
v 1.205055 0.870101 0.561503
v 1.205055 0.870774 0.564701
v 1.055055 0.870774 0.564701
v 1.205055 0.870774 0.564701
v 1.055055 0.870882 0.567968
v 1.055055 0.870882 0.567968
v 1.205055 0.870774 0.564701
v 1.205055 0.870882 0.567968
v 1.055055 0.870882 0.567968
v 1.205055 0.870882 0.567968
v 1.055055 0.870422 0.571204
v 1.055055 0.870422 0.571204
v 1.205055 0.870882 0.567968
v 1.205055 0.870422 0.571204
v 1.055055 0.870422 0.571204
v 1.205055 0.870422 0.571204
v 1.055055 0.869406 0.574310
v 1.055055 0.869406 0.574310
v 1.205055 0.870422 0.571204
v 1.205055 0.869406 0.574310
v 1.055055 -1.096644 -0.264472
v 1.205055 -1.096644 -0.264472
v 1.055055 -1.098183 -0.261589
v 1.055055 -1.098183 -0.261589
v 1.205055 -1.096644 -0.264472
v 1.205055 -1.098183 -0.261589
v 1.055055 -1.098183 -0.261589
v 1.205055 -1.098183 -0.261589
v 1.055055 -1.100200 -0.259017
v 1.055055 -1.100200 -0.259017
v 1.205055 -1.098183 -0.261589
v 1.205055 -1.100200 -0.259017
v 1.055055 -1.100200 -0.259017
v 1.205055 -1.100200 -0.259017
v 1.055055 -1.102633 -0.256835
v 1.055055 -1.102633 -0.256835
v 1.205055 -1.100200 -0.259017
v 1.205055 -1.102633 -0.256835
v 1.055055 -1.102633 -0.256835
v 1.205055 -1.102633 -0.256835
v 1.055055 -1.105408 -0.255108
v 1.055055 -1.105408 -0.255108
v 1.205055 -1.102633 -0.256835
v 1.205055 -1.105408 -0.255108
v 1.055055 -1.105408 -0.255108
v 1.205055 -1.105408 -0.255108
v 1.055055 -1.108440 -0.253889
v 1.055055 -1.108440 -0.253889
v 1.205055 -1.105408 -0.255108
v 1.205055 -1.108440 -0.253889
v 1.055055 -1.108440 -0.253889
v 1.205055 -1.108440 -0.253889
v 1.055055 -1.111639 -0.253215
v 1.055055 -1.111639 -0.253215
v 1.205055 -1.108440 -0.253889
v 1.205055 -1.111639 -0.253215
v 1.055055 -1.111639 -0.253215
v 1.205055 -1.111639 -0.253215
v 1.055055 -1.114905 -0.253107
v 1.055055 -1.114905 -0.253107
v 1.205055 -1.111639 -0.253215
v 1.205055 -1.114905 -0.253107
v 1.055055 -1.114905 -0.253107
v 1.205055 -1.114905 -0.253107
v 1.055055 -1.118141 -0.253568
v 1.055055 -1.118141 -0.253568
v 1.205055 -1.114905 -0.253107
v 1.205055 -1.118141 -0.253568
v 1.055055 -1.118141 -0.253568
v 1.205055 -1.118141 -0.253568
v 1.055055 -1.121247 -0.254584
v 1.055055 -1.121247 -0.254584
v 1.205055 -1.118141 -0.253568
v 1.205055 -1.121247 -0.254584
v 1.055055 -1.121247 -0.254584
v 1.205055 -1.121247 -0.254584
v 1.055055 -1.124130 -0.256123
v 1.055055 -1.124130 -0.256123
v 1.205055 -1.121247 -0.254584
v 1.205055 -1.124130 -0.256123
v 1.055055 -1.124130 -0.256123
v 1.205055 -1.124130 -0.256123
v 1.055055 -1.126702 -0.258140
v 1.055055 -1.126702 -0.258140
v 1.205055 -1.124130 -0.256123
v 1.205055 -1.126702 -0.258140
v 1.055055 -1.126702 -0.258140
v 1.205055 -1.126702 -0.258140
v 1.055055 -1.128885 -0.260573
v 1.055055 -1.128885 -0.260573
v 1.205055 -1.126702 -0.258140
v 1.205055 -1.128885 -0.260573
v 1.055055 -1.128885 -0.260573
v 1.205055 -1.128885 -0.260573
v 1.055055 -1.130611 -0.263348
v 1.055055 -1.130611 -0.263348
v 1.205055 -1.128885 -0.260573
v 1.205055 -1.130611 -0.263348
v 1.055055 -1.130611 -0.263348
v 1.205055 -1.130611 -0.263348
v 1.055055 -1.131830 -0.266380
v 1.055055 -1.131830 -0.266380
v 1.205055 -1.130611 -0.263348
v 1.205055 -1.131830 -0.266380
v 1.055055 -1.131830 -0.266380
v 1.205055 -1.131830 -0.266380
v 1.055055 -1.132504 -0.269579
v 1.055055 -1.132504 -0.269579
v 1.205055 -1.131830 -0.266380
v 1.205055 -1.132504 -0.269579
v 1.055055 -1.132504 -0.269579
v 1.205055 -1.132504 -0.269579
v 1.055055 -1.132612 -0.272845
v 1.055055 -1.132612 -0.272845
v 1.205055 -1.132504 -0.269579
v 1.205055 -1.132612 -0.272845
v 1.055055 -1.132612 -0.272845
v 1.205055 -1.132612 -0.272845
v 1.055055 -1.132151 -0.276081
v 1.055055 -1.132151 -0.276081
v 1.205055 -1.132612 -0.272845
v 1.205055 -1.132151 -0.276081
v 1.055055 -1.132151 -0.276081
v 1.205055 -1.132151 -0.276081
v 1.055055 -1.131136 -0.279187
v 1.055055 -1.131136 -0.279187
v 1.205055 -1.132151 -0.276081
v 1.205055 -1.131136 -0.279187
v 1.055055 -1.131136 -0.279187
v 1.205055 -1.131136 -0.279187
v 1.055055 -1.129596 -0.282070
v 1.055055 -1.129596 -0.282070
v 1.205055 -1.131136 -0.279187
v 1.205055 -1.129596 -0.282070
v 1.055055 -1.129596 -0.282070
v 1.205055 -1.129596 -0.282070
v 1.055055 -1.127579 -0.284642
v 1.055055 -1.127579 -0.284642
v 1.205055 -1.129596 -0.282070
v 1.205055 -1.127579 -0.284642
v 1.055055 -1.127579 -0.284642
v 1.205055 -1.127579 -0.284642
v 1.055055 -1.125146 -0.286825
v 1.055055 -1.125146 -0.286825
v 1.205055 -1.127579 -0.284642
v 1.205055 -1.125146 -0.286825
v 1.055055 -1.125146 -0.286825
v 1.205055 -1.125146 -0.286825
v 1.055055 -1.122371 -0.288552
v 1.055055 -1.122371 -0.288552
v 1.205055 -1.125146 -0.286825
v 1.205055 -1.122371 -0.288552
v 1.055055 -1.122371 -0.288552
v 1.205055 -1.122371 -0.288552
v 1.055055 -1.119339 -0.289770
v 1.055055 -1.119339 -0.289770
v 1.205055 -1.122371 -0.288552
v 1.205055 -1.119339 -0.289770
v 1.055055 -1.119339 -0.289770
v 1.205055 -1.119339 -0.289770
v 1.055055 -1.116141 -0.290444
v 1.055055 -1.116141 -0.290444
v 1.205055 -1.119339 -0.289770
v 1.205055 -1.116141 -0.290444
v 1.055055 -1.116141 -0.290444
v 1.205055 -1.116141 -0.290444
v 1.055055 -1.112874 -0.290552
v 1.055055 -1.112874 -0.290552
v 1.205055 -1.116141 -0.290444
v 1.205055 -1.112874 -0.290552
v 1.055055 -1.112874 -0.290552
v 1.205055 -1.112874 -0.290552
v 1.055055 -1.109638 -0.290091
v 1.055055 -1.109638 -0.290091
v 1.205055 -1.112874 -0.290552
v 1.205055 -1.109638 -0.290091
v 1.055055 -1.109638 -0.290091
v 1.205055 -1.109638 -0.290091
v 1.055055 -1.106532 -0.289076
v 1.055055 -1.106532 -0.289076
v 1.205055 -1.109638 -0.290091
v 1.205055 -1.106532 -0.289076
v 1.055055 -1.106532 -0.289076
v 1.205055 -1.106532 -0.289076
v 1.055055 -1.103649 -0.287536
v 1.055055 -1.103649 -0.287536
v 1.205055 -1.106532 -0.289076
v 1.205055 -1.103649 -0.287536
v 1.055055 -1.103649 -0.287536
v 1.205055 -1.103649 -0.287536
v 1.055055 -1.101077 -0.285519
v 1.055055 -1.101077 -0.285519
v 1.205055 -1.103649 -0.287536
v 1.205055 -1.101077 -0.285519
v 1.055055 -1.101077 -0.285519
v 1.205055 -1.101077 -0.285519
v 1.055055 -1.098894 -0.283086
v 1.055055 -1.098894 -0.283086
v 1.205055 -1.101077 -0.285519
v 1.205055 -1.098894 -0.283086
v 1.055055 -1.098894 -0.283086
v 1.205055 -1.098894 -0.283086
v 1.055055 -1.097168 -0.280311
v 1.055055 -1.097168 -0.280311
v 1.205055 -1.098894 -0.283086
v 1.205055 -1.097168 -0.280311
v 1.055055 -1.097168 -0.280311
v 1.205055 -1.097168 -0.280311
v 1.055055 -1.095949 -0.277279
v 1.055055 -1.095949 -0.277279
v 1.205055 -1.097168 -0.280311
v 1.205055 -1.095949 -0.277279
v 1.055055 -1.095949 -0.277279
v 1.205055 -1.095949 -0.277279
v 1.055055 -1.095275 -0.274081
v 1.055055 -1.095275 -0.274081
v 1.205055 -1.095949 -0.277279
v 1.205055 -1.095275 -0.274081
v 1.055055 -1.095275 -0.274081
v 1.205055 -1.095275 -0.274081
v 1.055055 -1.095167 -0.270814
v 1.055055 -1.095167 -0.270814
v 1.205055 -1.095275 -0.274081
v 1.205055 -1.095167 -0.270814
v 1.055055 -1.095167 -0.270814
v 1.205055 -1.095167 -0.270814
v 1.055055 -1.095628 -0.267578
v 1.055055 -1.095628 -0.267578
v 1.205055 -1.095167 -0.270814
v 1.205055 -1.095628 -0.267578
v 1.055055 -1.095628 -0.267578
v 1.205055 -1.095628 -0.267578
v 1.055055 -1.096644 -0.264472
v 1.055055 -1.096644 -0.264472
v 1.205055 -1.095628 -0.267578
v 1.205055 -1.096644 -0.264472
v 2.705055 0.869406 0.574310
v 2.855055 0.869406 0.574310
v 2.705055 0.867866 0.577193
v 2.705055 0.867866 0.577193
v 2.855055 0.869406 0.574310
v 2.855055 0.867866 0.577193
v 2.705055 0.867866 0.577193
v 2.855055 0.867866 0.577193
v 2.705055 0.865849 0.579765
v 2.705055 0.865849 0.579765
v 2.855055 0.867866 0.577193
v 2.855055 0.865849 0.579765
v 2.705055 0.865849 0.579765
v 2.855055 0.865849 0.579765
v 2.705055 0.863416 0.581948
v 2.705055 0.863416 0.581948
v 2.855055 0.865849 0.579765
v 2.855055 0.863416 0.581948
v 2.705055 0.863416 0.581948
v 2.855055 0.863416 0.581948
v 2.705055 0.860642 0.583674
v 2.705055 0.860642 0.583674
v 2.855055 0.863416 0.581948
v 2.855055 0.860642 0.583674
v 2.705055 0.860642 0.583674
v 2.855055 0.860642 0.583674
v 2.705055 0.857609 0.584893
v 2.705055 0.857609 0.584893
v 2.855055 0.860642 0.583674
v 2.855055 0.857609 0.584893
v 2.705055 0.857609 0.584893
v 2.855055 0.857609 0.584893
v 2.705055 0.854411 0.585567
v 2.705055 0.854411 0.585567
v 2.855055 0.857609 0.584893
v 2.855055 0.854411 0.585567
v 2.705055 0.854411 0.585567
v 2.855055 0.854411 0.585567
v 2.705055 0.851144 0.585675
v 2.705055 0.851144 0.585675
v 2.855055 0.854411 0.585567
v 2.855055 0.851144 0.585675
v 2.705055 0.851144 0.585675
v 2.855055 0.851144 0.585675
v 2.705055 0.847909 0.585214
v 2.705055 0.847909 0.585214
v 2.855055 0.851144 0.585675
v 2.855055 0.847909 0.585214
v 2.705055 0.847909 0.585214
v 2.855055 0.847909 0.585214
v 2.705055 0.844802 0.584199
v 2.705055 0.844802 0.584199
v 2.855055 0.847909 0.585214
v 2.855055 0.844802 0.584199
v 2.705055 0.844802 0.584199
v 2.855055 0.844802 0.584199
v 2.705055 0.841919 0.582659
v 2.705055 0.841919 0.582659
v 2.855055 0.844802 0.584199
v 2.855055 0.841919 0.582659
v 2.705055 0.841919 0.582659
v 2.855055 0.841919 0.582659
v 2.705055 0.839347 0.580642
v 2.705055 0.839347 0.580642
v 2.855055 0.841919 0.582659
v 2.855055 0.839347 0.580642
v 2.705055 0.839347 0.580642
v 2.855055 0.839347 0.580642
v 2.705055 0.837165 0.578209
v 2.705055 0.837165 0.578209
v 2.855055 0.839347 0.580642
v 2.855055 0.837165 0.578209
v 2.705055 0.837165 0.578209
v 2.855055 0.837165 0.578209
v 2.705055 0.835438 0.575434
v 2.705055 0.835438 0.575434
v 2.855055 0.837165 0.578209
v 2.855055 0.835438 0.575434
v 2.705055 0.835438 0.575434
v 2.855055 0.835438 0.575434
v 2.705055 0.834219 0.572402
v 2.705055 0.834219 0.572402
v 2.855055 0.835438 0.575434
v 2.855055 0.834219 0.572402
v 2.705055 0.834219 0.572402
v 2.855055 0.834219 0.572402
v 2.705055 0.833545 0.569204
v 2.705055 0.833545 0.569204
v 2.855055 0.834219 0.572402
v 2.855055 0.833545 0.569204
v 2.705055 0.833545 0.569204
v 2.855055 0.833545 0.569204
v 2.705055 0.833437 0.565937
v 2.705055 0.833437 0.565937
v 2.855055 0.833545 0.569204
v 2.855055 0.833437 0.565937
v 2.705055 0.833437 0.565937
v 2.855055 0.833437 0.565937
v 2.705055 0.833898 0.562701
v 2.705055 0.833898 0.562701
v 2.855055 0.833437 0.565937
v 2.855055 0.833898 0.562701
v 2.705055 0.833898 0.562701
v 2.855055 0.833898 0.562701
v 2.705055 0.834914 0.559595
v 2.705055 0.834914 0.559595
v 2.855055 0.833898 0.562701
v 2.855055 0.834914 0.559595
v 2.705055 0.834914 0.559595
v 2.855055 0.834914 0.559595
v 2.705055 0.836453 0.556712
v 2.705055 0.836453 0.556712
v 2.855055 0.834914 0.559595
v 2.855055 0.836453 0.556712
v 2.705055 0.836453 0.556712
v 2.855055 0.836453 0.556712
v 2.705055 0.838470 0.554140
v 2.705055 0.838470 0.554140
v 2.855055 0.836453 0.556712
v 2.855055 0.838470 0.554140
v 2.705055 0.838470 0.554140
v 2.855055 0.838470 0.554140
v 2.705055 0.840903 0.551958
v 2.705055 0.840903 0.551958
v 2.855055 0.838470 0.554140
v 2.855055 0.840903 0.551958
v 2.705055 0.840903 0.551958
v 2.855055 0.840903 0.551958
v 2.705055 0.843678 0.550231
v 2.705055 0.843678 0.550231
v 2.855055 0.840903 0.551958
v 2.855055 0.843678 0.550231
v 2.705055 0.843678 0.550231
v 2.855055 0.843678 0.550231
v 2.705055 0.846711 0.549012
v 2.705055 0.846711 0.549012
v 2.855055 0.843678 0.550231
v 2.855055 0.846711 0.549012
v 2.705055 0.846711 0.549012
v 2.855055 0.846711 0.549012
v 2.705055 0.849909 0.548338
v 2.705055 0.849909 0.548338
v 2.855055 0.846711 0.549012
v 2.855055 0.849909 0.548338
v 2.705055 0.849909 0.548338
v 2.855055 0.849909 0.548338
v 2.705055 0.853175 0.548230
v 2.705055 0.853175 0.548230
v 2.855055 0.849909 0.548338
v 2.855055 0.853175 0.548230
v 2.705055 0.853175 0.548230
v 2.855055 0.853175 0.548230
v 2.705055 0.856411 0.548691
v 2.705055 0.856411 0.548691
v 2.855055 0.853175 0.548230
v 2.855055 0.856411 0.548691
v 2.705055 0.856411 0.548691
v 2.855055 0.856411 0.548691
v 2.705055 0.859518 0.549706
v 2.705055 0.859518 0.549706
v 2.855055 0.856411 0.548691
v 2.855055 0.859518 0.549706
v 2.705055 0.859518 0.549706
v 2.855055 0.859518 0.549706
v 2.705055 0.862401 0.551246
v 2.705055 0.862401 0.551246
v 2.855055 0.859518 0.549706
v 2.855055 0.862401 0.551246
v 2.705055 0.862401 0.551246
v 2.855055 0.862401 0.551246
v 2.705055 0.864972 0.553263
v 2.705055 0.864972 0.553263
v 2.855055 0.862401 0.551246
v 2.855055 0.864972 0.553263
v 2.705055 0.864972 0.553263
v 2.855055 0.864972 0.553263
v 2.705055 0.867155 0.555696
v 2.705055 0.867155 0.555696
v 2.855055 0.864972 0.553263
v 2.855055 0.867155 0.555696
v 2.705055 0.867155 0.555696
v 2.855055 0.867155 0.555696
v 2.705055 0.868882 0.558471
v 2.705055 0.868882 0.558471
v 2.855055 0.867155 0.555696
v 2.855055 0.868882 0.558471
v 2.705055 0.868882 0.558471
v 2.855055 0.868882 0.558471
v 2.705055 0.870101 0.561503
v 2.705055 0.870101 0.561503
v 2.855055 0.868882 0.558471
v 2.855055 0.870101 0.561503
v 2.705055 0.870101 0.561503
v 2.855055 0.870101 0.561503
v 2.705055 0.870774 0.564701
v 2.705055 0.870774 0.564701
v 2.855055 0.870101 0.561503
v 2.855055 0.870774 0.564701
v 2.705055 0.870774 0.564701
v 2.855055 0.870774 0.564701
v 2.705055 0.870882 0.567968
v 2.705055 0.870882 0.567968
v 2.855055 0.870774 0.564701
v 2.855055 0.870882 0.567968
v 2.705055 0.870882 0.567968
v 2.855055 0.870882 0.567968
v 2.705055 0.870422 0.571204
v 2.705055 0.870422 0.571204
v 2.855055 0.870882 0.567968
v 2.855055 0.870422 0.571204
v 2.705055 0.870422 0.571204
v 2.855055 0.870422 0.571204
v 2.705055 0.869406 0.574310
v 2.705055 0.869406 0.574310
v 2.855055 0.870422 0.571204
v 2.855055 0.869406 0.574310
v 2.705055 -1.096644 -0.264472
v 2.855055 -1.096644 -0.264472
v 2.705055 -1.098183 -0.261589
v 2.705055 -1.098183 -0.261589
v 2.855055 -1.096644 -0.264472
v 2.855055 -1.098183 -0.261589
v 2.705055 -1.098183 -0.261589
v 2.855055 -1.098183 -0.261589
v 2.705055 -1.100200 -0.259017
v 2.705055 -1.100200 -0.259017
v 2.855055 -1.098183 -0.261589
v 2.855055 -1.100200 -0.259017
v 2.705055 -1.100200 -0.259017
v 2.855055 -1.100200 -0.259017
v 2.705055 -1.102633 -0.256835
v 2.705055 -1.102633 -0.256835
v 2.855055 -1.100200 -0.259017
v 2.855055 -1.102633 -0.256835
v 2.705055 -1.102633 -0.256835
v 2.855055 -1.102633 -0.256835
v 2.705055 -1.105408 -0.255108
v 2.705055 -1.105408 -0.255108
v 2.855055 -1.102633 -0.256835
v 2.855055 -1.105408 -0.255108
v 2.705055 -1.105408 -0.255108
v 2.855055 -1.105408 -0.255108
v 2.705055 -1.108440 -0.253889
v 2.705055 -1.108440 -0.253889
v 2.855055 -1.105408 -0.255108
v 2.855055 -1.108440 -0.253889
v 2.705055 -1.108440 -0.253889
v 2.855055 -1.108440 -0.253889
v 2.705055 -1.111639 -0.253215
v 2.705055 -1.111639 -0.253215
v 2.855055 -1.108440 -0.253889
v 2.855055 -1.111639 -0.253215
v 2.705055 -1.111639 -0.253215
v 2.855055 -1.111639 -0.253215
v 2.705055 -1.114905 -0.253107
v 2.705055 -1.114905 -0.253107
v 2.855055 -1.111639 -0.253215
v 2.855055 -1.114905 -0.253107
v 2.705055 -1.114905 -0.253107
v 2.855055 -1.114905 -0.253107
v 2.705055 -1.118141 -0.253568
v 2.705055 -1.118141 -0.253568
v 2.855055 -1.114905 -0.253107
v 2.855055 -1.118141 -0.253568
v 2.705055 -1.118141 -0.253568
v 2.855055 -1.118141 -0.253568
v 2.705055 -1.121247 -0.254584
v 2.705055 -1.121247 -0.254584
v 2.855055 -1.118141 -0.253568
v 2.855055 -1.121247 -0.254584
v 2.705055 -1.121247 -0.254584
v 2.855055 -1.121247 -0.254584
v 2.705055 -1.124130 -0.256123
v 2.705055 -1.124130 -0.256123
v 2.855055 -1.121247 -0.254584
v 2.855055 -1.124130 -0.256123
v 2.705055 -1.124130 -0.256123
v 2.855055 -1.124130 -0.256123
v 2.705055 -1.126702 -0.258140
v 2.705055 -1.126702 -0.258140
v 2.855055 -1.124130 -0.256123
v 2.855055 -1.126702 -0.258140
v 2.705055 -1.126702 -0.258140
v 2.855055 -1.126702 -0.258140
v 2.705055 -1.128885 -0.260573
v 2.705055 -1.128885 -0.260573
v 2.855055 -1.126702 -0.258140
v 2.855055 -1.128885 -0.260573
v 2.705055 -1.128885 -0.260573
v 2.855055 -1.128885 -0.260573
v 2.705055 -1.130611 -0.263348
v 2.705055 -1.130611 -0.263348
v 2.855055 -1.128885 -0.260573
v 2.855055 -1.130611 -0.263348
v 2.705055 -1.130611 -0.263348
v 2.855055 -1.130611 -0.263348
v 2.705055 -1.131830 -0.266380
v 2.705055 -1.131830 -0.266380
v 2.855055 -1.130611 -0.263348
v 2.855055 -1.131830 -0.266380
v 2.705055 -1.131830 -0.266380
v 2.855055 -1.131830 -0.266380
v 2.705055 -1.132504 -0.269579
v 2.705055 -1.132504 -0.269579
v 2.855055 -1.131830 -0.266380
v 2.855055 -1.132504 -0.269579
v 2.705055 -1.132504 -0.269579
v 2.855055 -1.132504 -0.269579
v 2.705055 -1.132612 -0.272845
v 2.705055 -1.132612 -0.272845
v 2.855055 -1.132504 -0.269579
v 2.855055 -1.132612 -0.272845
v 2.705055 -1.132612 -0.272845
v 2.855055 -1.132612 -0.272845
v 2.705055 -1.132151 -0.276081
v 2.705055 -1.132151 -0.276081
v 2.855055 -1.132612 -0.272845
v 2.855055 -1.132151 -0.276081
v 2.705055 -1.132151 -0.276081
v 2.855055 -1.132151 -0.276081
v 2.705055 -1.131136 -0.279187
v 2.705055 -1.131136 -0.279187
v 2.855055 -1.132151 -0.276081
v 2.855055 -1.131136 -0.279187
v 2.705055 -1.131136 -0.279187
v 2.855055 -1.131136 -0.279187
v 2.705055 -1.129596 -0.282070
v 2.705055 -1.129596 -0.282070
v 2.855055 -1.131136 -0.279187
v 2.855055 -1.129596 -0.282070
v 2.705055 -1.129596 -0.282070
v 2.855055 -1.129596 -0.282070
v 2.705055 -1.127579 -0.284642
v 2.705055 -1.127579 -0.284642
v 2.855055 -1.129596 -0.282070
v 2.855055 -1.127579 -0.284642
v 2.705055 -1.127579 -0.284642
v 2.855055 -1.127579 -0.284642
v 2.705055 -1.125146 -0.286825
v 2.705055 -1.125146 -0.286825
v 2.855055 -1.127579 -0.284642
v 2.855055 -1.125146 -0.286825
v 2.705055 -1.125146 -0.286825
v 2.855055 -1.125146 -0.286825
v 2.705055 -1.122371 -0.288552
v 2.705055 -1.122371 -0.288552
v 2.855055 -1.125146 -0.286825
v 2.855055 -1.122371 -0.288552
v 2.705055 -1.122371 -0.288552
v 2.855055 -1.122371 -0.288552
v 2.705055 -1.119339 -0.289770
v 2.705055 -1.119339 -0.289770
v 2.855055 -1.122371 -0.288552
v 2.855055 -1.119339 -0.289770
v 2.705055 -1.119339 -0.289770
v 2.855055 -1.119339 -0.289770
v 2.705055 -1.116141 -0.290444
v 2.705055 -1.116141 -0.290444
v 2.855055 -1.119339 -0.289770
v 2.855055 -1.116141 -0.290444
v 2.705055 -1.116141 -0.290444
v 2.855055 -1.116141 -0.290444
v 2.705055 -1.112874 -0.290552
v 2.705055 -1.112874 -0.290552
v 2.855055 -1.116141 -0.290444
v 2.855055 -1.112874 -0.290552
v 2.705055 -1.112874 -0.290552
v 2.855055 -1.112874 -0.290552
v 2.705055 -1.109638 -0.290091
v 2.705055 -1.109638 -0.290091
v 2.855055 -1.112874 -0.290552
v 2.855055 -1.109638 -0.290091
v 2.705055 -1.109638 -0.290091
v 2.855055 -1.109638 -0.290091
v 2.705055 -1.106532 -0.289076
v 2.705055 -1.106532 -0.289076
v 2.855055 -1.109638 -0.290091
v 2.855055 -1.106532 -0.289076
v 2.705055 -1.106532 -0.289076
v 2.855055 -1.106532 -0.289076
v 2.705055 -1.103649 -0.287536
v 2.705055 -1.103649 -0.287536
v 2.855055 -1.106532 -0.289076
v 2.855055 -1.103649 -0.287536
v 2.705055 -1.103649 -0.287536
v 2.855055 -1.103649 -0.287536
v 2.705055 -1.101077 -0.285519
v 2.705055 -1.101077 -0.285519
v 2.855055 -1.103649 -0.287536
v 2.855055 -1.101077 -0.285519
v 2.705055 -1.101077 -0.285519
v 2.855055 -1.101077 -0.285519
v 2.705055 -1.098894 -0.283086
v 2.705055 -1.098894 -0.283086
v 2.855055 -1.101077 -0.285519
v 2.855055 -1.098894 -0.283086
v 2.705055 -1.098894 -0.283086
v 2.855055 -1.098894 -0.283086
v 2.705055 -1.097168 -0.280311
v 2.705055 -1.097168 -0.280311
v 2.855055 -1.098894 -0.283086
v 2.855055 -1.097168 -0.280311
v 2.705055 -1.097168 -0.280311
v 2.855055 -1.097168 -0.280311
v 2.705055 -1.095949 -0.277279
v 2.705055 -1.095949 -0.277279
v 2.855055 -1.097168 -0.280311
v 2.855055 -1.095949 -0.277279
v 2.705055 -1.095949 -0.277279
v 2.855055 -1.095949 -0.277279
v 2.705055 -1.095275 -0.274081
v 2.705055 -1.095275 -0.274081
v 2.855055 -1.095949 -0.277279
v 2.855055 -1.095275 -0.274081
v 2.705055 -1.095275 -0.274081
v 2.855055 -1.095275 -0.274081
v 2.705055 -1.095167 -0.270814
v 2.705055 -1.095167 -0.270814
v 2.855055 -1.095275 -0.274081
v 2.855055 -1.095167 -0.270814
v 2.705055 -1.095167 -0.270814
v 2.855055 -1.095167 -0.270814
v 2.705055 -1.095628 -0.267578
v 2.705055 -1.095628 -0.267578
v 2.855055 -1.095167 -0.270814
v 2.855055 -1.095628 -0.267578
v 2.705055 -1.095628 -0.267578
v 2.855055 -1.095628 -0.267578
v 2.705055 -1.096644 -0.264472
v 2.705055 -1.096644 -0.264472
v 2.855055 -1.095628 -0.267578
v 2.855055 -1.096644 -0.264472
v 2.705055 -1.112052 -0.352586
v 2.855055 -1.112052 -0.352586
v 2.855055 -1.119508 -0.355024
v 2.705055 -1.112052 -0.352586
v 2.855055 -1.119508 -0.355024
v 2.705055 -1.119508 -0.355024
v 2.705055 -1.119508 -0.355024
v 2.855055 -1.119508 -0.355024
v 2.855055 -1.127274 -0.356130
v 2.705055 -1.119508 -0.355024
v 2.855055 -1.127274 -0.356130
v 2.705055 -1.127274 -0.356130
v 2.705055 -1.127274 -0.356130
v 2.855055 -1.127274 -0.356130
v 2.855055 -1.135113 -0.355870
v 2.705055 -1.127274 -0.356130
v 2.855055 -1.135113 -0.355870
v 2.705055 -1.135113 -0.355870
v 2.705055 -1.135113 -0.355870
v 2.855055 -1.135113 -0.355870
v 2.855055 -1.142789 -0.354253
v 2.705055 -1.135113 -0.355870
v 2.855055 -1.142789 -0.354253
v 2.705055 -1.142789 -0.354253
v 2.705055 -1.142789 -0.354253
v 2.855055 -1.142789 -0.354253
v 2.855055 -1.150067 -0.351328
v 2.705055 -1.142789 -0.354253
v 2.855055 -1.150067 -0.351328
v 2.705055 -1.150067 -0.351328
v 2.705055 -1.150067 -0.351328
v 2.855055 -1.150067 -0.351328
v 2.855055 -1.156727 -0.347184
v 2.705055 -1.150067 -0.351328
v 2.855055 -1.156727 -0.347184
v 2.705055 -1.156727 -0.347184
v 2.705055 -1.156727 -0.347184
v 2.855055 -1.156727 -0.347184
v 2.855055 -1.162566 -0.341946
v 2.705055 -1.156727 -0.347184
v 2.855055 -1.162566 -0.341946
v 2.705055 -1.162566 -0.341946
v 2.705055 -1.162566 -0.341946
v 2.855055 -1.162566 -0.341946
v 2.855055 -1.167406 -0.335773
v 2.705055 -1.162566 -0.341946
v 2.855055 -1.167406 -0.335773
v 2.705055 -1.167406 -0.335773
v 2.705055 -1.167406 -0.335773
v 2.855055 -1.167406 -0.335773
v 2.855055 -1.171101 -0.328854
v 2.705055 -1.167406 -0.335773
v 2.855055 -1.171101 -0.328854
v 2.705055 -1.171101 -0.328854
v 1.055055 -1.112052 -0.352586
v 1.205055 -1.112052 -0.352586
v 1.205055 -1.118745 -0.354839
v 1.055055 -1.112052 -0.352586
v 1.205055 -1.118745 -0.354839
v 1.055055 -1.118745 -0.354839
v 1.055055 -1.118745 -0.354839
v 1.205055 -1.118745 -0.354839
v 1.205055 -1.125707 -0.356017
v 1.055055 -1.118745 -0.354839
v 1.205055 -1.125707 -0.356017
v 1.055055 -1.125707 -0.356017
v 1.055055 -1.125707 -0.356017
v 1.205055 -1.125707 -0.356017
v 1.205055 -1.132768 -0.356092
v 1.055055 -1.125707 -0.356017
v 1.205055 -1.132768 -0.356092
v 1.055055 -1.132768 -0.356092
v 1.055055 -1.132768 -0.356092
v 1.205055 -1.132768 -0.356092
v 1.205055 -1.139754 -0.355061
v 1.055055 -1.132768 -0.356092
v 1.205055 -1.139754 -0.355061
v 1.055055 -1.139754 -0.355061
v 1.055055 -1.139754 -0.355061
v 1.205055 -1.139754 -0.355061
v 1.205055 -1.146492 -0.352950
v 1.055055 -1.139754 -0.355061
v 1.205055 -1.146492 -0.352950
v 1.055055 -1.146492 -0.352950
v 1.055055 -1.146492 -0.352950
v 1.205055 -1.146492 -0.352950
v 1.205055 -1.152817 -0.349811
v 1.055055 -1.146492 -0.352950
v 1.205055 -1.152817 -0.349811
v 1.055055 -1.152817 -0.349811
v 1.055055 -1.152817 -0.349811
v 1.205055 -1.152817 -0.349811
v 1.205055 -1.158573 -0.345721
v 1.055055 -1.152817 -0.349811
v 1.205055 -1.158573 -0.345721
v 1.055055 -1.158573 -0.345721
v 1.055055 -1.158573 -0.345721
v 1.205055 -1.158573 -0.345721
v 1.205055 -1.163619 -0.340780
v 1.055055 -1.158573 -0.345721
v 1.205055 -1.163619 -0.340780
v 1.055055 -1.163619 -0.340780
v 1.055055 -1.163619 -0.340780
v 1.205055 -1.163619 -0.340780
v 1.205055 -1.167830 -0.335112
v 1.055055 -1.163619 -0.340780
v 1.205055 -1.167830 -0.335112
v 1.055055 -1.167830 -0.335112
v 1.055055 -1.167830 -0.335112
v 1.205055 -1.167830 -0.335112
v 1.205055 -1.171101 -0.328854
v 1.055055 -1.167830 -0.335112
v 1.205055 -1.171101 -0.328854
v 1.055055 -1.171101 -0.328854
v 2.855055 -1.170914 -0.214618
v 2.705055 -1.170914 -0.214618
v 2.705055 -1.177833 -0.218313
v 2.855055 -1.170914 -0.214618
v 2.705055 -1.177833 -0.218313
v 2.855055 -1.177833 -0.218313
v 2.855055 -1.177833 -0.218313
v 2.705055 -1.177833 -0.218313
v 2.705055 -1.184006 -0.223154
v 2.855055 -1.177833 -0.218313
v 2.705055 -1.184006 -0.223154
v 2.855055 -1.184006 -0.223154
v 2.855055 -1.184006 -0.223154
v 2.705055 -1.184006 -0.223154
v 2.705055 -1.189244 -0.228992
v 2.855055 -1.184006 -0.223154
v 2.705055 -1.189244 -0.228992
v 2.855055 -1.189244 -0.228992
v 2.855055 -1.189244 -0.228992
v 2.705055 -1.189244 -0.228992
v 2.705055 -1.193388 -0.235652
v 2.855055 -1.189244 -0.228992
v 2.705055 -1.193388 -0.235652
v 2.855055 -1.193388 -0.235652
v 2.855055 -1.193388 -0.235652
v 2.705055 -1.193388 -0.235652
v 2.705055 -1.196313 -0.242930
v 2.855055 -1.193388 -0.235652
v 2.705055 -1.196313 -0.242930
v 2.855055 -1.196313 -0.242930
v 2.855055 -1.196313 -0.242930
v 2.705055 -1.196313 -0.242930
v 2.705055 -1.197930 -0.250606
v 2.855055 -1.196313 -0.242930
v 2.705055 -1.197930 -0.250606
v 2.855055 -1.197930 -0.250606
v 2.855055 -1.197930 -0.250606
v 2.705055 -1.197930 -0.250606
v 2.705055 -1.198190 -0.258446
v 2.855055 -1.197930 -0.250606
v 2.705055 -1.198190 -0.258446
v 2.855055 -1.198190 -0.258446
v 2.855055 -1.198190 -0.258446
v 2.705055 -1.198190 -0.258446
v 2.705055 -1.197084 -0.266211
v 2.855055 -1.198190 -0.258446
v 2.705055 -1.197084 -0.266211
v 2.855055 -1.197084 -0.266211
v 2.855055 -1.197084 -0.266211
v 2.705055 -1.197084 -0.266211
v 2.705055 -1.194646 -0.273667
v 2.855055 -1.197084 -0.266211
v 2.705055 -1.194646 -0.273667
v 2.855055 -1.194646 -0.273667
v 1.205055 -1.170914 -0.214618
v 1.055055 -1.170914 -0.214618
v 1.055055 -1.177172 -0.217890
v 1.205055 -1.170914 -0.214618
v 1.055055 -1.177172 -0.217890
v 1.205055 -1.177172 -0.217890
v 1.205055 -1.177172 -0.217890
v 1.055055 -1.177172 -0.217890
v 1.055055 -1.182840 -0.222100
v 1.205055 -1.177172 -0.217890
v 1.055055 -1.182840 -0.222100
v 1.205055 -1.182840 -0.222100
v 1.205055 -1.182840 -0.222100
v 1.055055 -1.182840 -0.222100
v 1.055055 -1.187780 -0.227146
v 1.205055 -1.182840 -0.222100
v 1.055055 -1.187780 -0.227146
v 1.205055 -1.187780 -0.227146
v 1.205055 -1.187780 -0.227146
v 1.055055 -1.187780 -0.227146
v 1.055055 -1.191870 -0.232902
v 1.205055 -1.187780 -0.227146
v 1.055055 -1.191870 -0.232902
v 1.205055 -1.191870 -0.232902
v 1.205055 -1.191870 -0.232902
v 1.055055 -1.191870 -0.232902
v 1.055055 -1.195010 -0.239227
v 1.205055 -1.191870 -0.232902
v 1.055055 -1.195010 -0.239227
v 1.205055 -1.195010 -0.239227
v 1.205055 -1.195010 -0.239227
v 1.055055 -1.195010 -0.239227
v 1.055055 -1.197121 -0.245966
v 1.205055 -1.195010 -0.239227
v 1.055055 -1.197121 -0.245966
v 1.205055 -1.197121 -0.245966
v 1.205055 -1.197121 -0.245966
v 1.055055 -1.197121 -0.245966
v 1.055055 -1.198152 -0.252951
v 1.205055 -1.197121 -0.245966
v 1.055055 -1.198152 -0.252951
v 1.205055 -1.198152 -0.252951
v 1.205055 -1.198152 -0.252951
v 1.055055 -1.198152 -0.252951
v 1.055055 -1.198077 -0.260012
v 1.205055 -1.198152 -0.252951
v 1.055055 -1.198077 -0.260012
v 1.205055 -1.198077 -0.260012
v 1.205055 -1.198077 -0.260012
v 1.055055 -1.198077 -0.260012
v 1.055055 -1.196899 -0.266975
v 1.205055 -1.198077 -0.260012
v 1.055055 -1.196899 -0.266975
v 1.205055 -1.196899 -0.266975
v 1.205055 -1.196899 -0.266975
v 1.055055 -1.196899 -0.266975
v 1.055055 -1.194646 -0.273667
v 1.205055 -1.196899 -0.266975
v 1.055055 -1.194646 -0.273667
v 1.205055 -1.194646 -0.273667
v 1.205055 0.874692 0.495025
v 1.055055 0.874692 0.495025
v 1.055055 0.881612 0.498720
v 1.205055 0.874692 0.495025
v 1.055055 0.881612 0.498720
v 1.205055 0.881612 0.498720
v 1.205055 0.881612 0.498720
v 1.055055 0.881612 0.498720
v 1.055055 0.887784 0.503561
v 1.205055 0.881612 0.498720
v 1.055055 0.887784 0.503561
v 1.205055 0.887784 0.503561
v 1.205055 0.887784 0.503561
v 1.055055 0.887784 0.503561
v 1.055055 0.893022 0.509400
v 1.205055 0.887784 0.503561
v 1.055055 0.893022 0.509400
v 1.205055 0.893022 0.509400
v 1.205055 0.893022 0.509400
v 1.055055 0.893022 0.509400
v 1.055055 0.897166 0.516060
v 1.205055 0.893022 0.509400
v 1.055055 0.897166 0.516060
v 1.205055 0.897166 0.516060
v 1.205055 0.897166 0.516060
v 1.055055 0.897166 0.516060
v 1.055055 0.900091 0.523338
v 1.205055 0.897166 0.516060
v 1.055055 0.900091 0.523338
v 1.205055 0.900091 0.523338
v 1.205055 0.900091 0.523338
v 1.055055 0.900091 0.523338
v 1.055055 0.901708 0.531013
v 1.205055 0.900091 0.523338
v 1.055055 0.901708 0.531013
v 1.205055 0.901708 0.531013
v 1.205055 0.901708 0.531013
v 1.055055 0.901708 0.531013
v 1.055055 0.901968 0.538853
v 1.205055 0.901708 0.531013
v 1.055055 0.901968 0.538853
v 1.205055 0.901968 0.538853
v 1.205055 0.901968 0.538853
v 1.055055 0.901968 0.538853
v 1.055055 0.900862 0.546619
v 1.205055 0.901968 0.538853
v 1.055055 0.900862 0.546619
v 1.205055 0.900862 0.546619
v 1.205055 0.900862 0.546619
v 1.055055 0.900862 0.546619
v 1.055055 0.898424 0.554074
v 1.205055 0.900862 0.546619
v 1.055055 0.898424 0.554074
v 1.205055 0.898424 0.554074
v 1.055055 0.815831 0.632994
v 1.205055 0.815831 0.632994
v 1.205055 0.823286 0.635431
v 1.055055 0.815831 0.632994
v 1.205055 0.823286 0.635431
v 1.055055 0.823286 0.635431
v 1.055055 0.823286 0.635431
v 1.205055 0.823286 0.635431
v 1.205055 0.831052 0.636537
v 1.055055 0.823286 0.635431
v 1.205055 0.831052 0.636537
v 1.055055 0.831052 0.636537
v 1.055055 0.831052 0.636537
v 1.205055 0.831052 0.636537
v 1.205055 0.838892 0.636278
v 1.055055 0.831052 0.636537
v 1.205055 0.838892 0.636278
v 1.055055 0.838892 0.636278
v 1.055055 0.838892 0.636278
v 1.205055 0.838892 0.636278
v 1.205055 0.846567 0.634661
v 1.055055 0.838892 0.636278
v 1.205055 0.846567 0.634661
v 1.055055 0.846567 0.634661
v 1.055055 0.846567 0.634661
v 1.205055 0.846567 0.634661
v 1.205055 0.853845 0.631736
v 1.055055 0.846567 0.634661
v 1.205055 0.853845 0.631736
v 1.055055 0.853845 0.631736
v 1.055055 0.853845 0.631736
v 1.205055 0.853845 0.631736
v 1.205055 0.860505 0.627591
v 1.055055 0.853845 0.631736
v 1.205055 0.860505 0.627591
v 1.055055 0.860505 0.627591
v 1.055055 0.860505 0.627591
v 1.205055 0.860505 0.627591
v 1.205055 0.866344 0.622353
v 1.055055 0.860505 0.627591
v 1.205055 0.866344 0.622353
v 1.055055 0.866344 0.622353
v 1.055055 0.866344 0.622353
v 1.205055 0.866344 0.622353
v 1.205055 0.871184 0.616181
v 1.055055 0.866344 0.622353
v 1.205055 0.871184 0.616181
v 1.055055 0.871184 0.616181
v 1.055055 0.871184 0.616181
v 1.205055 0.871184 0.616181
v 1.205055 0.874880 0.609262
v 1.055055 0.871184 0.616181
v 1.205055 0.874880 0.609262
v 1.055055 0.874880 0.609262
v 2.855055 0.874692 0.495025
v 2.705055 0.874692 0.495025
v 2.705055 0.881612 0.498720
v 2.855055 0.874692 0.495025
v 2.705055 0.881612 0.498720
v 2.855055 0.881612 0.498720
v 2.855055 0.881612 0.498720
v 2.705055 0.881612 0.498720
v 2.705055 0.887784 0.503561
v 2.855055 0.881612 0.498720
v 2.705055 0.887784 0.503561
v 2.855055 0.887784 0.503561
v 2.855055 0.887784 0.503561
v 2.705055 0.887784 0.503561
v 2.705055 0.893022 0.509400
v 2.855055 0.887784 0.503561
v 2.705055 0.893022 0.509400
v 2.855055 0.893022 0.509400
v 2.855055 0.893022 0.509400
v 2.705055 0.893022 0.509400
v 2.705055 0.897166 0.516060
v 2.855055 0.893022 0.509400
v 2.705055 0.897166 0.516060
v 2.855055 0.897166 0.516060
v 2.855055 0.897166 0.516060
v 2.705055 0.897166 0.516060
v 2.705055 0.900091 0.523338
v 2.855055 0.897166 0.516060
v 2.705055 0.900091 0.523338
v 2.855055 0.900091 0.523338
v 2.855055 0.900091 0.523338
v 2.705055 0.900091 0.523338
v 2.705055 0.901708 0.531013
v 2.855055 0.900091 0.523338
v 2.705055 0.901708 0.531013
v 2.855055 0.901708 0.531013
v 2.855055 0.901708 0.531013
v 2.705055 0.901708 0.531013
v 2.705055 0.901968 0.538853
v 2.855055 0.901708 0.531013
v 2.705055 0.901968 0.538853
v 2.855055 0.901968 0.538853
v 2.855055 0.901968 0.538853
v 2.705055 0.901968 0.538853
v 2.705055 0.900862 0.546619
v 2.855055 0.901968 0.538853
v 2.705055 0.900862 0.546619
v 2.855055 0.900862 0.546619
v 2.855055 0.900862 0.546619
v 2.705055 0.900862 0.546619
v 2.705055 0.898424 0.554074
v 2.855055 0.900862 0.546619
v 2.705055 0.898424 0.554074
v 2.855055 0.898424 0.554074
v 2.705055 0.815831 0.632994
v 2.855055 0.815831 0.632994
v 2.855055 0.823286 0.635431
v 2.705055 0.815831 0.632994
v 2.855055 0.823286 0.635431
v 2.705055 0.823286 0.635431
v 2.705055 0.823286 0.635431
v 2.855055 0.823286 0.635431
v 2.855055 0.831052 0.636537
v 2.705055 0.823286 0.635431
v 2.855055 0.831052 0.636537
v 2.705055 0.831052 0.636537
v 2.705055 0.831052 0.636537
v 2.855055 0.831052 0.636537
v 2.855055 0.838892 0.636278
v 2.705055 0.831052 0.636537
v 2.855055 0.838892 0.636278
v 2.705055 0.838892 0.636278
v 2.705055 0.838892 0.636278
v 2.855055 0.838892 0.636278
v 2.855055 0.846567 0.634661
v 2.705055 0.838892 0.636278
v 2.855055 0.846567 0.634661
v 2.705055 0.846567 0.634661
v 2.705055 0.846567 0.634661
v 2.855055 0.846567 0.634661
v 2.855055 0.853845 0.631736
v 2.705055 0.846567 0.634661
v 2.855055 0.853845 0.631736
v 2.705055 0.853845 0.631736
v 2.705055 0.853845 0.631736
v 2.855055 0.853845 0.631736
v 2.855055 0.860505 0.627591
v 2.705055 0.853845 0.631736
v 2.855055 0.860505 0.627591
v 2.705055 0.860505 0.627591
v 2.705055 0.860505 0.627591
v 2.855055 0.860505 0.627591
v 2.855055 0.866344 0.622353
v 2.705055 0.860505 0.627591
v 2.855055 0.866344 0.622353
v 2.705055 0.866344 0.622353
v 2.705055 0.866344 0.622353
v 2.855055 0.866344 0.622353
v 2.855055 0.871184 0.616181
v 2.705055 0.866344 0.622353
v 2.855055 0.871184 0.616181
v 2.705055 0.871184 0.616181
v 2.705055 0.871184 0.616181
v 2.855055 0.871184 0.616181
v 2.855055 0.874880 0.609262
v 2.705055 0.871184 0.616181
v 2.855055 0.874880 0.609262
v 2.705055 0.874880 0.609262
vn 1.0000 -0.0000 -0.0000
vn -0.0000 -0.9198 -0.3924
vn -1.0000 -0.0000 -0.0000
vn 1.0000 -0.0001 -0.0000
vn -1.0000 0.0001 -0.0000
vn -1.0000 -0.0001 -0.0000
vn 1.0000 0.0001 -0.0000
vn 1.0000 -0.0004 -0.0000
vn 1.0000 0.0002 -0.0000
vn 1.0000 -0.0002 -0.0000
vn 1.0000 -0.0003 -0.0000
vn -0.0000 0.9198 0.3924
vn -1.0000 0.0002 -0.0000
vn -1.0000 -0.0002 -0.0000
vn -0.0000 -0.3924 0.9198
vn -0.0000 0.3924 -0.9198
vn -0.0000 -0.8821 -0.4711
vn -0.0000 -0.7869 -0.6171
vn -0.0000 -0.6678 -0.7444
vn -0.0000 -0.5284 -0.8490
vn -0.0000 -0.5283 -0.8490
vn -0.0000 -0.3729 -0.9279
vn -0.0000 -0.2061 -0.9785
vn -0.0000 -0.0331 -0.9995
vn -0.0000 0.1410 -0.9900
vn -0.0000 0.3108 -0.9505
vn -0.0000 0.4711 -0.8821
vn -0.0000 0.6171 -0.7869
vn -0.0000 0.7444 -0.6678
vn -0.0000 0.8490 -0.5284
vn -0.0000 0.8490 -0.5283
vn -0.0000 0.9279 -0.3729
vn -0.0000 0.9785 -0.2061
vn -0.0000 0.9995 -0.0331
vn -0.0000 0.9995 -0.0330
vn -0.0000 0.9900 0.1410
vn -0.0000 0.9505 0.3108
vn -0.0000 0.8821 0.4711
vn -0.0000 0.7869 0.6171
vn -0.0000 0.6677 0.7444
vn -0.0000 0.6678 0.7444
vn -0.0000 0.5284 0.8490
vn -0.0000 0.3729 0.9279
vn -0.0000 0.2061 0.9785
vn -0.0000 0.0331 0.9995
vn -0.0000 -0.1410 0.9900
vn -0.0000 -0.3107 0.9505
vn -0.0000 -0.3108 0.9505
vn -0.0000 -0.4711 0.8821
vn -0.0000 -0.6171 0.7869
vn -0.0000 -0.7444 0.6678
vn -0.0000 -0.8490 0.5283
vn -0.0000 -0.8490 0.5284
vn -0.0000 -0.9279 0.3729
vn -0.0000 -0.9785 0.2061
vn -0.0000 -0.9995 0.0331
vn -0.0000 -0.9900 -0.1410
vn -0.0000 -0.9505 -0.3108
vn -0.0000 -0.7869 -0.6170
vn -0.0000 -0.6677 -0.7444
vn -0.0000 0.7444 -0.6677
vn -0.0000 0.8491 -0.5283
vn -0.0000 0.6678 0.7443
vn -0.0000 0.5283 0.8490
vn -0.0000 -0.7443 0.6678
vn -0.0000 -0.8491 0.5283
vn -0.0000 -0.9995 0.0330
vn -0.0000 -0.9900 -0.1409
vn -0.0000 -0.2062 -0.9785
vn -0.0000 0.9785 -0.2062
vn -0.0000 -0.9278 0.3730
vn -0.0000 0.3190 -0.9477
vn -0.0000 0.1668 -0.9860
vn -0.0000 0.0106 -0.9999
vn -0.0000 -0.1460 -0.9893
vn -0.0000 -0.2990 -0.9543
vn -0.0000 -0.4446 -0.8957
vn -0.0000 -0.5792 -0.8152
vn -0.0000 -0.6996 -0.7145
vn -0.0000 -0.8028 -0.5963
vn -0.0000 -0.8862 -0.4634
vn -0.0000 -0.7444 0.6677
vn -0.0000 -0.9785 0.2062
vn -0.0000 -0.9505 -0.3107
vn -0.0000 -0.4634 0.8862
vn -0.0000 -0.5963 0.8028
vn -0.0000 -0.7145 0.6996
vn -0.0000 -0.8152 0.5792
vn -0.0000 -0.8957 0.4446
vn -0.0000 -0.9543 0.2990
vn -0.0000 -0.9893 0.1460
vn -0.0000 -0.9999 -0.0105
vn -0.0000 -0.9999 -0.0106
vn -0.0000 -0.9860 -0.1669
vn -0.0000 -0.9477 -0.3190
vn -0.0000 0.9505 0.3107
s 0
f 1//1 2//1 3//1
f 4//1 5//1 6//1
f 7//2 8//2 9//2
f 10//2 11//2 12//2
f 13//3 14//3 15//3
f 16//3 17//3 18//3
f 19//1 20//1 21//1
f 22//1 23//1 24//1
f 25//1 26//1 27//1
f 28//1 29//1 30//1
f 31//1 32//1 33//1
f 34//1 35//1 36//1
f 37//1 38//1 39//1
f 40//1 41//1 42//1
f 43//1 44//1 45//1
f 46//1 47//1 48//1
f 49//1 50//1 51//1
f 52//4 53//4 54//4
f 55//1 56//1 57//1
f 58//1 59//1 60//1
f 61//1 62//1 63//1
f 64//1 65//1 66//1
f 67//1 68//1 69//1
f 70//1 71//1 72//1
f 73//1 74//1 75//1
f 76//1 77//1 78//1
f 79//1 80//1 81//1
f 82//1 83//1 84//1
f 85//1 86//1 87//1
f 88//1 89//1 90//1
f 91//1 92//1 93//1
f 94//1 95//1 96//1
f 97//4 98//4 99//4
f 100//1 101//1 102//1
f 103//1 104//1 105//1
f 106//1 107//1 108//1
f 109//1 110//1 111//1
f 112//1 113//1 114//1
f 115//1 116//1 117//1
f 118//1 119//1 120//1
f 121//1 122//1 123//1
f 124//1 125//1 126//1
f 127//1 128//1 129//1
f 130//1 131//1 132//1
f 133//1 134//1 135//1
f 136//1 137//1 138//1
f 139//1 140//1 141//1
f 142//1 143//1 144//1
f 145//1 146//1 147//1
f 148//1 149//1 150//1
f 151//1 152//1 153//1
f 154//1 155//1 156//1
f 157//1 158//1 159//1
f 160//1 161//1 162//1
f 163//1 164//1 165//1
f 166//1 167//1 168//1
f 169//1 170//1 171//1
f 172//1 173//1 174//1
f 175//1 176//1 177//1
f 178//1 179//1 180//1
f 181//1 182//1 183//1
f 184//1 185//1 186//1
f 187//1 188//1 189//1
f 190//1 191//1 192//1
f 193//1 194//1 195//1
f 196//1 197//1 198//1
f 199//2 200//2 201//2
f 202//2 203//2 204//2
f 205//3 206//3 207//3
f 208//3 209//3 210//3
f 211//3 212//3 213//3
f 214//3 215//3 216//3
f 217//5 218//5 219//5
f 220//6 221//6 222//6
f 223//5 224//5 225//5
f 226//3 227//3 228//3
f 229//3 230//3 231//3
f 232//5 233//5 234//5
f 235//3 236//3 237//3
f 238//3 239//3 240//3
f 241//3 242//3 243//3
f 244//6 245//6 246//6
f 247//3 248//3 249//3
f 250//3 251//3 252//3
f 253//3 254//3 255//3
f 256//3 257//3 258//3
f 259//3 260//3 261//3
f 262//3 263//3 264//3
f 265//3 266//3 267//3
f 268//3 269//3 270//3
f 271//3 272//3 273//3
f 274//3 275//3 276//3
f 277//3 278//3 279//3
f 280//3 281//3 282//3
f 283//3 284//3 285//3
f 286//3 287//3 288//3
f 289//3 290//3 291//3
f 292//3 293//3 294//3
f 295//3 296//3 297//3
f 298//3 299//3 300//3
f 301//3 302//3 303//3
f 304//3 305//3 306//3
f 307//3 308//3 309//3
f 310//3 311//3 312//3
f 313//3 314//3 315//3
f 316//3 317//3 318//3
f 319//3 320//3 321//3
f 322//5 323//5 324//5
f 325//3 326//3 327//3
f 328//3 329//3 330//3
f 331//3 332//3 333//3
f 334//3 335//3 336//3
f 337//3 338//3 339//3
f 340//3 341//3 342//3
f 343//3 344//3 345//3
f 346//3 347//3 348//3
f 349//6 350//6 351//6
f 352//3 353//3 354//3
f 355//3 356//3 357//3
f 358//3 359//3 360//3
f 361//6 362//6 363//6
f 364//3 365//3 366//3
f 367//3 368//3 369//3
f 370//3 371//3 372//3
f 373//3 374//3 375//3
f 376//3 377//3 378//3
f 379//2 380//2 381//2
f 382//2 383//2 384//2
f 385//1 386//1 387//1
f 388//1 389//1 390//1
f 391//1 392//1 393//1
f 394//4 395//4 396//4
f 397//7 398//7 399//7
f 400//1 401//1 402//1
f 403//1 404//1 405//1
f 406//1 407//1 408//1
f 409//1 410//1 411//1
f 412//1 413//1 414//1
f 415//1 416//1 417//1
f 418//1 419//1 420//1
f 421//4 422//4 423//4
f 424//1 425//1 426//1
f 427//7 428//7 429//7
f 430//1 431//1 432//1
f 433//4 434//4 435//4
f 436//4 437//4 438//4
f 439//1 440//1 441//1
f 442//7 443//7 444//7
f 445//1 446//1 447//1
f 448//1 449//1 450//1
f 451//4 452//4 453//4
f 454//1 455//1 456//1
f 457//1 458//1 459//1
f 460//1 461//1 462//1
f 463//1 464//1 465//1
f 466//1 467//1 468//1
f 469//1 470//1 471//1
f 472//1 473//1 474//1
f 475//1 476//1 477//1
f 478//1 479//1 480//1
f 481//1 482//1 483//1
f 484//1 485//1 486//1
f 487//1 488//1 489//1
f 490//4 491//4 492//4
f 493//1 494//1 495//1
f 496//1 497//1 498//1
f 499//1 500//1 501//1
f 502//1 503//1 504//1
f 505//8 506//8 507//8
f 508//9 509//9 510//9
f 511//1 512//1 513//1
f 514//7 515//7 516//7
f 517//1 518//1 519//1
f 520//7 521//7 522//7
f 523//1 524//1 525//1
f 526//7 527//7 528//7
f 529//4 530//4 531//4
f 532//1 533//1 534//1
f 535//1 536//1 537//1
f 538//10 539//10 540//10
f 541//1 542//1 543//1
f 544//1 545//1 546//1
f 547//9 548//9 549//9
f 550//1 551//1 552//1
f 553//1 554//1 555//1
f 556//1 557//1 558//1
f 559//7 560//7 561//7
f 562//1 563//1 564//1
f 565//1 566//1 567//1
f 568//10 569//10 570//10
f 571//1 572//1 573//1
f 574//4 575//4 576//4
f 577//1 578//1 579//1
f 580//1 581//1 582//1
f 583//1 584//1 585//1
f 586//1 587//1 588//1
f 589//4 590//4 591//4
f 592//1 593//1 594//1
f 595//1 596//1 597//1
f 598//1 599//1 600//1
f 601//1 602//1 603//1
f 604//1 605//1 606//1
f 607//1 608//1 609//1
f 610//1 611//1 612//1
f 613//1 614//1 615//1
f 616//1 617//1 618//1
f 619//1 620//1 621//1
f 622//1 623//1 624//1
f 625//1 626//1 627//1
f 628//1 629//1 630//1
f 631//1 632//1 633//1
f 634//1 635//1 636//1
f 637//7 638//7 639//7
f 640//1 641//1 642//1
f 643//1 644//1 645//1
f 646//1 647//1 648//1
f 649//1 650//1 651//1
f 652//1 653//1 654//1
f 655//1 656//1 657//1
f 658//1 659//1 660//1
f 661//4 662//4 663//4
f 664//1 665//1 666//1
f 667//11 668//11 669//11
f 670//1 671//1 672//1
f 673//1 674//1 675//1
f 676//1 677//1 678//1
f 679//1 680//1 681//1
f 682//1 683//1 684//1
f 685//1 686//1 687//1
f 688//4 689//4 690//4
f 691//1 692//1 693//1
f 694//1 695//1 696//1
f 697//1 698//1 699//1
f 700//7 701//7 702//7
f 703//1 704//1 705//1
f 706//1 707//1 708//1
f 709//1 710//1 711//1
f 712//1 713//1 714//1
f 715//1 716//1 717//1
f 718//1 719//1 720//1
f 721//1 722//1 723//1
f 724//1 725//1 726//1
f 727//12 728//12 729//12
f 730//12 731//12 732//12
f 733//3 734//3 735//3
f 736//3 737//3 738//3
f 739//3 740//3 741//3
f 742//5 743//5 744//5
f 745//3 746//3 747//3
f 748//3 749//3 750//3
f 751//3 752//3 753//3
f 754//13 755//13 756//13
f 757//3 758//3 759//3
f 760//3 761//3 762//3
f 763//3 764//3 765//3
f 766//3 767//3 768//3
f 769//3 770//3 771//3
f 772//3 773//3 774//3
f 775//3 776//3 777//3
f 778//3 779//3 780//3
f 781//3 782//3 783//3
f 784//3 785//3 786//3
f 787//3 788//3 789//3
f 790//3 791//3 792//3
f 793//13 794//13 795//13
f 796//3 797//3 798//3
f 799//3 800//3 801//3
f 802//3 803//3 804//3
f 805//6 806//6 807//6
f 808//5 809//5 810//5
f 811//6 812//6 813//6
f 814//3 815//3 816//3
f 817//3 818//3 819//3
f 820//5 821//5 822//5
f 823//3 824//3 825//3
f 826//6 827//6 828//6
f 829//3 830//3 831//3
f 832//3 833//3 834//3
f 835//3 836//3 837//3
f 838//3 839//3 840//3
f 841//3 842//3 843//3
f 844//3 845//3 846//3
f 847//3 848//3 849//3
f 850//3 851//3 852//3
f 853//3 854//3 855//3
f 856//3 857//3 858//3
f 859//3 860//3 861//3
f 862//3 863//3 864//3
f 865//3 866//3 867//3
f 868//3 869//3 870//3
f 871//3 872//3 873//3
f 874//6 875//6 876//6
f 877//3 878//3 879//3
f 880//3 881//3 882//3
f 883//3 884//3 885//3
f 886//3 887//3 888//3
f 889//3 890//3 891//3
f 892//3 893//3 894//3
f 895//3 896//3 897//3
f 898//3 899//3 900//3
f 901//3 902//3 903//3
f 904//3 905//3 906//3
f 907//12 908//12 909//12
f 910//12 911//12 912//12
f 913//1 914//1 915//1
f 916//1 917//1 918//1
f 919//7 920//7 921//7
f 922//1 923//1 924//1
f 925//1 926//1 927//1
f 928//1 929//1 930//1
f 931//1 932//1 933//1
f 934//1 935//1 936//1
f 937//1 938//1 939//1
f 940//1 941//1 942//1
f 943//1 944//1 945//1
f 946//1 947//1 948//1
f 949//1 950//1 951//1
f 952//1 953//1 954//1
f 955//4 956//4 957//4
f 958//1 959//1 960//1
f 961//1 962//1 963//1
f 964//1 965//1 966//1
f 967//1 968//1 969//1
f 970//1 971//1 972//1
f 973//1 974//1 975//1
f 976//1 977//1 978//1
f 979//1 980//1 981//1
f 982//1 983//1 984//1
f 985//1 986//1 987//1
f 988//1 989//1 990//1
f 991//1 992//1 993//1
f 994//1 995//1 996//1
f 997//1 998//1 999//1
f 1000//1 1001//1 1002//1
f 1003//1 1004//1 1005//1
f 1006//1 1007//1 1008//1
f 1009//1 1010//1 1011//1
f 1012//1 1013//1 1014//1
f 1015//1 1016//1 1017//1
f 1018//1 1019//1 1020//1
f 1021//1 1022//1 1023//1
f 1024//1 1025//1 1026//1
f 1027//1 1028//1 1029//1
f 1030//1 1031//1 1032//1
f 1033//1 1034//1 1035//1
f 1036//1 1037//1 1038//1
f 1039//1 1040//1 1041//1
f 1042//1 1043//1 1044//1
f 1045//1 1046//1 1047//1
f 1048//1 1049//1 1050//1
f 1051//1 1052//1 1053//1
f 1054//1 1055//1 1056//1
f 1057//1 1058//1 1059//1
f 1060//1 1061//1 1062//1
f 1063//1 1064//1 1065//1
f 1066//1 1067//1 1068//1
f 1069//1 1070//1 1071//1
f 1072//1 1073//1 1074//1
f 1075//1 1076//1 1077//1
f 1078//1 1079//1 1080//1
f 1081//1 1082//1 1083//1
f 1084//1 1085//1 1086//1
f 1087//12 1088//12 1089//12
f 1090//12 1091//12 1092//12
f 1093//3 1094//3 1095//3
f 1096//3 1097//3 1098//3
f 1099//3 1100//3 1101//3
f 1102//3 1103//3 1104//3
f 1105//3 1106//3 1107//3
f 1108//3 1109//3 1110//3
f 1111//3 1112//3 1113//3
f 1114//3 1115//3 1116//3
f 1117//3 1118//3 1119//3
f 1120//3 1121//3 1122//3
f 1123//6 1124//6 1125//6
f 1126//3 1127//3 1128//3
f 1129//3 1130//3 1131//3
f 1132//3 1133//3 1134//3
f 1135//3 1136//3 1137//3
f 1138//3 1139//3 1140//3
f 1141//3 1142//3 1143//3
f 1144//3 1145//3 1146//3
f 1147//3 1148//3 1149//3
f 1150//3 1151//3 1152//3
f 1153//3 1154//3 1155//3
f 1156//3 1157//3 1158//3
f 1159//3 1160//3 1161//3
f 1162//3 1163//3 1164//3
f 1165//3 1166//3 1167//3
f 1168//3 1169//3 1170//3
f 1171//3 1172//3 1173//3
f 1174//3 1175//3 1176//3
f 1177//3 1178//3 1179//3
f 1180//3 1181//3 1182//3
f 1183//3 1184//3 1185//3
f 1186//3 1187//3 1188//3
f 1189//3 1190//3 1191//3
f 1192//3 1193//3 1194//3
f 1195//3 1196//3 1197//3
f 1198//3 1199//3 1200//3
f 1201//3 1202//3 1203//3
f 1204//3 1205//3 1206//3
f 1207//3 1208//3 1209//3
f 1210//3 1211//3 1212//3
f 1213//3 1214//3 1215//3
f 1216//3 1217//3 1218//3
f 1219//3 1220//3 1221//3
f 1222//3 1223//3 1224//3
f 1225//3 1226//3 1227//3
f 1228//3 1229//3 1230//3
f 1231//3 1232//3 1233//3
f 1234//3 1235//3 1236//3
f 1237//3 1238//3 1239//3
f 1240//3 1241//3 1242//3
f 1243//3 1244//3 1245//3
f 1246//3 1247//3 1248//3
f 1249//3 1250//3 1251//3
f 1252//3 1253//3 1254//3
f 1255//6 1256//6 1257//6
f 1258//5 1259//5 1260//5
f 1261//3 1262//3 1263//3
f 1264//5 1265//5 1266//5
f 1267//3 1268//3 1269//3
f 1270//3 1271//3 1272//3
f 1273//3 1274//3 1275//3
f 1276//3 1277//3 1278//3
f 1279//3 1280//3 1281//3
f 1282//14 1283//14 1284//14
f 1285//3 1286//3 1287//3
f 1288//3 1289//3 1290//3
f 1291//3 1292//3 1293//3
f 1294//3 1295//3 1296//3
f 1297//3 1298//3 1299//3
f 1300//3 1301//3 1302//3
f 1303//3 1304//3 1305//3
f 1306//3 1307//3 1308//3
f 1309//3 1310//3 1311//3
f 1312//3 1313//3 1314//3
f 1315//3 1316//3 1317//3
f 1318//3 1319//3 1320//3
f 1321//3 1322//3 1323//3
f 1324//3 1325//3 1326//3
f 1327//3 1328//3 1329//3
f 1330//3 1331//3 1332//3
f 1333//3 1334//3 1335//3
f 1336//3 1337//3 1338//3
f 1339//3 1340//3 1341//3
f 1342//3 1343//3 1344//3
f 1345//3 1346//3 1347//3
f 1348//3 1349//3 1350//3
f 1351//3 1352//3 1353//3
f 1354//3 1355//3 1356//3
f 1357//3 1358//3 1359//3
f 1360//3 1361//3 1362//3
f 1363//13 1364//13 1365//13
f 1366//3 1367//3 1368//3
f 1369//3 1370//3 1371//3
f 1372//3 1373//3 1374//3
f 1375//6 1376//6 1377//6
f 1378//3 1379//3 1380//3
f 1381//3 1382//3 1383//3
f 1384//3 1385//3 1386//3
f 1387//3 1388//3 1389//3
f 1390//3 1391//3 1392//3
f 1393//3 1394//3 1395//3
f 1396//3 1397//3 1398//3
f 1399//3 1400//3 1401//3
f 1402//3 1403//3 1404//3
f 1405//3 1406//3 1407//3
f 1408//3 1409//3 1410//3
f 1411//3 1412//3 1413//3
f 1414//3 1415//3 1416//3
f 1417//3 1418//3 1419//3
f 1420//3 1421//3 1422//3
f 1423//3 1424//3 1425//3
f 1426//3 1427//3 1428//3
f 1429//3 1430//3 1431//3
f 1432//3 1433//3 1434//3
f 1435//3 1436//3 1437//3
f 1438//3 1439//3 1440//3
f 1441//3 1442//3 1443//3
f 1444//3 1445//3 1446//3
f 1447//12 1448//12 1449//12
f 1450//12 1451//12 1452//12
f 1453//1 1454//1 1455//1
f 1456//1 1457//1 1458//1
f 1459//2 1460//2 1461//2
f 1462//2 1463//2 1464//2
f 1465//2 1466//2 1467//2
f 1468//2 1469//2 1470//2
f 1471//12 1472//12 1473//12
f 1474//12 1475//12 1476//12
f 1477//15 1478//15 1479//15
f 1480//15 1481//15 1482//15
f 1483//15 1484//15 1485//15
f 1486//15 1487//15 1488//15
f 1489//15 1490//15 1491//15
f 1492//15 1493//15 1494//15
f 1495//15 1496//15 1497//15
f 1498//15 1499//15 1500//15
f 1501//15 1502//15 1503//15
f 1504//15 1505//15 1506//15
f 1507//15 1508//15 1509//15
f 1510//15 1511//15 1512//15
f 1513//15 1514//15 1515//15
f 1516//15 1517//15 1518//15
f 1519//15 1520//15 1521//15
f 1522//15 1523//15 1524//15
f 1525//15 1526//15 1527//15
f 1528//15 1529//15 1530//15
f 1531//15 1532//15 1533//15
f 1534//15 1535//15 1536//15
f 1537//15 1538//15 1539//15
f 1540//15 1541//15 1542//15
f 1543//16 1544//16 1545//16
f 1546//16 1547//16 1548//16
f 1549//16 1550//16 1551//16
f 1552//16 1553//16 1554//16
f 1555//16 1556//16 1557//16
f 1558//16 1559//16 1560//16
f 1561//16 1562//16 1563//16
f 1564//16 1565//16 1566//16
f 1567//16 1568//16 1569//16
f 1570//16 1571//16 1572//16
f 1573//16 1574//16 1575//16
f 1576//16 1577//16 1578//16
f 1579//16 1580//16 1581//16
f 1582//16 1583//16 1584//16
f 1585//16 1586//16 1587//16
f 1588//16 1589//16 1590//16
f 1591//16 1592//16 1593//16
f 1594//16 1595//16 1596//16
f 1597//16 1598//16 1599//16
f 1600//16 1601//16 1602//16
f 1603//16 1604//16 1605//16
f 1606//16 1607//16 1608//16
f 1609//17 1610//17 1611//17
f 1612//17 1613//17 1614//17
f 1615//18 1616//18 1617//18
f 1618//18 1619//18 1620//18
f 1621//19 1622//19 1623//19
f 1624//19 1625//19 1626//19
f 1627//20 1628//20 1629//20
f 1630//21 1631//21 1632//21
f 1633//22 1634//22 1635//22
f 1636//22 1637//22 1638//22
f 1639//23 1640//23 1641//23
f 1642//23 1643//23 1644//23
f 1645//24 1646//24 1647//24
f 1648//24 1649//24 1650//24
f 1651//25 1652//25 1653//25
f 1654//25 1655//25 1656//25
f 1657//26 1658//26 1659//26
f 1660//26 1661//26 1662//26
f 1663//27 1664//27 1665//27
f 1666//27 1667//27 1668//27
f 1669//28 1670//28 1671//28
f 1672//28 1673//28 1674//28
f 1675//29 1676//29 1677//29
f 1678//29 1679//29 1680//29
f 1681//30 1682//30 1683//30
f 1684//31 1685//31 1686//31
f 1687//32 1688//32 1689//32
f 1690//32 1691//32 1692//32
f 1693//33 1694//33 1695//33
f 1696//33 1697//33 1698//33
f 1699//34 1700//34 1701//34
f 1702//35 1703//35 1704//35
f 1705//36 1706//36 1707//36
f 1708//36 1709//36 1710//36
f 1711//37 1712//37 1713//37
f 1714//37 1715//37 1716//37
f 1717//38 1718//38 1719//38
f 1720//38 1721//38 1722//38
f 1723//39 1724//39 1725//39
f 1726//39 1727//39 1728//39
f 1729//40 1730//40 1731//40
f 1732//41 1733//41 1734//41
f 1735//42 1736//42 1737//42
f 1738//42 1739//42 1740//42
f 1741//43 1742//43 1743//43
f 1744//43 1745//43 1746//43
f 1747//44 1748//44 1749//44
f 1750//44 1751//44 1752//44
f 1753//45 1754//45 1755//45
f 1756//45 1757//45 1758//45
f 1759//46 1760//46 1761//46
f 1762//46 1763//46 1764//46
f 1765//47 1766//47 1767//47
f 1768//48 1769//48 1770//48
f 1771//49 1772//49 1773//49
f 1774//49 1775//49 1776//49
f 1777//50 1778//50 1779//50
f 1780//50 1781//50 1782//50
f 1783//51 1784//51 1785//51
f 1786//51 1787//51 1788//51
f 1789//52 1790//52 1791//52
f 1792//53 1793//53 1794//53
f 1795//54 1796//54 1797//54
f 1798//54 1799//54 1800//54
f 1801//55 1802//55 1803//55
f 1804//55 1805//55 1806//55
f 1807//56 1808//56 1809//56
f 1810//56 1811//56 1812//56
f 1813//57 1814//57 1815//57
f 1816//57 1817//57 1818//57
f 1819//58 1820//58 1821//58
f 1822//58 1823//58 1824//58
f 1825//17 1826//17 1827//17
f 1828//17 1829//17 1830//17
f 1831//59 1832//59 1833//59
f 1834//18 1835//18 1836//18
f 1837//19 1838//19 1839//19
f 1840//60 1841//60 1842//60
f 1843//20 1844//20 1845//20
f 1846//20 1847//20 1848//20
f 1849//22 1850//22 1851//22
f 1852//22 1853//22 1854//22
f 1855//23 1856//23 1857//23
f 1858//23 1859//23 1860//23
f 1861//24 1862//24 1863//24
f 1864//24 1865//24 1866//24
f 1867//25 1868//25 1869//25
f 1870//25 1871//25 1872//25
f 1873//26 1874//26 1875//26
f 1876//26 1877//26 1878//26
f 1879//27 1880//27 1881//27
f 1882//27 1883//27 1884//27
f 1885//28 1886//28 1887//28
f 1888//28 1889//28 1890//28
f 1891//29 1892//29 1893//29
f 1894//61 1895//61 1896//61
f 1897//30 1898//30 1899//30
f 1900//62 1901//62 1902//62
f 1903//32 1904//32 1905//32
f 1906//32 1907//32 1908//32
f 1909//33 1910//33 1911//33
f 1912//33 1913//33 1914//33
f 1915//34 1916//34 1917//34
f 1918//35 1919//35 1920//35
f 1921//36 1922//36 1923//36
f 1924//36 1925//36 1926//36
f 1927//37 1928//37 1929//37
f 1930//37 1931//37 1932//37
f 1933//38 1934//38 1935//38
f 1936//38 1937//38 1938//38
f 1939//39 1940//39 1941//39
f 1942//39 1943//39 1944//39
f 1945//63 1946//63 1947//63
f 1948//63 1949//63 1950//63
f 1951//64 1952//64 1953//64
f 1954//64 1955//64 1956//64
f 1957//43 1958//43 1959//43
f 1960//43 1961//43 1962//43
f 1963//44 1964//44 1965//44
f 1966//44 1967//44 1968//44
f 1969//45 1970//45 1971//45
f 1972//45 1973//45 1974//45
f 1975//46 1976//46 1977//46
f 1978//46 1979//46 1980//46
f 1981//47 1982//47 1983//47
f 1984//48 1985//48 1986//48
f 1987//49 1988//49 1989//49
f 1990//49 1991//49 1992//49
f 1993//50 1994//50 1995//50
f 1996//50 1997//50 1998//50
f 1999//51 2000//51 2001//51
f 2002//65 2003//65 2004//65
f 2005//53 2006//53 2007//53
f 2008//66 2009//66 2010//66
f 2011//54 2012//54 2013//54
f 2014//54 2015//54 2016//54
f 2017//55 2018//55 2019//55
f 2020//55 2021//55 2022//55
f 2023//56 2024//56 2025//56
f 2026//67 2027//67 2028//67
f 2029//68 2030//68 2031//68
f 2032//68 2033//68 2034//68
f 2035//58 2036//58 2037//58
f 2038//58 2039//58 2040//58
f 2041//17 2042//17 2043//17
f 2044//17 2045//17 2046//17
f 2047//18 2048//18 2049//18
f 2050//18 2051//18 2052//18
f 2053//19 2054//19 2055//19
f 2056//19 2057//19 2058//19
f 2059//20 2060//20 2061//20
f 2062//20 2063//20 2064//20
f 2065//22 2066//22 2067//22
f 2068//22 2069//22 2070//22
f 2071//23 2072//23 2073//23
f 2074//23 2075//23 2076//23
f 2077//24 2078//24 2079//24
f 2080//24 2081//24 2082//24
f 2083//25 2084//25 2085//25
f 2086//25 2087//25 2088//25
f 2089//26 2090//26 2091//26
f 2092//26 2093//26 2094//26
f 2095//27 2096//27 2097//27
f 2098//27 2099//27 2100//27
f 2101//28 2102//28 2103//28
f 2104//28 2105//28 2106//28
f 2107//29 2108//29 2109//29
f 2110//29 2111//29 2112//29
f 2113//30 2114//30 2115//30
f 2116//31 2117//31 2118//31
f 2119//32 2120//32 2121//32
f 2122//32 2123//32 2124//32
f 2125//33 2126//33 2127//33
f 2128//33 2129//33 2130//33
f 2131//34 2132//34 2133//34
f 2134//35 2135//35 2136//35
f 2137//36 2138//36 2139//36
f 2140//36 2141//36 2142//36
f 2143//37 2144//37 2145//37
f 2146//37 2147//37 2148//37
f 2149//38 2150//38 2151//38
f 2152//38 2153//38 2154//38
f 2155//39 2156//39 2157//39
f 2158//39 2159//39 2160//39
f 2161//40 2162//40 2163//40
f 2164//63 2165//63 2166//63
f 2167//42 2168//42 2169//42
f 2170//42 2171//42 2172//42
f 2173//43 2174//43 2175//43
f 2176//43 2177//43 2178//43
f 2179//44 2180//44 2181//44
f 2182//44 2183//44 2184//44
f 2185//45 2186//45 2187//45
f 2188//45 2189//45 2190//45
f 2191//46 2192//46 2193//46
f 2194//46 2195//46 2196//46
f 2197//47 2198//47 2199//47
f 2200//48 2201//48 2202//48
f 2203//49 2204//49 2205//49
f 2206//49 2207//49 2208//49
f 2209//50 2210//50 2211//50
f 2212//50 2213//50 2214//50
f 2215//51 2216//51 2217//51
f 2218//51 2219//51 2220//51
f 2221//53 2222//53 2223//53
f 2224//52 2225//52 2226//52
f 2227//54 2228//54 2229//54
f 2230//54 2231//54 2232//54
f 2233//55 2234//55 2235//55
f 2236//55 2237//55 2238//55
f 2239//56 2240//56 2241//56
f 2242//56 2243//56 2244//56
f 2245//57 2246//57 2247//57
f 2248//57 2249//57 2250//57
f 2251//58 2252//58 2253//58
f 2254//58 2255//58 2256//58
f 2257//17 2258//17 2259//17
f 2260//17 2261//17 2262//17
f 2263//18 2264//18 2265//18
f 2266//18 2267//18 2268//18
f 2269//19 2270//19 2271//19
f 2272//60 2273//60 2274//60
f 2275//20 2276//20 2277//20
f 2278//20 2279//20 2280//20
f 2281//22 2282//22 2283//22
f 2284//22 2285//22 2286//22
f 2287//23 2288//23 2289//23
f 2290//69 2291//69 2292//69
f 2293//24 2294//24 2295//24
f 2296//24 2297//24 2298//24
f 2299//25 2300//25 2301//25
f 2302//25 2303//25 2304//25
f 2305//26 2306//26 2307//26
f 2308//26 2309//26 2310//26
f 2311//27 2312//27 2313//27
f 2314//27 2315//27 2316//27
f 2317//28 2318//28 2319//28
f 2320//28 2321//28 2322//28
f 2323//29 2324//29 2325//29
f 2326//61 2327//61 2328//61
f 2329//30 2330//30 2331//30
f 2332//62 2333//62 2334//62
f 2335//32 2336//32 2337//32
f 2338//32 2339//32 2340//32
f 2341//33 2342//33 2343//33
f 2344//70 2345//70 2346//70
f 2347//34 2348//34 2349//34
f 2350//34 2351//34 2352//34
f 2353//36 2354//36 2355//36
f 2356//36 2357//36 2358//36
f 2359//37 2360//37 2361//37
f 2362//37 2363//37 2364//37
f 2365//38 2366//38 2367//38
f 2368//38 2369//38 2370//38
f 2371//39 2372//39 2373//39
f 2374//39 2375//39 2376//39
f 2377//63 2378//63 2379//63
f 2380//63 2381//63 2382//63
f 2383//64 2384//64 2385//64
f 2386//64 2387//64 2388//64
f 2389//43 2390//43 2391//43
f 2392//43 2393//43 2394//43
f 2395//44 2396//44 2397//44
f 2398//44 2399//44 2400//44
f 2401//45 2402//45 2403//45
f 2404//45 2405//45 2406//45
f 2407//46 2408//46 2409//46
f 2410//46 2411//46 2412//46
f 2413//47 2414//47 2415//47
f 2416//48 2417//48 2418//48
f 2419//49 2420//49 2421//49
f 2422//49 2423//49 2424//49
f 2425//50 2426//50 2427//50
f 2428//50 2429//50 2430//50
f 2431//51 2432//51 2433//51
f 2434//65 2435//65 2436//65
f 2437//52 2438//52 2439//52
f 2440//52 2441//52 2442//52
f 2443//54 2444//54 2445//54
f 2446//71 2447//71 2448//71
f 2449//55 2450//55 2451//55
f 2452//55 2453//55 2454//55
f 2455//67 2456//67 2457//67
f 2458//56 2459//56 2460//56
f 2461//57 2462//57 2463//57
f 2464//68 2465//68 2466//68
f 2467//58 2468//58 2469//58
f 2470//58 2471//58 2472//58
f 2473//26 2474//26 2475//26
f 2476//26 2477//26 2478//26
f 2479//25 2480//25 2481//25
f 2482//25 2483//25 2484//25
f 2485//24 2486//24 2487//24
f 2488//24 2489//24 2490//24
f 2491//23 2492//23 2493//23
f 2494//23 2495//23 2496//23
f 2497//22 2498//22 2499//22
f 2500//22 2501//22 2502//22
f 2503//20 2504//20 2505//20
f 2506//20 2507//20 2508//20
f 2509//19 2510//19 2511//19
f 2512//19 2513//19 2514//19
f 2515//18 2516//18 2517//18
f 2518//18 2519//18 2520//18
f 2521//17 2522//17 2523//17
f 2524//17 2525//17 2526//17
f 2527//72 2528//72 2529//72
f 2530//72 2531//72 2532//72
f 2533//73 2534//73 2535//73
f 2536//73 2537//73 2538//73
f 2539//74 2540//74 2541//74
f 2542//74 2543//74 2544//74
f 2545//75 2546//75 2547//75
f 2548//75 2549//75 2550//75
f 2551//76 2552//76 2553//76
f 2554//76 2555//76 2556//76
f 2557//77 2558//77 2559//77
f 2560//77 2561//77 2562//77
f 2563//78 2564//78 2565//78
f 2566//78 2567//78 2568//78
f 2569//79 2570//79 2571//79
f 2572//79 2573//79 2574//79
f 2575//80 2576//80 2577//80
f 2578//80 2579//80 2580//80
f 2581//81 2582//81 2583//81
f 2584//81 2585//81 2586//81
f 2587//49 2588//49 2589//49
f 2590//49 2591//49 2592//49
f 2593//50 2594//50 2595//50
f 2596//50 2597//50 2598//50
f 2599//51 2600//51 2601//51
f 2602//82 2603//82 2604//82
f 2605//53 2606//53 2607//53
f 2608//53 2609//53 2610//53
f 2611//54 2612//54 2613//54
f 2614//54 2615//54 2616//54
f 2617//83 2618//83 2619//83
f 2620//55 2621//55 2622//55
f 2623//56 2624//56 2625//56
f 2626//56 2627//56 2628//56
f 2629//57 2630//57 2631//57
f 2632//57 2633//57 2634//57
f 2635//58 2636//58 2637//58
f 2638//84 2639//84 2640//84
f 2641//85 2642//85 2643//85
f 2644//85 2645//85 2646//85
f 2647//86 2648//86 2649//86
f 2650//86 2651//86 2652//86
f 2653//87 2654//87 2655//87
f 2656//87 2657//87 2658//87
f 2659//88 2660//88 2661//88
f 2662//88 2663//88 2664//88
f 2665//89 2666//89 2667//89
f 2668//89 2669//89 2670//89
f 2671//90 2672//90 2673//90
f 2674//90 2675//90 2676//90
f 2677//91 2678//91 2679//91
f 2680//91 2681//91 2682//91
f 2683//92 2684//92 2685//92
f 2686//93 2687//93 2688//93
f 2689//94 2690//94 2691//94
f 2692//94 2693//94 2694//94
f 2695//95 2696//95 2697//95
f 2698//95 2699//95 2700//95
f 2701//27 2702//27 2703//27
f 2704//27 2705//27 2706//27
f 2707//28 2708//28 2709//28
f 2710//28 2711//28 2712//28
f 2713//29 2714//29 2715//29
f 2716//29 2717//29 2718//29
f 2719//30 2720//30 2721//30
f 2722//30 2723//30 2724//30
f 2725//32 2726//32 2727//32
f 2728//32 2729//32 2730//32
f 2731//33 2732//33 2733//33
f 2734//33 2735//33 2736//33
f 2737//34 2738//34 2739//34
f 2740//34 2741//34 2742//34
f 2743//36 2744//36 2745//36
f 2746//36 2747//36 2748//36
f 2749//96 2750//96 2751//96
f 2752//37 2753//37 2754//37
f 2755//48 2756//48 2757//48
f 2758//48 2759//48 2760//48
f 2761//46 2762//46 2763//46
f 2764//46 2765//46 2766//46
f 2767//45 2768//45 2769//45
f 2770//45 2771//45 2772//45
f 2773//44 2774//44 2775//44
f 2776//44 2777//44 2778//44
f 2779//43 2780//43 2781//43
f 2782//43 2783//43 2784//43
f 2785//42 2786//42 2787//42
f 2788//42 2789//42 2790//42
f 2791//41 2792//41 2793//41
f 2794//41 2795//41 2796//41
f 2797//39 2798//39 2799//39
f 2800//39 2801//39 2802//39
f 2803//38 2804//38 2805//38
f 2806//38 2807//38 2808//38
f 2809//27 2810//27 2811//27
f 2812//27 2813//27 2814//27
f 2815//28 2816//28 2817//28
f 2818//28 2819//28 2820//28
f 2821//29 2822//29 2823//29
f 2824//29 2825//29 2826//29
f 2827//30 2828//30 2829//30
f 2830//30 2831//30 2832//30
f 2833//32 2834//32 2835//32
f 2836//32 2837//32 2838//32
f 2839//33 2840//33 2841//33
f 2842//33 2843//33 2844//33
f 2845//34 2846//34 2847//34
f 2848//34 2849//34 2850//34
f 2851//36 2852//36 2853//36
f 2854//36 2855//36 2856//36
f 2857//37 2858//37 2859//37
f 2860//96 2861//96 2862//96
f 2863//48 2864//48 2865//48
f 2866//48 2867//48 2868//48
f 2869//46 2870//46 2871//46
f 2872//46 2873//46 2874//46
f 2875//45 2876//45 2877//45
f 2878//45 2879//45 2880//45
f 2881//44 2882//44 2883//44
f 2884//44 2885//44 2886//44
f 2887//43 2888//43 2889//43
f 2890//43 2891//43 2892//43
f 2893//42 2894//42 2895//42
f 2896//42 2897//42 2898//42
f 2899//41 2900//41 2901//41
f 2902//41 2903//41 2904//41
f 2905//39 2906//39 2907//39
f 2908//39 2909//39 2910//39
f 2911//38 2912//38 2913//38
f 2914//38 2915//38 2916//38
o loader_bucket_world.stl
v 1.580055 -1.371185 0.059908
v 1.580055 -1.292094 0.094493
v 1.550055 -1.371185 0.059908
v 1.550055 -1.292094 0.094493
v 2.285055 -1.371185 0.059908
v 2.285055 -1.292094 0.094493
v 2.255055 -1.371185 0.059908
v 2.255055 -1.292094 0.094493
v 1.655055 -1.371185 0.059908
v 1.655055 -1.292094 0.094493
v 1.625055 -1.371185 0.059908
v 1.625055 -1.292094 0.094493
v 2.360055 -1.371185 0.059908
v 2.360055 -1.292094 0.094493
v 2.330055 -1.371185 0.059908
v 2.330055 -1.292094 0.094493
v 1.580055 -1.267245 0.090289
v 1.580055 -1.243165 0.067971
v 1.550055 -1.267245 0.090289
v 1.550055 -1.243165 0.067971
v 2.285055 -1.267245 0.090289
v 2.285055 -1.243165 0.067971
v 2.255055 -1.267245 0.090289
v 2.255055 -1.243165 0.067971
v 1.655055 -1.267245 0.090289
v 1.655055 -1.243165 0.067971
v 1.625055 -1.267245 0.090289
v 1.625055 -1.243165 0.067971
v 2.360055 -1.267245 0.090289
v 2.360055 -1.243165 0.067971
v 2.330055 -1.267245 0.090289
v 2.330055 -1.243165 0.067971
v 1.580055 -1.239230 0.039018
v 1.580055 -1.308418 -0.073027
v 1.550055 -1.239230 0.039018
v 1.550055 -1.308418 -0.073027
v 2.285055 -1.239230 0.039018
v 2.285055 -1.308418 -0.073027
v 2.255055 -1.239230 0.039018
v 2.255055 -1.308418 -0.073027
v 1.655055 -1.239230 0.039018
v 1.655055 -1.308418 -0.073027
v 1.625055 -1.239230 0.039018
v 1.625055 -1.308418 -0.073027
v 2.360055 -1.239230 0.039018
v 2.360055 -1.308418 -0.073027
v 2.330055 -1.239230 0.039018
v 2.330055 -1.308418 -0.073027
v 1.580055 -1.388833 0.053844
v 1.550055 -1.388833 0.053844
v 1.580055 -1.407229 0.050713
v 1.550055 -1.407229 0.050713
v 1.580055 -1.425889 0.050599
v 1.550055 -1.425889 0.050599
v 1.580055 -1.444322 0.053504
v 1.550055 -1.444322 0.053504
v 1.580055 -1.462042 0.059352
v 1.550055 -1.462042 0.059352
v 1.580055 -1.469975 0.063068
v 2.255055 -1.469975 0.063068
v 1.655055 -1.469975 0.063068
v 0.605055 -1.478583 0.067990
v 1.550055 -1.469975 0.063068
v 0.605055 -1.469975 0.063068
v 1.655055 -1.388833 0.053844
v 1.625055 -1.388833 0.053844
v 1.655055 -1.407229 0.050713
v 1.625055 -1.407229 0.050713
v 1.655055 -1.425889 0.050599
v 1.625055 -1.425889 0.050599
v 1.655055 -1.444322 0.053504
v 1.625055 -1.444322 0.053504
v 1.655055 -1.462042 0.059352
v 1.625055 -1.462042 0.059352
v 1.625055 -1.469975 0.063068
v 2.285055 -1.388833 0.053844
v 2.255055 -1.388833 0.053844
v 2.285055 -1.407229 0.050713
v 2.255055 -1.407229 0.050713
v 2.285055 -1.425889 0.050599
v 2.255055 -1.425889 0.050599
v 2.285055 -1.444322 0.053504
v 2.255055 -1.444322 0.053504
v 2.285055 -1.462042 0.059352
v 2.255055 -1.462042 0.059352
v 2.285055 -1.469975 0.063068
v 2.360055 -1.388833 0.053844
v 2.330055 -1.388833 0.053844
v 2.360055 -1.407229 0.050713
v 2.330055 -1.407229 0.050713
v 2.360055 -1.425889 0.050599
v 2.330055 -1.425889 0.050599
v 2.360055 -1.444322 0.053504
v 2.330055 -1.444322 0.053504
v 2.360055 -1.462042 0.059352
v 2.330055 -1.462042 0.059352
v 2.360055 -1.469975 0.063068
v 2.330055 -1.469975 0.063068
v 3.305055 -1.469975 0.063068
v 3.305055 -1.478583 0.067990
v 3.305055 -1.493510 0.079188
v 0.605055 -1.493510 0.079188
v 1.580055 -1.318008 -0.174458
v 1.550055 -1.318008 -0.174458
v 1.580055 -1.323002 -0.157609
v 1.550055 -1.323002 -0.157609
v 1.580055 -1.325371 -0.140194
v 1.550055 -1.325371 -0.140194
v 1.580055 -1.325058 -0.122623
v 1.550055 -1.325058 -0.122623
v 1.580055 -1.322072 -0.105304
v 1.550055 -1.322072 -0.105304
v 1.580055 -1.316481 -0.088642
v 1.550055 -1.316481 -0.088642
v 2.285055 -1.318008 -0.174458
v 2.255055 -1.318008 -0.174458
v 2.285055 -1.323002 -0.157609
v 2.255055 -1.323002 -0.157609
v 2.285055 -1.325371 -0.140194
v 2.255055 -1.325371 -0.140194
v 2.285055 -1.325058 -0.122623
v 2.255055 -1.325058 -0.122623
v 2.285055 -1.322072 -0.105304
v 2.255055 -1.322072 -0.105304
v 2.285055 -1.316481 -0.088642
v 2.255055 -1.316481 -0.088642
v 1.655055 -1.318008 -0.174458
v 1.625055 -1.318008 -0.174458
v 1.655055 -1.323002 -0.157609
v 1.625055 -1.323002 -0.157609
v 1.655055 -1.325371 -0.140194
v 1.625055 -1.325371 -0.140194
v 1.655055 -1.325058 -0.122623
v 1.625055 -1.325058 -0.122623
v 1.655055 -1.322072 -0.105304
v 1.625055 -1.322072 -0.105304
v 1.655055 -1.316481 -0.088642
v 1.625055 -1.316481 -0.088642
v 2.360055 -1.318008 -0.174458
v 2.330055 -1.318008 -0.174458
v 2.360055 -1.323002 -0.157609
v 2.330055 -1.323002 -0.157609
v 2.360055 -1.325371 -0.140194
v 2.330055 -1.325371 -0.140194
v 2.360055 -1.325058 -0.122623
v 2.330055 -1.325058 -0.122623
v 2.360055 -1.322072 -0.105304
v 2.330055 -1.322072 -0.105304
v 2.360055 -1.316481 -0.088642
v 2.330055 -1.316481 -0.088642
v 1.580055 -1.288493 0.095725
v 1.550055 -1.288493 0.095725
v 1.580055 -1.284738 0.096345
v 1.550055 -1.284738 0.096345
v 1.580055 -1.280932 0.096337
v 1.550055 -1.280932 0.096337
v 1.580055 -1.277179 0.095703
v 1.550055 -1.277179 0.095703
v 1.580055 -1.273583 0.094457
v 1.550055 -1.273583 0.094457
v 1.580055 -1.270241 0.092636
v 1.550055 -1.270241 0.092636
v 2.285055 -1.288493 0.095725
v 2.255055 -1.288493 0.095725
v 2.285055 -1.284738 0.096345
v 2.255055 -1.284738 0.096345
v 2.285055 -1.280932 0.096337
v 2.255055 -1.280932 0.096337
v 2.285055 -1.277179 0.095703
v 2.255055 -1.277179 0.095703
v 2.285055 -1.273583 0.094457
v 2.255055 -1.273583 0.094457
v 2.285055 -1.270241 0.092636
v 2.255055 -1.270241 0.092636
v 1.655055 -1.288493 0.095725
v 1.625055 -1.288493 0.095725
v 1.655055 -1.284738 0.096345
v 1.625055 -1.284738 0.096345
v 1.655055 -1.280932 0.096337
v 1.625055 -1.280932 0.096337
v 1.655055 -1.277179 0.095703
v 1.625055 -1.277179 0.095703
v 1.655055 -1.273583 0.094457
v 1.625055 -1.273583 0.094457
v 1.655055 -1.270241 0.092636
v 1.625055 -1.270241 0.092636
v 2.360055 -1.288493 0.095725
v 2.330055 -1.288493 0.095725
v 2.360055 -1.284738 0.096345
v 2.330055 -1.284738 0.096345
v 2.360055 -1.280932 0.096337
v 2.330055 -1.280932 0.096337
v 2.360055 -1.277179 0.095703
v 2.330055 -1.277179 0.095703
v 2.360055 -1.273583 0.094457
v 2.330055 -1.273583 0.094457
v 2.360055 -1.270241 0.092636
v 2.330055 -1.270241 0.092636
v 1.580055 -1.240508 0.065045
v 1.550055 -1.240508 0.065045
v 1.580055 -1.238391 0.061707
v 1.550055 -1.238391 0.061707
v 1.580055 -1.236876 0.058056
v 1.550055 -1.236876 0.058056
v 1.580055 -1.236009 0.054200
v 1.550055 -1.236009 0.054200
v 1.580055 -1.235816 0.050252
v 1.550055 -1.235816 0.050252
v 1.580055 -1.236301 0.046329
v 1.550055 -1.236301 0.046329
v 1.580055 -1.237450 0.042547
v 1.550055 -1.237450 0.042547
v 2.285055 -1.240508 0.065045
v 2.255055 -1.240508 0.065045
v 2.285055 -1.238391 0.061707
v 2.255055 -1.238391 0.061707
v 2.285055 -1.236876 0.058056
v 2.255055 -1.236876 0.058056
v 2.285055 -1.236009 0.054200
v 2.255055 -1.236009 0.054200
v 2.285055 -1.235816 0.050252
v 2.255055 -1.235816 0.050252
v 2.285055 -1.236301 0.046329
v 2.255055 -1.236301 0.046329
v 2.285055 -1.237450 0.042547
v 2.255055 -1.237450 0.042547
v 1.655055 -1.240508 0.065045
v 1.625055 -1.240508 0.065045
v 1.655055 -1.238391 0.061707
v 1.625055 -1.238391 0.061707
v 1.655055 -1.236876 0.058056
v 1.625055 -1.236876 0.058056
v 1.655055 -1.236009 0.054200
v 1.625055 -1.236009 0.054200
v 1.655055 -1.235816 0.050252
v 1.625055 -1.235816 0.050252
v 1.655055 -1.236301 0.046329
v 1.625055 -1.236301 0.046329
v 1.655055 -1.237450 0.042547
v 1.625055 -1.237450 0.042547
v 2.360055 -1.240508 0.065045
v 2.330055 -1.240508 0.065045
v 2.360055 -1.238391 0.061707
v 2.330055 -1.238391 0.061707
v 2.360055 -1.236876 0.058056
v 2.330055 -1.236876 0.058056
v 2.360055 -1.236009 0.054200
v 2.330055 -1.236009 0.054200
v 2.360055 -1.235816 0.050252
v 2.330055 -1.235816 0.050252
v 2.360055 -1.236301 0.046329
v 2.330055 -1.236301 0.046329
v 2.360055 -1.237450 0.042547
v 2.330055 -1.237450 0.042547
v 0.605055 -1.565895 0.134712
v 3.305055 -1.565895 0.134712
v 0.605055 -1.645369 0.179505
v 3.305055 -1.645369 0.179505
v 0.605055 -1.472799 0.060022
v 0.605055 -1.924980 0.477579
v 0.605055 -1.829307 0.473389
v 0.605055 -1.955737 0.370269
v 0.605055 -1.829726 0.411221
v 0.605055 -1.992835 0.264983
v 0.605055 -1.798001 0.285278
v 0.605055 -1.782870 0.267393
v 0.605055 -2.081193 0.070856
v 0.605055 -1.765335 0.251859
v 0.605055 -1.361814 -0.082269
v 0.605055 -1.322260 -0.163612
v 0.605055 -1.307660 -0.606817
v 0.605055 -1.285559 -0.519109
v 0.605055 -1.275904 -0.429177
v 0.605055 -1.341774 -0.690586
v 0.605055 -1.387234 -0.768780
v 0.605055 -1.443154 -0.839873
v 0.605055 -1.508439 -0.902473
v 0.605055 -1.581815 -0.955360
v 0.605055 -1.661849 -0.997499
v 0.605055 -1.412322 -0.007236
v 0.605055 -1.746976 -1.028067
v 0.605055 -1.835534 -1.046468
v 0.605055 -3.029191 -0.989912
v 0.605055 -1.826131 0.349155
v 0.605055 -1.819856 0.326585
v 0.605055 -1.810415 0.305145
v 0.605055 -1.294435 -0.249675
v 0.605055 -1.278882 -0.338776
v 2.885055 -1.263440 -0.458108
v 2.855055 -1.263440 -0.458108
v 2.885055 -1.079302 -0.315108
v 2.855055 -1.079302 -0.315108
v 1.235055 -1.263440 -0.458108
v 1.205055 -1.263440 -0.458108
v 1.235055 -1.079302 -0.315108
v 1.205055 -1.079302 -0.315108
v 2.705055 -1.079302 -0.315108
v 2.705055 -1.263440 -0.458108
v 2.675055 -1.079302 -0.315108
v 2.675055 -1.263440 -0.458108
v 1.055055 -1.263440 -0.458108
v 1.025055 -1.263440 -0.458108
v 1.055055 -1.079302 -0.315108
v 1.025055 -1.079302 -0.315108
v 2.885055 -1.062485 -0.269389
v 2.855055 -1.062485 -0.269389
v 2.885055 -1.065724 -0.253851
v 2.855055 -1.065724 -0.253851
v 1.235055 -1.062485 -0.269389
v 1.205055 -1.062485 -0.269389
v 1.235055 -1.065724 -0.253851
v 1.205055 -1.065724 -0.253851
v 2.705055 -1.065724 -0.253851
v 2.705055 -1.062485 -0.269389
v 2.675055 -1.065724 -0.253851
v 2.675055 -1.062485 -0.269389
v 1.055055 -1.062485 -0.269389
v 1.025055 -1.062485 -0.269389
v 1.055055 -1.065724 -0.253851
v 1.025055 -1.065724 -0.253851
v 2.885055 -1.120144 -0.218208
v 2.855055 -1.120144 -0.218208
v 2.885055 -1.251011 -0.245492
v 2.855055 -1.251011 -0.245492
v 1.235055 -1.120144 -0.218208
v 1.205055 -1.120144 -0.218208
v 1.235055 -1.251011 -0.245492
v 1.205055 -1.251011 -0.245492
v 2.705055 -1.251011 -0.245492
v 2.705055 -1.120144 -0.218208
v 2.675055 -1.251011 -0.245492
v 2.675055 -1.120144 -0.218208
v 1.055055 -1.120144 -0.218208
v 1.025055 -1.120144 -0.218208
v 1.055055 -1.251011 -0.245492
v 1.025055 -1.251011 -0.245492
v 2.855055 -1.073892 -0.310168
v 2.885055 -1.073892 -0.310168
v 2.855055 -1.069335 -0.304432
v 2.885055 -1.069335 -0.304432
v 2.855055 -1.065746 -0.298045
v 2.885055 -1.065746 -0.298045
v 2.855055 -1.063217 -0.291169
v 2.885055 -1.063217 -0.291169
v 2.855055 -1.061811 -0.283979
v 2.885055 -1.061811 -0.283979
v 2.855055 -1.061565 -0.276657
v 2.885055 -1.061565 -0.276657
v 1.205055 -1.073892 -0.310168
v 1.235055 -1.073892 -0.310168
v 1.205055 -1.069335 -0.304432
v 1.235055 -1.069335 -0.304432
v 1.205055 -1.065746 -0.298045
v 1.235055 -1.065746 -0.298045
v 1.205055 -1.063217 -0.291169
v 1.235055 -1.063217 -0.291169
v 1.205055 -1.061811 -0.283979
v 1.235055 -1.061811 -0.283979
v 1.205055 -1.061565 -0.276657
v 1.235055 -1.061565 -0.276657
v 2.675055 -1.073892 -0.310168
v 2.705055 -1.073892 -0.310168
v 2.675055 -1.069335 -0.304432
v 2.705055 -1.069335 -0.304432
v 2.675055 -1.065746 -0.298045
v 2.705055 -1.065746 -0.298045
v 2.675055 -1.063217 -0.291169
v 2.705055 -1.063217 -0.291169
v 2.675055 -1.061811 -0.283979
v 2.705055 -1.061811 -0.283979
v 2.675055 -1.061565 -0.276657
v 2.705055 -1.061565 -0.276657
v 1.025055 -1.073892 -0.310168
v 1.055055 -1.073892 -0.310168
v 1.025055 -1.069335 -0.304432
v 1.055055 -1.069335 -0.304432
v 1.025055 -1.065746 -0.298045
v 1.055055 -1.065746 -0.298045
v 1.025055 -1.063217 -0.291169
v 1.055055 -1.063217 -0.291169
v 1.025055 -1.061811 -0.283979
v 1.055055 -1.061811 -0.283979
v 1.025055 -1.061565 -0.276657
v 1.055055 -1.061565 -0.276657
v 2.885055 -1.280843 -0.488519
v 2.855055 -1.280843 -0.488519
v 2.885055 -1.279365 -0.481491
v 2.855055 -1.279365 -0.481491
v 2.885055 -1.276812 -0.474778
v 2.855055 -1.276812 -0.474778
v 2.885055 -1.273245 -0.468545
v 2.855055 -1.273245 -0.468545
v 2.885055 -1.268751 -0.462943
v 2.855055 -1.268751 -0.462943
v 1.235055 -1.280843 -0.488519
v 1.205055 -1.280843 -0.488519
v 1.235055 -1.279365 -0.481491
v 1.205055 -1.279365 -0.481491
v 1.235055 -1.276812 -0.474778
v 1.205055 -1.276812 -0.474778
v 1.235055 -1.273245 -0.468545
v 1.205055 -1.273245 -0.468545
v 1.235055 -1.268751 -0.462943
v 1.205055 -1.268751 -0.462943
v 2.705055 -1.280843 -0.488519
v 2.675055 -1.280843 -0.488519
v 2.705055 -1.279365 -0.481491
v 2.675055 -1.279365 -0.481491
v 2.705055 -1.276812 -0.474778
v 2.675055 -1.276812 -0.474778
v 2.705055 -1.273245 -0.468545
v 2.675055 -1.273245 -0.468545
v 2.705055 -1.268751 -0.462943
v 2.675055 -1.268751 -0.462943
v 1.055055 -1.280843 -0.488519
v 1.025055 -1.280843 -0.488519
v 1.055055 -1.279365 -0.481491
v 1.025055 -1.279365 -0.481491
v 1.055055 -1.276812 -0.474778
v 1.025055 -1.276812 -0.474778
v 1.055055 -1.273245 -0.468545
v 1.025055 -1.273245 -0.468545
v 1.055055 -1.268751 -0.462943
v 1.025055 -1.268751 -0.462943
v 2.855055 -1.068038 -0.246174
v 2.885055 -1.068038 -0.246174
v 2.855055 -1.071651 -0.239015
v 2.885055 -1.071651 -0.239015
v 2.855055 -1.076452 -0.232593
v 2.885055 -1.076452 -0.232593
v 2.855055 -1.082295 -0.227101
v 2.885055 -1.082295 -0.227101
v 2.855055 -1.089002 -0.222708
v 2.885055 -1.089002 -0.222708
v 2.855055 -1.096371 -0.219546
v 2.885055 -1.096371 -0.219546
v 2.855055 -1.104177 -0.217712
v 2.885055 -1.104177 -0.217712
v 2.855055 -1.112182 -0.217261
v 2.885055 -1.112182 -0.217261
v 1.205055 -1.068038 -0.246174
v 1.235055 -1.068038 -0.246174
v 1.205055 -1.071651 -0.239015
v 1.235055 -1.071651 -0.239015
v 1.205055 -1.076452 -0.232593
v 1.235055 -1.076452 -0.232593
v 1.205055 -1.082295 -0.227101
v 1.235055 -1.082295 -0.227101
v 1.205055 -1.089002 -0.222708
v 1.235055 -1.089002 -0.222708
v 1.205055 -1.096371 -0.219546
v 1.235055 -1.096371 -0.219546
v 1.205055 -1.104177 -0.217712
v 1.235055 -1.104177 -0.217712
v 1.205055 -1.112182 -0.217261
v 1.235055 -1.112182 -0.217261
v 2.675055 -1.068038 -0.246174
v 2.705055 -1.068038 -0.246174
v 2.675055 -1.071651 -0.239015
v 2.705055 -1.071651 -0.239015
v 2.675055 -1.076452 -0.232593
v 2.705055 -1.076452 -0.232593
v 2.675055 -1.082295 -0.227101
v 2.705055 -1.082295 -0.227101
v 2.675055 -1.089002 -0.222708
v 2.705055 -1.089002 -0.222708
v 2.675055 -1.096371 -0.219546
v 2.705055 -1.096371 -0.219546
v 2.675055 -1.104177 -0.217712
v 2.705055 -1.104177 -0.217712
v 2.675055 -1.112182 -0.217261
v 2.705055 -1.112182 -0.217261
v 1.025055 -1.068038 -0.246174
v 1.055055 -1.068038 -0.246174
v 1.025055 -1.071651 -0.239015
v 1.055055 -1.071651 -0.239015
v 1.025055 -1.076452 -0.232593
v 1.055055 -1.076452 -0.232593
v 1.025055 -1.082295 -0.227101
v 1.055055 -1.082295 -0.227101
v 1.025055 -1.089002 -0.222708
v 1.055055 -1.089002 -0.222708
v 1.025055 -1.096371 -0.219546
v 1.055055 -1.096371 -0.219546
v 1.025055 -1.104177 -0.217712
v 1.055055 -1.104177 -0.217712
v 1.025055 -1.112182 -0.217261
v 1.055055 -1.112182 -0.217261
v 2.885055 -1.258491 -0.246421
v 2.855055 -1.258491 -0.246421
v 2.885055 -1.266022 -0.246115
v 2.855055 -1.266022 -0.246115
v 2.885055 -1.273403 -0.244584
v 2.855055 -1.273403 -0.244584
v 2.885055 -1.280434 -0.241868
v 2.855055 -1.280434 -0.241868
v 2.885055 -1.286928 -0.238040
v 2.855055 -1.286928 -0.238040
v 2.885055 -1.292709 -0.233203
v 2.855055 -1.292709 -0.233203
v 2.885055 -1.297622 -0.227487
v 2.855055 -1.297622 -0.227487
v 2.885055 -1.301536 -0.221045
v 2.855055 -1.301536 -0.221045
v 2.885055 -1.304346 -0.214050
v 2.855055 -1.304346 -0.214050
v 1.235055 -1.258491 -0.246421
v 1.205055 -1.258491 -0.246421
v 1.235055 -1.266022 -0.246115
v 1.205055 -1.266022 -0.246115
v 1.235055 -1.273403 -0.244584
v 1.205055 -1.273403 -0.244584
v 1.235055 -1.280434 -0.241868
v 1.205055 -1.280434 -0.241868
v 1.235055 -1.286928 -0.238040
v 1.205055 -1.286928 -0.238040
v 1.235055 -1.292709 -0.233203
v 1.205055 -1.292709 -0.233203
v 1.235055 -1.297622 -0.227487
v 1.205055 -1.297622 -0.227487
v 1.235055 -1.301536 -0.221045
v 1.205055 -1.301536 -0.221045
v 1.235055 -1.304346 -0.214050
v 1.205055 -1.304346 -0.214050
v 2.705055 -1.258491 -0.246421
v 2.675055 -1.258491 -0.246421
v 2.705055 -1.266022 -0.246115
v 2.675055 -1.266022 -0.246115
v 2.705055 -1.273403 -0.244584
v 2.675055 -1.273403 -0.244584
v 2.705055 -1.280434 -0.241868
v 2.675055 -1.280434 -0.241868
v 2.705055 -1.286928 -0.238040
v 2.675055 -1.286928 -0.238040
v 2.705055 -1.292709 -0.233203
v 2.675055 -1.292709 -0.233203
v 2.705055 -1.297622 -0.227487
v 2.675055 -1.297622 -0.227487
v 2.705055 -1.301536 -0.221045
v 2.675055 -1.301536 -0.221045
v 2.705055 -1.304346 -0.214050
v 2.675055 -1.304346 -0.214050
v 1.055055 -1.258491 -0.246421
v 1.025055 -1.258491 -0.246421
v 1.055055 -1.266022 -0.246115
v 1.025055 -1.266022 -0.246115
v 1.055055 -1.273403 -0.244584
v 1.025055 -1.273403 -0.244584
v 1.055055 -1.280434 -0.241868
v 1.025055 -1.280434 -0.241868
v 1.055055 -1.286928 -0.238040
v 1.025055 -1.286928 -0.238040
v 1.055055 -1.292709 -0.233203
v 1.025055 -1.292709 -0.233203
v 1.055055 -1.297622 -0.227487
v 1.025055 -1.297622 -0.227487
v 1.055055 -1.301536 -0.221045
v 1.025055 -1.301536 -0.221045
v 1.055055 -1.304346 -0.214050
v 1.025055 -1.304346 -0.214050
v 3.293055 -1.992835 0.264983
v 3.305055 -1.992835 0.264983
v 3.293055 -1.955737 0.370269
v 3.305055 -1.955737 0.370269
v 3.293055 -1.927323 0.468473
v 3.305055 -1.924980 0.477579
v 0.617055 -1.927323 0.468473
v 0.617055 -1.955737 0.370269
v 0.617055 -1.992835 0.264983
v 0.617055 -2.081193 0.070856
v 0.617055 -3.021294 -0.981076
v 3.293055 -3.021294 -0.981076
v 3.305055 -3.029191 -0.989912
v 3.293055 -2.081193 0.070856
v 3.305055 -2.081193 0.070856
v 3.305055 -1.835534 -1.046468
v 1.025055 -1.275904 -0.429177
v 2.675055 -1.275904 -0.429177
v 3.305055 -1.285559 -0.519109
v 2.855055 -1.275904 -0.429177
v 3.305055 -1.275904 -0.429177
v 1.025055 -1.278882 -0.338776
v 1.025055 -1.294435 -0.249675
v 1.235055 -1.294435 -0.249675
v 1.550055 -1.322260 -0.163612
v 2.675055 -1.294435 -0.249675
v 2.255055 -1.322260 -0.163612
v 2.330055 -1.322260 -0.163612
v 2.885055 -1.294435 -0.249675
v 3.305055 -1.322260 -0.163612
v 2.360055 -1.322260 -0.163612
v 1.205055 -1.294435 -0.249675
v 1.055055 -1.294435 -0.249675
v 1.205055 -1.278882 -0.338776
v 1.055055 -1.278882 -0.338776
v 1.205055 -1.275904 -0.429177
v 1.055055 -1.275904 -0.429177
v 2.855055 -1.294435 -0.249675
v 2.705055 -1.294435 -0.249675
v 2.855055 -1.278882 -0.338776
v 2.705055 -1.278882 -0.338776
v 2.705055 -1.275904 -0.429177
v 1.625055 -1.322260 -0.163612
v 2.675055 -1.278882 -0.338776
v 1.235055 -1.278882 -0.338776
v 1.235055 -1.275904 -0.429177
v 3.305055 -1.294435 -0.249675
v 3.305055 -1.278882 -0.338776
v 2.885055 -1.278882 -0.338776
v 2.885055 -1.275904 -0.429177
v 2.360055 -1.361814 -0.082269
v 3.305055 -1.361814 -0.082269
v 2.360055 -1.412322 -0.007236
v 3.305055 -1.412322 -0.007236
v 2.360055 -1.472799 0.060022
v 3.305055 -1.472799 0.060022
v 2.285055 -1.322260 -0.163612
v 2.285055 -1.361814 -0.082269
v 2.330055 -1.361814 -0.082269
v 2.285055 -1.412322 -0.007236
v 2.330055 -1.412322 -0.007236
v 2.285055 -1.472799 0.060022
v 2.330055 -1.472799 0.060022
v 1.655055 -1.322260 -0.163612
v 1.655055 -1.361814 -0.082269
v 2.255055 -1.361814 -0.082269
v 1.655055 -1.412322 -0.007236
v 2.255055 -1.412322 -0.007236
v 1.655055 -1.472799 0.060022
v 2.255055 -1.472799 0.060022
v 1.580055 -1.322260 -0.163612
v 1.580055 -1.361814 -0.082269
v 1.625055 -1.361814 -0.082269
v 1.580055 -1.412322 -0.007236
v 1.625055 -1.412322 -0.007236
v 1.580055 -1.472799 0.060022
v 1.625055 -1.472799 0.060022
v 1.550055 -1.361814 -0.082269
v 1.550055 -1.412322 -0.007236
v 1.550055 -1.472799 0.060022
v 3.305055 -1.307660 -0.606817
v 3.305055 -1.341774 -0.690586
v 3.305055 -1.387234 -0.768780
v 3.305055 -1.443154 -0.839873
v 3.305055 -1.508439 -0.902473
v 3.305055 -1.581815 -0.955360
v 3.305055 -1.661849 -0.997499
v 3.305055 -1.746976 -1.028067
v 3.305055 -1.765335 0.251859
v 3.305055 -1.782870 0.267393
v 3.305055 -1.798001 0.285278
v 3.305055 -1.810415 0.305145
v 3.305055 -1.819856 0.326585
v 3.305055 -1.826131 0.349155
v 3.305055 -1.829726 0.411221
v 3.305055 -1.829307 0.473389
v 3.293055 -1.835941 -1.037238
v 0.617055 -1.835941 -1.037238
v 3.293055 -1.649532 0.171297
v 0.617055 -1.649532 0.171297
v 3.293055 -1.570480 0.126714
v 0.617055 -1.570480 0.126714
v 3.293055 -1.498555 0.071364
v 0.617055 -1.498555 0.071364
v 3.293055 -1.435212 0.006367
v 0.617055 -1.435212 0.006367
v 3.293055 -1.381734 -0.066961
v 0.617055 -1.381734 -0.066961
v 3.293055 -1.339203 -0.147137
v 0.617055 -1.339203 -0.147137
v 3.293055 -1.308481 -0.232536
v 0.617055 -1.308481 -0.232536
v 3.293055 -1.290189 -0.321431
v 0.617055 -1.290189 -0.321431
v 3.293055 -1.284697 -0.412022
v 0.617055 -1.284697 -0.412022
v 3.293055 -1.292116 -0.502476
v 0.617055 -1.292116 -0.502476
v 3.293055 -1.312297 -0.590961
v 0.617055 -1.312297 -0.590961
v 3.293055 -1.344830 -0.675687
v 0.617055 -1.344830 -0.675687
v 3.293055 -1.389058 -0.754939
v 0.617055 -1.389058 -0.754939
v 3.293055 -1.444085 -0.827112
v 0.617055 -1.444085 -0.827112
v 3.293055 -1.508798 -0.890746
v 0.617055 -1.508798 -0.890746
v 3.293055 -1.581885 -0.944552
v 0.617055 -1.581885 -0.944552
v 3.293055 -1.661869 -0.987442
v 0.617055 -1.661869 -0.987442
v 3.293055 -1.747129 -1.018547
v 0.617055 -1.747129 -1.018547
v 0.617055 -1.770688 0.244371
v 3.293055 -1.770688 0.244371
v 3.293055 -1.835248 0.347832
v 0.617055 -1.835248 0.347832
v 0.617055 -1.828637 0.323818
v 3.293055 -1.828637 0.323818
v 0.617055 -1.818633 0.301007
v 3.293055 -1.818633 0.301007
v 0.617055 -1.805447 0.279875
v 3.293055 -1.805447 0.279875
v 0.617055 -1.789353 0.260864
v 3.293055 -1.789353 0.260864
v 3.293055 -1.838814 0.464597
v 0.617055 -1.838814 0.464597
v 0.617055 -1.838788 0.406161
v 3.293055 -1.838788 0.406161
v 1.025055 -1.117638 -0.243325
v 1.025055 -1.112632 -0.243107
v 1.025055 -1.107663 -0.243762
v 1.025055 -1.102884 -0.245270
v 1.025055 -1.124895 -0.298390
v 1.025055 -1.120116 -0.299897
v 1.025055 -1.115147 -0.300552
v 1.025055 -1.110141 -0.300334
v 1.025055 -1.098439 -0.247584
v 1.025055 -1.094464 -0.250636
v 1.025055 -1.091078 -0.254331
v 1.025055 -1.088386 -0.258558
v 1.025055 -1.086469 -0.263188
v 1.025055 -1.085385 -0.268081
v 1.025055 -1.085167 -0.273088
v 1.025055 -1.085822 -0.278056
v 1.025055 -1.087330 -0.282835
v 1.025055 -1.089644 -0.287280
v 1.025055 -1.092696 -0.291256
v 1.025055 -1.096391 -0.294641
v 1.025055 -1.100618 -0.297333
v 1.025055 -1.105248 -0.299250
v 1.025055 -1.122531 -0.244409
v 1.025055 -1.127161 -0.246326
v 1.025055 -1.131389 -0.249018
v 1.025055 -1.135084 -0.252404
v 1.025055 -1.138135 -0.256379
v 1.025055 -1.140450 -0.260824
v 1.025055 -1.136701 -0.289329
v 1.025055 -1.139393 -0.285102
v 1.025055 -1.133316 -0.293024
v 1.025055 -1.129340 -0.296075
v 1.025055 -1.141957 -0.265603
v 1.025055 -1.142612 -0.270572
v 1.025055 -1.142394 -0.275579
v 1.025055 -1.141310 -0.280471
v 1.205055 -1.117638 -0.243325
v 1.205055 -1.112632 -0.243107
v 1.205055 -1.107663 -0.243762
v 1.205055 -1.102884 -0.245270
v 1.205055 -1.124895 -0.298390
v 1.205055 -1.120116 -0.299897
v 1.205055 -1.115147 -0.300552
v 1.205055 -1.110141 -0.300334
v 1.205055 -1.098439 -0.247584
v 1.205055 -1.094464 -0.250636
v 1.205055 -1.091078 -0.254331
v 1.205055 -1.088386 -0.258558
v 1.205055 -1.086469 -0.263188
v 1.205055 -1.085385 -0.268081
v 1.205055 -1.085167 -0.273088
v 1.205055 -1.085822 -0.278056
v 1.205055 -1.087330 -0.282835
v 1.205055 -1.089644 -0.287280
v 1.205055 -1.092696 -0.291256
v 1.205055 -1.096391 -0.294641
v 1.205055 -1.100618 -0.297333
v 1.205055 -1.105248 -0.299250
v 1.205055 -1.122531 -0.244409
v 1.205055 -1.127161 -0.246326
v 1.205055 -1.131389 -0.249018
v 1.205055 -1.135084 -0.252404
v 1.205055 -1.138135 -0.256379
v 1.205055 -1.140450 -0.260824
v 1.205055 -1.136701 -0.289329
v 1.205055 -1.139393 -0.285102
v 1.205055 -1.133316 -0.293024
v 1.205055 -1.129340 -0.296075
v 1.205055 -1.141957 -0.265603
v 1.205055 -1.142612 -0.270572
v 1.205055 -1.142394 -0.275579
v 1.205055 -1.141310 -0.280471
v 1.055055 -1.096391 -0.294641
v 1.055055 -1.092696 -0.291256
v 1.055055 -1.089644 -0.287280
v 1.055055 -1.100618 -0.297333
v 1.055055 -1.105248 -0.299250
v 1.055055 -1.110141 -0.300334
v 1.055055 -1.115147 -0.300552
v 1.055055 -1.120116 -0.299897
v 1.055055 -1.124895 -0.298390
v 1.055055 -1.140450 -0.260824
v 1.055055 -1.141957 -0.265603
v 1.055055 -1.142612 -0.270572
v 1.055055 -1.138135 -0.256379
v 1.055055 -1.135084 -0.252404
v 1.055055 -1.131389 -0.249018
v 1.055055 -1.098439 -0.247584
v 1.055055 -1.102884 -0.245270
v 1.055055 -1.107663 -0.243762
v 1.055055 -1.112632 -0.243107
v 1.055055 -1.117638 -0.243325
v 1.055055 -1.087330 -0.282835
v 1.055055 -1.085822 -0.278056
v 1.055055 -1.085167 -0.273088
v 1.055055 -1.085385 -0.268081
v 1.055055 -1.086469 -0.263188
v 1.055055 -1.088386 -0.258558
v 1.055055 -1.091078 -0.254331
v 1.055055 -1.094464 -0.250636
v 1.055055 -1.141310 -0.280471
v 1.055055 -1.142394 -0.275579
v 1.055055 -1.129340 -0.296075
v 1.055055 -1.133316 -0.293024
v 1.055055 -1.136701 -0.289329
v 1.055055 -1.139393 -0.285102
v 1.055055 -1.127161 -0.246326
v 1.055055 -1.122531 -0.244409
v 2.855055 -1.124895 -0.298390
v 2.855055 -1.120116 -0.299897
v 2.855055 -1.115147 -0.300552
v 2.855055 -1.110141 -0.300334
v 2.855055 -1.136701 -0.289329
v 2.855055 -1.139393 -0.285102
v 2.855055 -1.133316 -0.293024
v 2.855055 -1.129340 -0.296075
v 2.855055 -1.087330 -0.282835
v 2.855055 -1.089644 -0.287280
v 2.855055 -1.092696 -0.291256
v 2.855055 -1.096391 -0.294641
v 2.855055 -1.100618 -0.297333
v 2.855055 -1.105248 -0.299250
v 2.855055 -1.102884 -0.245270
v 2.855055 -1.098439 -0.247584
v 2.855055 -1.094464 -0.250636
v 2.855055 -1.091078 -0.254331
v 2.855055 -1.088386 -0.258558
v 2.855055 -1.086469 -0.263188
v 2.855055 -1.085385 -0.268081
v 2.855055 -1.085167 -0.273088
v 2.855055 -1.085822 -0.278056
v 2.855055 -1.117638 -0.243325
v 2.855055 -1.112632 -0.243107
v 2.855055 -1.107663 -0.243762
v 2.855055 -1.122531 -0.244409
v 2.855055 -1.127161 -0.246326
v 2.855055 -1.131389 -0.249018
v 2.855055 -1.135084 -0.252404
v 2.855055 -1.138135 -0.256379
v 2.855055 -1.140450 -0.260824
v 2.855055 -1.141957 -0.265603
v 2.855055 -1.142612 -0.270572
v 2.855055 -1.142394 -0.275579
v 2.855055 -1.141310 -0.280471
v 2.705055 -1.096391 -0.294641
v 2.705055 -1.092696 -0.291256
v 2.705055 -1.089644 -0.287280
v 2.705055 -1.100618 -0.297333
v 2.705055 -1.105248 -0.299250
v 2.705055 -1.110141 -0.300334
v 2.705055 -1.115147 -0.300552
v 2.705055 -1.120116 -0.299897
v 2.705055 -1.124895 -0.298390
v 2.705055 -1.140450 -0.260824
v 2.705055 -1.141957 -0.265603
v 2.705055 -1.142612 -0.270572
v 2.705055 -1.138135 -0.256379
v 2.705055 -1.135084 -0.252404
v 2.705055 -1.131389 -0.249018
v 2.705055 -1.098439 -0.247584
v 2.705055 -1.102884 -0.245270
v 2.705055 -1.107663 -0.243762
v 2.705055 -1.112632 -0.243107
v 2.705055 -1.117638 -0.243325
v 2.705055 -1.087330 -0.282835
v 2.705055 -1.085822 -0.278056
v 2.705055 -1.085167 -0.273088
v 2.705055 -1.085385 -0.268081
v 2.705055 -1.086469 -0.263188
v 2.705055 -1.088386 -0.258558
v 2.705055 -1.091078 -0.254331
v 2.705055 -1.094464 -0.250636
v 2.705055 -1.141310 -0.280471
v 2.705055 -1.142394 -0.275579
v 2.705055 -1.129340 -0.296075
v 2.705055 -1.133316 -0.293024
v 2.705055 -1.136701 -0.289329
v 2.705055 -1.139393 -0.285102
v 2.705055 -1.127161 -0.246326
v 2.705055 -1.122531 -0.244409
v 1.235055 -1.089644 -0.287280
v 1.235055 -1.092696 -0.291256
v 1.235055 -1.100618 -0.297333
v 1.235055 -1.105248 -0.299250
v 1.235055 -1.110141 -0.300334
v 1.235055 -1.115147 -0.300552
v 1.235055 -1.120116 -0.299897
v 1.235055 -1.124895 -0.298390
v 1.235055 -1.096391 -0.294641
v 1.235055 -1.140450 -0.260824
v 1.235055 -1.141957 -0.265603
v 1.235055 -1.142612 -0.270572
v 1.235055 -1.138135 -0.256379
v 1.235055 -1.135084 -0.252404
v 1.235055 -1.131389 -0.249018
v 1.235055 -1.098439 -0.247584
v 1.235055 -1.102884 -0.245270
v 1.235055 -1.107663 -0.243762
v 1.235055 -1.112632 -0.243107
v 1.235055 -1.117638 -0.243325
v 1.235055 -1.087330 -0.282835
v 1.235055 -1.085822 -0.278056
v 1.235055 -1.085167 -0.273088
v 1.235055 -1.085385 -0.268081
v 1.235055 -1.086469 -0.263188
v 1.235055 -1.088386 -0.258558
v 1.235055 -1.091078 -0.254331
v 1.235055 -1.094464 -0.250636
v 1.235055 -1.141310 -0.280471
v 1.235055 -1.142394 -0.275579
v 1.235055 -1.129340 -0.296075
v 1.235055 -1.133316 -0.293024
v 1.235055 -1.136701 -0.289329
v 1.235055 -1.139393 -0.285102
v 1.235055 -1.127161 -0.246326
v 1.235055 -1.122531 -0.244409
v 2.675055 -1.124895 -0.298390
v 2.675055 -1.120116 -0.299897
v 2.675055 -1.115147 -0.300552
v 2.675055 -1.110141 -0.300334
v 2.675055 -1.136701 -0.289329
v 2.675055 -1.139393 -0.285102
v 2.675055 -1.133316 -0.293024
v 2.675055 -1.129340 -0.296075
v 2.675055 -1.087330 -0.282835
v 2.675055 -1.089644 -0.287280
v 2.675055 -1.092696 -0.291256
v 2.675055 -1.096391 -0.294641
v 2.675055 -1.100618 -0.297333
v 2.675055 -1.105248 -0.299250
v 2.675055 -1.102884 -0.245270
v 2.675055 -1.098439 -0.247584
v 2.675055 -1.094464 -0.250636
v 2.675055 -1.091078 -0.254331
v 2.675055 -1.088386 -0.258558
v 2.675055 -1.086469 -0.263188
v 2.675055 -1.085385 -0.268081
v 2.675055 -1.085167 -0.273088
v 2.675055 -1.085822 -0.278056
v 2.675055 -1.117638 -0.243325
v 2.675055 -1.112632 -0.243107
v 2.675055 -1.107663 -0.243762
v 2.675055 -1.122531 -0.244409
v 2.675055 -1.127161 -0.246326
v 2.675055 -1.131389 -0.249018
v 2.675055 -1.135084 -0.252404
v 2.675055 -1.138135 -0.256379
v 2.675055 -1.140450 -0.260824
v 2.675055 -1.141957 -0.265603
v 2.675055 -1.142612 -0.270572
v 2.675055 -1.142394 -0.275579
v 2.675055 -1.141310 -0.280471
v 2.885055 -1.096391 -0.294641
v 2.885055 -1.092696 -0.291256
v 2.885055 -1.089644 -0.287280
v 2.885055 -1.100618 -0.297333
v 2.885055 -1.105248 -0.299250
v 2.885055 -1.110141 -0.300334
v 2.885055 -1.115147 -0.300552
v 2.885055 -1.120116 -0.299897
v 2.885055 -1.124895 -0.298390
v 2.885055 -1.140450 -0.260824
v 2.885055 -1.141957 -0.265603
v 2.885055 -1.142612 -0.270572
v 2.885055 -1.138135 -0.256379
v 2.885055 -1.135084 -0.252404
v 2.885055 -1.131389 -0.249018
v 2.885055 -1.098439 -0.247584
v 2.885055 -1.102884 -0.245270
v 2.885055 -1.107663 -0.243762
v 2.885055 -1.112632 -0.243107
v 2.885055 -1.117638 -0.243325
v 2.885055 -1.087330 -0.282835
v 2.885055 -1.085822 -0.278056
v 2.885055 -1.085167 -0.273088
v 2.885055 -1.085385 -0.268081
v 2.885055 -1.086469 -0.263188
v 2.885055 -1.088386 -0.258558
v 2.885055 -1.091078 -0.254331
v 2.885055 -1.094464 -0.250636
v 2.885055 -1.141310 -0.280471
v 2.885055 -1.142394 -0.275579
v 2.885055 -1.129340 -0.296075
v 2.885055 -1.133316 -0.293024
v 2.885055 -1.136701 -0.289329
v 2.885055 -1.139393 -0.285102
v 2.885055 -1.127161 -0.246326
v 2.885055 -1.122531 -0.244409
v 2.360055 -1.255611 0.040050
v 2.360055 -1.257119 0.035270
v 2.360055 -1.254956 0.045018
v 2.360055 -1.289905 0.018208
v 2.360055 -1.284937 0.017554
v 2.360055 -1.282421 0.074999
v 2.360055 -1.277452 0.074344
v 2.360055 -1.270407 0.020773
v 2.360055 -1.275037 0.018856
v 2.360055 -1.279930 0.017772
v 2.360055 -1.255174 0.050025
v 2.360055 -1.259433 0.030826
v 2.360055 -1.262485 0.026850
v 2.360055 -1.266180 0.023465
v 2.360055 -1.309182 0.033004
v 2.360055 -1.311099 0.037635
v 2.360055 -1.312183 0.042527
v 2.360055 -1.301178 0.069087
v 2.360055 -1.304873 0.065702
v 2.360055 -1.307924 0.061727
v 2.360055 -1.256258 0.054918
v 2.360055 -1.312401 0.047534
v 2.360055 -1.311746 0.052503
v 2.360055 -1.310239 0.057282
v 2.360055 -1.287428 0.074781
v 2.360055 -1.292320 0.073697
v 2.360055 -1.296951 0.071779
v 2.360055 -1.264253 0.067470
v 2.360055 -1.260867 0.063775
v 2.360055 -1.258175 0.059548
v 2.360055 -1.268228 0.070521
v 2.360055 -1.272673 0.072836
v 2.360055 -1.294685 0.019716
v 2.360055 -1.299129 0.022031
v 2.360055 -1.303105 0.025082
v 2.360055 -1.306490 0.028777
v 2.330055 -1.262485 0.026850
v 2.330055 -1.259433 0.030826
v 2.330055 -1.282421 0.074999
v 2.330055 -1.287428 0.074781
v 2.330055 -1.306490 0.028777
v 2.330055 -1.303105 0.025082
v 2.330055 -1.284937 0.017554
v 2.330055 -1.279930 0.017772
v 2.330055 -1.275037 0.018856
v 2.330055 -1.277452 0.074344
v 2.330055 -1.312401 0.047534
v 2.330055 -1.312183 0.042527
v 2.330055 -1.311099 0.037635
v 2.330055 -1.309182 0.033004
v 2.330055 -1.270407 0.020773
v 2.330055 -1.266180 0.023465
v 2.330055 -1.255174 0.050025
v 2.330055 -1.256258 0.054918
v 2.330055 -1.258175 0.059548
v 2.330055 -1.294685 0.019716
v 2.330055 -1.289905 0.018208
v 2.330055 -1.260867 0.063775
v 2.330055 -1.264253 0.067470
v 2.330055 -1.292320 0.073697
v 2.330055 -1.296951 0.071779
v 2.330055 -1.301178 0.069087
v 2.330055 -1.304873 0.065702
v 2.330055 -1.307924 0.061727
v 2.330055 -1.310239 0.057282
v 2.330055 -1.311746 0.052503
v 2.330055 -1.268228 0.070521
v 2.330055 -1.272673 0.072836
v 2.330055 -1.299129 0.022031
v 2.330055 -1.257119 0.035270
v 2.330055 -1.255611 0.040050
v 2.330055 -1.254956 0.045018
v 2.285055 -1.255611 0.040050
v 2.285055 -1.257119 0.035270
v 2.285055 -1.254956 0.045018
v 2.285055 -1.289905 0.018208
v 2.285055 -1.284937 0.017554
v 2.285055 -1.282421 0.074999
v 2.285055 -1.277452 0.074344
v 2.285055 -1.270407 0.020773
v 2.285055 -1.275037 0.018856
v 2.285055 -1.279930 0.017772
v 2.285055 -1.255174 0.050025
v 2.285055 -1.259433 0.030826
v 2.285055 -1.262485 0.026850
v 2.285055 -1.266180 0.023465
v 2.285055 -1.309182 0.033004
v 2.285055 -1.311099 0.037635
v 2.285055 -1.312183 0.042527
v 2.285055 -1.301178 0.069087
v 2.285055 -1.304873 0.065702
v 2.285055 -1.307924 0.061727
v 2.285055 -1.256258 0.054918
v 2.285055 -1.312401 0.047534
v 2.285055 -1.311746 0.052503
v 2.285055 -1.310239 0.057282
v 2.285055 -1.287428 0.074781
v 2.285055 -1.292320 0.073697
v 2.285055 -1.296951 0.071779
v 2.285055 -1.264253 0.067470
v 2.285055 -1.260867 0.063775
v 2.285055 -1.258175 0.059548
v 2.285055 -1.268228 0.070521
v 2.285055 -1.272673 0.072836
v 2.285055 -1.294685 0.019716
v 2.285055 -1.299129 0.022031
v 2.285055 -1.303105 0.025082
v 2.285055 -1.306490 0.028777
v 2.255055 -1.262485 0.026850
v 2.255055 -1.259433 0.030826
v 2.255055 -1.282421 0.074999
v 2.255055 -1.287428 0.074781
v 2.255055 -1.306490 0.028777
v 2.255055 -1.303105 0.025082
v 2.255055 -1.284937 0.017554
v 2.255055 -1.279930 0.017772
v 2.255055 -1.275037 0.018856
v 2.255055 -1.277452 0.074344
v 2.255055 -1.312401 0.047534
v 2.255055 -1.312183 0.042527
v 2.255055 -1.311099 0.037635
v 2.255055 -1.309182 0.033004
v 2.255055 -1.270407 0.020773
v 2.255055 -1.266180 0.023465
v 2.255055 -1.255174 0.050025
v 2.255055 -1.256258 0.054918
v 2.255055 -1.258175 0.059548
v 2.255055 -1.294685 0.019716
v 2.255055 -1.289905 0.018208
v 2.255055 -1.260867 0.063775
v 2.255055 -1.264253 0.067470
v 2.255055 -1.292320 0.073697
v 2.255055 -1.296951 0.071779
v 2.255055 -1.301178 0.069087
v 2.255055 -1.304873 0.065702
v 2.255055 -1.307924 0.061727
v 2.255055 -1.310239 0.057282
v 2.255055 -1.311746 0.052503
v 2.255055 -1.268228 0.070521
v 2.255055 -1.272673 0.072836
v 2.255055 -1.299129 0.022031
v 2.255055 -1.257119 0.035270
v 2.255055 -1.255611 0.040050
v 2.255055 -1.254956 0.045018
v 1.655055 -1.255611 0.040050
v 1.655055 -1.257119 0.035270
v 1.655055 -1.255174 0.050025
v 1.655055 -1.254956 0.045018
v 1.655055 -1.289905 0.018208
v 1.655055 -1.256258 0.054918
v 1.655055 -1.282421 0.074999
v 1.655055 -1.277452 0.074344
v 1.655055 -1.264253 0.067470
v 1.655055 -1.260867 0.063775
v 1.655055 -1.258175 0.059548
v 1.655055 -1.259433 0.030826
v 1.655055 -1.262485 0.026850
v 1.655055 -1.266180 0.023465
v 1.655055 -1.270407 0.020773
v 1.655055 -1.275037 0.018856
v 1.655055 -1.279930 0.017772
v 1.655055 -1.284937 0.017554
v 1.655055 -1.268228 0.070521
v 1.655055 -1.272673 0.072836
v 1.655055 -1.309182 0.033004
v 1.655055 -1.311099 0.037635
v 1.655055 -1.312183 0.042527
v 1.655055 -1.301178 0.069087
v 1.655055 -1.304873 0.065702
v 1.655055 -1.307924 0.061727
v 1.655055 -1.312401 0.047534
v 1.655055 -1.311746 0.052503
v 1.655055 -1.310239 0.057282
v 1.655055 -1.287428 0.074781
v 1.655055 -1.292320 0.073697
v 1.655055 -1.296951 0.071779
v 1.655055 -1.294685 0.019716
v 1.655055 -1.299129 0.022031
v 1.655055 -1.303105 0.025082
v 1.655055 -1.306490 0.028777
v 1.580055 -1.255611 0.040050
v 1.580055 -1.257119 0.035270
v 1.580055 -1.254956 0.045018
v 1.580055 -1.289905 0.018208
v 1.580055 -1.284937 0.017554
v 1.580055 -1.282421 0.074999
v 1.580055 -1.277452 0.074344
v 1.580055 -1.270407 0.020773
v 1.580055 -1.275037 0.018856
v 1.580055 -1.279930 0.017772
v 1.580055 -1.255174 0.050025
v 1.580055 -1.259433 0.030826
v 1.580055 -1.262485 0.026850
v 1.580055 -1.266180 0.023465
v 1.580055 -1.309182 0.033004
v 1.580055 -1.311099 0.037635
v 1.580055 -1.312183 0.042527
v 1.580055 -1.301178 0.069087
v 1.580055 -1.304873 0.065702
v 1.580055 -1.307924 0.061727
v 1.580055 -1.256258 0.054918
v 1.580055 -1.312401 0.047534
v 1.580055 -1.311746 0.052503
v 1.580055 -1.310239 0.057282
v 1.580055 -1.287428 0.074781
v 1.580055 -1.292320 0.073697
v 1.580055 -1.296951 0.071779
v 1.580055 -1.264253 0.067470
v 1.580055 -1.260867 0.063775
v 1.580055 -1.258175 0.059548
v 1.580055 -1.268228 0.070521
v 1.580055 -1.272673 0.072836
v 1.580055 -1.294685 0.019716
v 1.580055 -1.299129 0.022031
v 1.580055 -1.303105 0.025082
v 1.580055 -1.306490 0.028777
v 1.625055 -1.262485 0.026850
v 1.625055 -1.259433 0.030826
v 1.625055 -1.282421 0.074999
v 1.625055 -1.287428 0.074781
v 1.625055 -1.306490 0.028777
v 1.625055 -1.303105 0.025082
v 1.625055 -1.284937 0.017554
v 1.625055 -1.279930 0.017772
v 1.625055 -1.275037 0.018856
v 1.625055 -1.277452 0.074344
v 1.625055 -1.312401 0.047534
v 1.625055 -1.312183 0.042527
v 1.625055 -1.311099 0.037635
v 1.625055 -1.309182 0.033004
v 1.625055 -1.270407 0.020773
v 1.625055 -1.266180 0.023465
v 1.625055 -1.255174 0.050025
v 1.625055 -1.256258 0.054918
v 1.625055 -1.258175 0.059548
v 1.625055 -1.294685 0.019716
v 1.625055 -1.289905 0.018208
v 1.625055 -1.260867 0.063775
v 1.625055 -1.264253 0.067470
v 1.625055 -1.292320 0.073697
v 1.625055 -1.296951 0.071779
v 1.625055 -1.301178 0.069087
v 1.625055 -1.304873 0.065702
v 1.625055 -1.307924 0.061727
v 1.625055 -1.310239 0.057282
v 1.625055 -1.311746 0.052503
v 1.625055 -1.268228 0.070521
v 1.625055 -1.272673 0.072836
v 1.625055 -1.299129 0.022031
v 1.625055 -1.257119 0.035270
v 1.625055 -1.255611 0.040050
v 1.625055 -1.254956 0.045018
v 1.550055 -1.262485 0.026850
v 1.550055 -1.259433 0.030826
v 1.550055 -1.282421 0.074999
v 1.550055 -1.287428 0.074781
v 1.550055 -1.306490 0.028777
v 1.550055 -1.303105 0.025082
v 1.550055 -1.284937 0.017554
v 1.550055 -1.279930 0.017772
v 1.550055 -1.275037 0.018856
v 1.550055 -1.277452 0.074344
v 1.550055 -1.312401 0.047534
v 1.550055 -1.312183 0.042527
v 1.550055 -1.311099 0.037635
v 1.550055 -1.309182 0.033004
v 1.550055 -1.270407 0.020773
v 1.550055 -1.266180 0.023465
v 1.550055 -1.255174 0.050025
v 1.550055 -1.256258 0.054918
v 1.550055 -1.258175 0.059548
v 1.550055 -1.294685 0.019716
v 1.550055 -1.289905 0.018208
v 1.550055 -1.260867 0.063775
v 1.550055 -1.264253 0.067470
v 1.550055 -1.292320 0.073697
v 1.550055 -1.296951 0.071779
v 1.550055 -1.301178 0.069087
v 1.550055 -1.304873 0.065702
v 1.550055 -1.307924 0.061727
v 1.550055 -1.310239 0.057282
v 1.550055 -1.311746 0.052503
v 1.550055 -1.268228 0.070521
v 1.550055 -1.272673 0.072836
v 1.550055 -1.299129 0.022031
v 1.550055 -1.257119 0.035270
v 1.550055 -1.255611 0.040050
v 1.550055 -1.254956 0.045018
vn -0.0000 -0.4007 0.9162
vn -0.0000 -0.4006 0.9162
vn -0.0000 -0.6798 -0.7334
vn -0.0000 -0.8509 0.5254
vn -0.0000 0.3250 -0.9457
vn -0.0000 0.1678 -0.9858
vn -0.0000 0.0061 -1.0000
vn -0.0000 -0.1557 -0.9878
vn -0.0000 -0.3134 -0.9496
vn -0.0000 -0.4242 -0.9056
vn -0.0000 -0.4963 -0.8682
vn -0.0000 -0.4964 -0.8681
vn -0.0000 -0.4965 -0.8681
vn -0.0000 -0.4960 -0.8683
vn -0.0000 -0.4967 -0.8679
vn -0.0000 -0.6001 -0.7999
vn -0.0000 -0.9588 -0.2842
vn -0.0000 -0.9909 -0.1348
vn -0.0000 -0.9998 0.0178
vn -0.0000 -0.9855 0.1699
vn -0.0000 -0.9481 0.3181
vn -0.0000 -0.8885 0.4588
vn -0.0000 0.3235 -0.9462
vn -0.0000 0.1630 -0.9866
vn -0.0000 -0.0019 -1.0000
vn -0.0000 -0.1668 -0.9860
vn -0.0000 -0.3271 -0.9450
vn -0.0000 -0.3272 -0.9450
vn -0.0000 -0.4785 -0.8781
vn -0.0000 -0.6167 -0.7872
vn -0.0000 -0.6168 -0.7871
vn -0.0000 -0.4784 -0.8781
vn -0.0000 -0.7403 -0.6723
vn -0.0000 -0.8444 -0.5356
vn -0.0000 -0.9237 -0.3831
vn -0.0000 -0.9757 -0.2193
vn -0.0000 -0.9756 -0.2193
vn -0.0000 -0.9988 -0.0490
vn -0.0000 -0.9988 -0.0491
vn -0.0000 -0.9924 0.1228
vn -0.0000 -0.9924 0.1227
vn -0.0000 -0.9568 0.2908
vn -0.0000 -0.9568 0.2907
vn -0.0000 -0.8928 0.4504
vn -0.0000 -0.8445 -0.5356
vn -0.0000 -0.6086 -0.7935
vn -0.0000 -0.4910 -0.8712
vn 1.0000 -0.0000 -0.0000
vn -0.0000 -0.6134 0.7898
vn -0.0000 -0.9789 -0.2041
vn -0.0000 -0.9790 -0.2041
vn -0.0000 -0.2041 0.9790
vn -0.0000 -0.2041 0.9789
vn -0.0000 -0.6743 0.7384
vn -0.0000 -0.6743 0.7385
vn -0.0000 -0.7830 0.6220
vn -0.0000 -0.8718 0.4898
vn -0.0000 -0.9385 0.3452
vn -0.0000 -0.9814 0.1918
vn -0.0000 -0.9994 0.0336
vn -0.0000 -0.9921 -0.1255
vn -0.0000 -0.9786 0.2057
vn -0.0000 -0.9786 0.2058
vn -0.0000 -0.9347 0.3555
vn -0.0000 -0.9347 0.3556
vn -0.0000 -0.8679 0.4967
vn -0.0000 -0.7800 0.6257
vn -0.0000 -0.6731 0.7395
vn -0.0000 -0.9574 -0.2886
vn -0.0000 -0.9574 -0.2887
vn -0.0000 -0.8928 -0.4505
vn -0.0000 -0.8010 -0.5987
vn -0.0000 -0.6848 -0.7287
vn -0.0000 -0.5479 -0.8365
vn -0.0000 -0.3943 -0.9190
vn -0.0000 -0.2287 -0.9735
vn -0.0000 -0.0562 -0.9984
vn -0.0000 -0.1180 0.9930
vn -0.0000 -0.1232 0.9924
vn -0.0000 -0.0405 -0.9992
vn -0.0000 -0.2031 -0.9791
vn -0.0000 -0.3603 -0.9328
vn -0.0000 -0.5078 -0.8615
vn -0.0000 -0.6417 -0.7669
vn -0.0000 -0.6417 -0.7670
vn -0.0000 -0.7583 -0.6519
vn -0.0000 -0.7584 -0.6518
vn -0.0000 -0.8546 -0.5193
vn -0.0000 -0.8546 -0.5192
vn -0.0000 -0.9279 -0.3727
vn -0.0000 -0.2032 -0.9791
vn -0.0000 -0.7583 -0.6518
vn -0.0000 -0.9280 -0.3727
vn -0.0000 -0.9432 0.3323
vn -0.0000 -0.9606 0.2779
vn -0.0214 -0.9611 0.2755
vn -0.0000 -0.9685 0.2492
vn 0.0233 -0.9603 0.2779
vn -0.0000 -0.9613 0.2755
vn -0.0000 -0.9102 0.4143
vn -0.0000 0.7456 -0.6664
vn -0.0000 -0.9102 0.4142
vn -0.0000 -0.9101 0.4143
vn -0.0000 0.0473 0.9989
vn 0.0052 -0.9965 0.0829
vn -0.0000 -0.9883 0.1524
vn -0.0000 -0.9966 0.0829
vn -0.0034 -0.9943 0.1067
vn -0.0000 -0.9943 0.1067
vn -0.0000 -0.9995 -0.0329
vn -0.0000 -0.9851 -0.1720
vn -0.0000 -0.9542 -0.2990
vn 0.0175 -0.9309 -0.3650
vn -0.0119 -0.9633 -0.2680
vn -0.0000 -0.9423 -0.3347
vn -0.0000 -0.9634 -0.2680
vn 0.0036 -0.9515 -0.3076
vn -0.0000 -0.9542 -0.2991
vn -0.0000 -0.9310 -0.3650
vn -0.0089 -0.9634 -0.2680
vn 0.0081 -0.9634 -0.2680
vn -0.0055 -0.9310 -0.3650
vn -0.0000 -0.9515 -0.3076
vn -0.0000 -0.8993 -0.4373
vn -0.0000 -0.8296 -0.5584
vn -0.0000 -0.7436 -0.6686
vn -0.0000 -0.9697 0.2443
vn -0.0000 -0.9261 0.3772
vn -0.0000 -0.8645 0.5026
vn -0.0000 -0.7860 0.6182
vn -0.0000 -0.6921 0.7218
vn -0.0000 -0.5847 0.8112
vn -0.0000 -0.4659 0.8848
vn -0.0000 -0.3380 0.9412
vn -0.0000 -0.2034 0.9791
vn -0.0000 -0.5165 -0.8563
vn -0.0000 -0.6631 -0.7485
vn -0.0000 -0.7635 -0.6459
vn -0.0000 -0.7634 -0.6459
vn -0.0000 -0.8481 -0.5299
vn -0.0000 -0.9152 -0.4030
vn -0.0000 -0.9635 -0.2679
vn -0.0000 -0.9635 -0.2678
vn -0.0000 -0.9983 -0.0578
vn -0.0000 -1.0000 0.0067
vn -0.0000 -0.0438 -0.9990
vn -1.0000 -0.0000 -0.0000
vn -0.0000 -0.4912 -0.8710
vn -0.0000 -0.6099 -0.7925
vn -0.0000 -0.7162 -0.6979
vn -0.0000 -0.8080 -0.5892
vn -0.0000 -0.8834 -0.4686
vn -0.0000 -0.9410 -0.3385
vn -0.0000 -0.9795 -0.2016
vn -0.0000 -0.9982 -0.0605
vn -0.0000 -0.9967 0.0817
vn -0.0000 -0.9967 0.0818
vn -0.0000 -0.9750 0.2224
vn -0.0000 -0.9335 0.3585
vn -0.0000 -0.8732 0.4873
vn -0.0000 -0.7952 0.6063
vn -0.0000 -0.7011 0.7130
vn -0.0000 -0.5929 0.8053
vn -0.0000 -0.4726 0.8813
vn -0.0000 -0.3427 0.9394
vn -0.0000 -0.2059 0.9786
vn -0.0000 -0.9641 -0.2654
vn -0.0000 -0.9158 -0.4016
vn -0.0000 -0.8484 -0.5294
vn -0.0000 -0.7632 -0.6461
vn -0.0000 -0.6622 -0.7494
vn -0.0000 -1.0000 -0.0005
vn -0.0000 -0.9982 -0.0606
vn 1.0000 -0.0001 -0.0000
vn 1.0000 0.0001 -0.0000
vn 1.0000 0.0002 -0.0000
vn 1.0000 -0.0002 -0.0000
vn -1.0000 0.0001 -0.0000
vn -1.0000 -0.0001 -0.0000
vn -1.0000 0.0003 -0.0000
vn -1.0000 0.0005 -0.0000
vn -1.0000 -0.0002 -0.0000
vn -0.0000 -0.1307 -0.9914
vn -0.0000 -0.3008 -0.9537
vn -0.0000 -0.4619 -0.8869
vn -0.0000 -0.4619 -0.8870
vn -0.0000 -0.6088 -0.7933
vn -0.0000 -0.7374 -0.6755
vn -0.0000 -0.8435 -0.5371
vn -0.0000 -0.8435 -0.5372
vn -0.0000 -0.9239 -0.3826
vn -0.0000 -0.9239 -0.3825
vn -0.0000 -0.9763 -0.2163
vn -0.0000 -0.9991 -0.0435
vn -0.0000 -0.9914 0.1306
vn -0.0000 -0.9914 0.1307
vn -0.0000 -0.9537 0.3008
vn -0.0000 -0.9537 0.3009
vn -0.0000 -0.8869 0.4619
vn -0.0000 -0.8870 0.4618
vn -0.0000 -0.7933 0.6089
vn -0.0000 -0.7933 0.6088
vn -0.0000 -0.6755 0.7374
vn -0.0000 -0.5372 0.8435
vn -0.0000 -0.3826 0.9239
vn -0.0000 -0.2163 0.9763
vn -0.0000 -0.0435 0.9991
vn -0.0000 -0.6089 -0.7933
vn -0.0000 -0.9240 -0.3825
vn -0.0000 -0.9991 -0.0434
vn -0.0000 -0.7334 0.6798
vn -1.0000 0.0002 -0.0000
vn -0.0000 -0.7335 0.6797
vn -0.0000 0.0435 -0.9991
vn -0.0000 0.2163 -0.9763
vn -0.0000 -0.6755 0.7373
vn -0.0000 -0.1306 -0.9914
vn -0.0000 -0.9763 -0.2164
vn -0.0000 -0.3009 -0.9537
vn -0.0000 -0.3825 0.9239
vn -0.0000 -0.5371 0.8435
vn -0.0000 -0.8434 -0.5372
s 0
f 2917//97 2918//97 2919//97
f 2919//97 2918//97 2920//97
f 2921//98 2922//98 2923//98
f 2923//97 2922//97 2924//97
f 2925//97 2926//97 2927//97
f 2927//98 2926//98 2928//98
f 2929//97 2930//97 2931//97
f 2931//98 2930//98 2932//98
f 2935//99 2934//99 2933//99
f 2936//99 2934//99 2935//99
f 2939//99 2938//99 2937//99
f 2940//99 2938//99 2939//99
f 2943//99 2942//99 2941//99
f 2944//99 2942//99 2943//99
f 2947//99 2946//99 2945//99
f 2948//99 2946//99 2947//99
f 2951//100 2950//100 2949//100
f 2952//100 2950//100 2951//100
f 2955//100 2954//100 2953//100
f 2956//100 2954//100 2955//100
f 2959//100 2958//100 2957//100
f 2960//100 2958//100 2959//100
f 2963//100 2962//100 2961//100
f 2964//100 2962//100 2963//100
f 2965//101 2919//101 2917//101
f 2966//101 2919//101 2965//101
f 2967//102 2966//102 2965//102
f 2968//102 2966//102 2967//102
f 2969//103 2968//103 2967//103
f 2970//103 2968//103 2969//103
f 2971//104 2970//104 2969//104
f 2972//104 2970//104 2971//104
f 2973//105 2972//105 2971//105
f 2974//105 2972//105 2973//105
f 2975//106 2974//106 2973//106
f 2978//107 2977//107 2976//107
f 2978//107 2980//107 2979//107
f 2981//101 2927//101 2925//101
f 2982//101 2927//101 2981//101
f 2983//102 2982//102 2981//102
f 2984//102 2982//102 2983//102
f 2985//103 2984//103 2983//103
f 2986//103 2984//103 2985//103
f 2987//104 2986//104 2985//104
f 2988//104 2986//104 2987//104
f 2989//105 2988//105 2987//105
f 2990//105 2988//105 2989//105
f 2977//106 2990//106 2989//106
f 2991//106 2990//106 2977//106
f 2978//108 2991//108 2977//108
f 2975//109 2991//109 2978//109
f 2979//108 2975//108 2978//108
f 2974//106 2975//106 2979//106
f 2992//101 2923//101 2921//101
f 2993//101 2923//101 2992//101
f 2994//102 2993//102 2992//102
f 2995//102 2993//102 2994//102
f 2996//103 2995//103 2994//103
f 2997//103 2995//103 2996//103
f 2998//104 2997//104 2996//104
f 2999//104 2997//104 2998//104
f 3000//105 2999//105 2998//105
f 3001//105 2999//105 3000//105
f 3002//106 3001//106 3000//106
f 3003//101 2931//101 2929//101
f 3004//101 2931//101 3003//101
f 3005//102 3004//102 3003//102
f 3006//102 3004//102 3005//102
f 3007//103 3006//103 3005//103
f 3008//103 3006//103 3007//103
f 3009//104 3008//104 3007//104
f 3010//104 3008//104 3009//104
f 3011//105 3010//105 3009//105
f 3012//105 3010//105 3011//105
f 3013//106 3012//106 3011//106
f 3014//106 3012//106 3013//106
f 2978//108 3014//108 3013//108
f 3002//110 3014//110 2978//110
f 2976//111 3002//111 2978//111
f 3001//106 3002//106 2976//106
f 3016//107 3013//107 3015//107
f 2978//107 3013//107 3016//107
f 3017//112 2978//112 3016//112
f 3018//112 2978//112 3017//112
f 3021//113 3020//113 3019//113
f 3022//113 3020//113 3021//113
f 3023//114 3022//114 3021//114
f 3024//114 3022//114 3023//114
f 3025//115 3024//115 3023//115
f 3026//115 3024//115 3025//115
f 3027//116 3026//116 3025//116
f 3028//116 3026//116 3027//116
f 3029//117 3028//117 3027//117
f 3030//117 3028//117 3029//117
f 2950//118 3030//118 3029//118
f 2952//118 3030//118 2950//118
f 3033//113 3032//113 3031//113
f 3034//113 3032//113 3033//113
f 3035//114 3034//114 3033//114
f 3036//114 3034//114 3035//114
f 3037//115 3036//115 3035//115
f 3038//115 3036//115 3037//115
f 3039//116 3038//116 3037//116
f 3040//116 3038//116 3039//116
f 3041//117 3040//117 3039//117
f 3042//117 3040//117 3041//117
f 2954//118 3042//118 3041//118
f 2956//118 3042//118 2954//118
f 3045//113 3044//113 3043//113
f 3046//113 3044//113 3045//113
f 3047//114 3046//114 3045//114
f 3048//114 3046//114 3047//114
f 3049//115 3048//115 3047//115
f 3050//115 3048//115 3049//115
f 3051//116 3050//116 3049//116
f 3052//116 3050//116 3051//116
f 3053//117 3052//117 3051//117
f 3054//117 3052//117 3053//117
f 2958//118 3054//118 3053//118
f 2960//118 3054//118 2958//118
f 3057//113 3056//113 3055//113
f 3058//113 3056//113 3057//113
f 3059//114 3058//114 3057//114
f 3060//114 3058//114 3059//114
f 3061//115 3060//115 3059//115
f 3062//115 3060//115 3061//115
f 3063//116 3062//116 3061//116
f 3064//116 3062//116 3063//116
f 3065//117 3064//117 3063//117
f 3066//117 3064//117 3065//117
f 2962//118 3066//118 3065//118
f 2964//118 3066//118 2962//118
f 3067//119 2918//119 2920//119
f 3068//119 3067//119 2920//119
f 3069//120 3067//120 3068//120
f 3070//120 3069//120 3068//120
f 3071//121 3069//121 3070//121
f 3072//121 3071//121 3070//121
f 3073//122 3071//122 3072//122
f 3074//122 3073//122 3072//122
f 3075//123 3073//123 3074//123
f 3076//124 3075//124 3074//124
f 3077//125 3075//125 3076//125
f 3078//125 3077//125 3076//125
f 2933//126 3077//126 3078//126
f 2935//127 2933//127 3078//127
f 3079//119 2922//119 2924//119
f 3080//119 3079//119 2924//119
f 3081//120 3079//120 3080//120
f 3082//120 3081//120 3080//120
f 3083//121 3081//121 3082//121
f 3084//121 3083//121 3082//121
f 3085//122 3083//122 3084//122
f 3086//122 3085//122 3084//122
f 3087//123 3085//123 3086//123
f 3088//124 3087//124 3086//124
f 3089//128 3087//128 3088//128
f 3090//125 3089//125 3088//125
f 2937//127 3089//127 3090//127
f 2939//126 2937//126 3090//126
f 3091//119 2926//119 2928//119
f 3092//119 3091//119 2928//119
f 3093//120 3091//120 3092//120
f 3094//120 3093//120 3092//120
f 3095//121 3093//121 3094//121
f 3096//121 3095//121 3094//121
f 3097//122 3095//122 3096//122
f 3098//122 3097//122 3096//122
f 3099//123 3097//123 3098//123
f 3100//124 3099//124 3098//124
f 3101//128 3099//128 3100//128
f 3102//125 3101//125 3100//125
f 2941//127 3101//127 3102//127
f 2943//126 2941//126 3102//126
f 3103//119 2930//119 2932//119
f 3104//119 3103//119 2932//119
f 3105//120 3103//120 3104//120
f 3106//120 3105//120 3104//120
f 3107//121 3105//121 3106//121
f 3108//121 3107//121 3106//121
f 3109//122 3107//122 3108//122
f 3110//122 3109//122 3108//122
f 3111//123 3109//123 3110//123
f 3112//124 3111//124 3110//124
f 3113//128 3111//128 3112//128
f 3114//125 3113//125 3112//125
f 2945//127 3113//127 3114//127
f 2947//126 2945//126 3114//126
f 3115//129 2934//129 2936//129
f 3116//129 3115//129 2936//129
f 3117//130 3115//130 3116//130
f 3118//130 3117//130 3116//130
f 3119//131 3117//131 3118//131
f 3120//131 3119//131 3118//131
f 3121//132 3119//132 3120//132
f 3122//133 3121//133 3120//133
f 3123//134 3121//134 3122//134
f 3124//135 3123//135 3122//135
f 3125//136 3123//136 3124//136
f 3126//137 3125//137 3124//137
f 3127//138 3125//138 3126//138
f 3128//139 3127//139 3126//139
f 2949//140 3127//140 3128//140
f 2951//140 2949//140 3128//140
f 3129//129 2938//129 2940//129
f 3130//129 3129//129 2940//129
f 3131//130 3129//130 3130//130
f 3132//141 3131//141 3130//141
f 3133//131 3131//131 3132//131
f 3134//131 3133//131 3132//131
f 3135//133 3133//133 3134//133
f 3136//132 3135//132 3134//132
f 3137//135 3135//135 3136//135
f 3138//134 3137//134 3136//134
f 3139//137 3137//137 3138//137
f 3140//136 3139//136 3138//136
f 3141//138 3139//138 3140//138
f 3142//139 3141//139 3140//139
f 2953//140 3141//140 3142//140
f 2955//140 2953//140 3142//140
f 3143//129 2942//129 2944//129
f 3144//129 3143//129 2944//129
f 3145//130 3143//130 3144//130
f 3146//130 3145//130 3144//130
f 3147//131 3145//131 3146//131
f 3148//131 3147//131 3146//131
f 3149//133 3147//133 3148//133
f 3150//132 3149//132 3148//132
f 3151//135 3149//135 3150//135
f 3152//134 3151//134 3150//134
f 3153//137 3151//137 3152//137
f 3154//136 3153//136 3152//136
f 3155//138 3153//138 3154//138
f 3156//139 3155//139 3154//139
f 2957//140 3155//140 3156//140
f 2959//140 2957//140 3156//140
f 3157//129 2946//129 2948//129
f 3158//129 3157//129 2948//129
f 3159//130 3157//130 3158//130
f 3160//130 3159//130 3158//130
f 3161//131 3159//131 3160//131
f 3162//131 3161//131 3160//131
f 3163//133 3161//133 3162//133
f 3164//132 3163//132 3162//132
f 3165//135 3163//135 3164//135
f 3166//134 3165//134 3164//134
f 3167//137 3165//137 3166//137
f 3168//136 3167//136 3166//136
f 3169//138 3167//138 3168//138
f 3170//139 3169//139 3168//139
f 2961//140 3169//140 3170//140
f 2963//140 2961//140 3170//140
f 3171//142 3018//142 3017//142
f 3172//142 3171//142 3017//142
f 3173//143 3171//143 3172//143
f 3174//143 3173//143 3172//143
f 3175//144 2980//144 2978//144
f 3178//144 3177//144 3176//144
f 3179//144 3177//144 3178//144
f 3180//144 3179//144 3178//144
f 3183//144 3182//144 3181//144
f 3184//144 3182//144 3183//144
f 3173//144 3184//144 3183//144
f 3183//144 3186//144 3185//144
f 3188//144 3183//144 3187//144
f 3189//144 3183//144 3188//144
f 3183//144 3190//144 3187//144
f 3191//144 3190//144 3183//144
f 3192//144 3191//144 3183//144
f 3183//144 3193//144 3192//144
f 3194//144 3193//144 3183//144
f 3195//144 3194//144 3183//144
f 3183//144 3175//144 2978//144
f 3196//144 3175//144 3183//144
f 3185//144 3196//144 3183//144
f 3183//144 3197//144 3195//144
f 3198//144 3197//144 3183//144
f 3199//144 3198//144 3183//144
f 3180//144 3200//144 3179//144
f 3201//144 3200//144 3180//144
f 3183//144 3201//144 3180//144
f 3202//144 3201//144 3183//144
f 3181//144 3202//144 3183//144
f 3183//144 3171//144 3173//144
f 3018//144 3171//144 3183//144
f 2978//144 3018//144 3183//144
f 3183//144 3203//144 3186//144
f 3204//144 3203//144 3183//144
f 3189//144 3204//144 3183//144
f 3207//145 3206//145 3205//145
f 3208//145 3206//145 3207//145
f 3211//145 3210//145 3209//145
f 3212//145 3210//145 3211//145
f 3215//145 3214//145 3213//145
f 3216//145 3214//145 3215//145
f 3219//145 3218//145 3217//145
f 3220//145 3218//145 3219//145
f 3223//146 3222//146 3221//146
f 3224//147 3222//147 3223//147
f 3227//146 3226//146 3225//146
f 3228//147 3226//147 3227//147
f 3231//147 3230//147 3229//147
f 3232//146 3230//146 3231//146
f 3235//146 3234//146 3233//146
f 3236//147 3234//147 3235//147
f 3237//148 3238//148 3239//148
f 3239//149 3238//149 3240//149
f 3241//148 3242//148 3243//148
f 3243//149 3242//149 3244//149
f 3245//148 3246//148 3247//148
f 3247//149 3246//149 3248//149
f 3249//149 3250//149 3251//149
f 3251//149 3250//149 3252//149
f 3253//150 3208//150 3207//150
f 3254//151 3253//151 3207//151
f 3255//152 3253//152 3254//152
f 3256//152 3255//152 3254//152
f 3257//153 3255//153 3256//153
f 3258//153 3257//153 3256//153
f 3259//154 3257//154 3258//154
f 3260//154 3259//154 3258//154
f 3261//155 3259//155 3260//155
f 3262//155 3261//155 3260//155
f 3263//156 3261//156 3262//156
f 3264//156 3263//156 3262//156
f 3222//157 3263//157 3264//157
f 3221//157 3222//157 3264//157
f 3265//150 3212//150 3211//150
f 3266//151 3265//151 3211//151
f 3267//152 3265//152 3266//152
f 3268//152 3267//152 3266//152
f 3269//153 3267//153 3268//153
f 3270//153 3269//153 3268//153
f 3271//154 3269//154 3270//154
f 3272//154 3271//154 3270//154
f 3273//155 3271//155 3272//155
f 3274//155 3273//155 3272//155
f 3275//156 3273//156 3274//156
f 3276//156 3275//156 3274//156
f 3226//157 3275//157 3276//157
f 3225//157 3226//157 3276//157
f 3277//150 3215//150 3213//150
f 3278//151 3277//151 3213//151
f 3279//152 3277//152 3278//152
f 3280//152 3279//152 3278//152
f 3281//153 3279//153 3280//153
f 3282//153 3281//153 3280//153
f 3283//154 3281//154 3282//154
f 3284//154 3283//154 3282//154
f 3285//155 3283//155 3284//155
f 3286//155 3285//155 3284//155
f 3287//156 3285//156 3286//156
f 3288//156 3287//156 3286//156
f 3232//157 3287//157 3288//157
f 3230//157 3232//157 3288//157
f 3289//150 3220//150 3219//150
f 3290//151 3289//151 3219//151
f 3291//152 3289//152 3290//152
f 3292//152 3291//152 3290//152
f 3293//153 3291//153 3292//153
f 3294//153 3293//153 3292//153
f 3295//154 3293//154 3294//154
f 3296//154 3295//154 3294//154
f 3297//155 3295//155 3296//155
f 3298//155 3297//155 3296//155
f 3299//156 3297//156 3298//156
f 3300//156 3299//156 3298//156
f 3234//157 3299//157 3300//157
f 3233//157 3234//157 3300//157
f 3303//158 3302//158 3301//158
f 3304//159 3302//159 3303//159
f 3305//160 3304//160 3303//160
f 3306//161 3304//161 3305//161
f 3307//162 3306//162 3305//162
f 3308//162 3306//162 3307//162
f 3309//163 3308//163 3307//163
f 3310//163 3308//163 3309//163
f 3205//164 3310//164 3309//164
f 3206//164 3310//164 3205//164
f 3313//158 3312//158 3311//158
f 3314//159 3312//159 3313//159
f 3315//160 3314//160 3313//160
f 3316//161 3314//161 3315//161
f 3317//162 3316//162 3315//162
f 3318//162 3316//162 3317//162
f 3319//163 3318//163 3317//163
f 3320//163 3318//163 3319//163
f 3209//164 3320//164 3319//164
f 3210//164 3320//164 3209//164
f 3323//158 3322//158 3321//158
f 3324//159 3322//159 3323//159
f 3325//160 3324//160 3323//160
f 3326//161 3324//161 3325//161
f 3327//162 3326//162 3325//162
f 3328//162 3326//162 3327//162
f 3329//163 3328//163 3327//163
f 3330//163 3328//163 3329//163
f 3214//164 3330//164 3329//164
f 3216//164 3330//164 3214//164
f 3333//158 3332//158 3331//158
f 3334//159 3332//159 3333//159
f 3335//160 3334//160 3333//160
f 3336//161 3334//161 3335//161
f 3337//162 3336//162 3335//162
f 3338//162 3336//162 3337//162
f 3339//163 3338//163 3337//163
f 3340//163 3338//163 3339//163
f 3217//164 3340//164 3339//164
f 3218//164 3340//164 3217//164
f 3341//165 3224//165 3223//165
f 3342//166 3341//166 3223//166
f 3343//167 3341//167 3342//167
f 3344//167 3343//167 3342//167
f 3345//168 3343//168 3344//168
f 3346//168 3345//168 3344//168
f 3347//169 3345//169 3346//169
f 3348//169 3347//169 3346//169
f 3349//170 3347//170 3348//170
f 3350//170 3349//170 3348//170
f 3351//171 3349//171 3350//171
f 3352//171 3351//171 3350//171
f 3353//172 3351//172 3352//172
f 3354//172 3353//172 3352//172
f 3355//173 3353//173 3354//173
f 3356//173 3355//173 3354//173
f 3356//174 3355//174 3238//174
f 3356//174 3238//174 3237//174
f 3357//165 3228//165 3227//165
f 3358//166 3357//166 3227//166
f 3359//167 3357//167 3358//167
f 3360//167 3359//167 3358//167
f 3361//168 3359//168 3360//168
f 3362//168 3361//168 3360//168
f 3363//169 3361//169 3362//169
f 3364//169 3363//169 3362//169
f 3365//170 3363//170 3364//170
f 3366//170 3365//170 3364//170
f 3367//171 3365//171 3366//171
f 3368//171 3367//171 3366//171
f 3369//172 3367//172 3368//172
f 3370//172 3369//172 3368//172
f 3371//173 3369//173 3370//173
f 3372//173 3371//173 3370//173
f 3372//174 3371//174 3242//174
f 3372//174 3242//174 3241//174
f 3373//165 3231//165 3229//165
f 3374//166 3373//166 3229//166
f 3375//167 3373//167 3374//167
f 3376//167 3375//167 3374//167
f 3377//168 3375//168 3376//168
f 3378//168 3377//168 3376//168
f 3379//169 3377//169 3378//169
f 3380//169 3379//169 3378//169
f 3381//170 3379//170 3380//170
f 3382//170 3381//170 3380//170
f 3383//171 3381//171 3382//171
f 3384//171 3383//171 3382//171
f 3385//172 3383//172 3384//172
f 3386//172 3385//172 3384//172
f 3387//173 3385//173 3386//173
f 3388//173 3387//173 3386//173
f 3388//174 3387//174 3248//174
f 3388//174 3248//174 3246//174
f 3389//165 3236//165 3235//165
f 3390//166 3389//166 3235//166
f 3391//167 3389//167 3390//167
f 3392//167 3391//167 3390//167
f 3393//168 3391//168 3392//168
f 3394//168 3393//168 3392//168
f 3395//169 3393//169 3394//169
f 3396//169 3395//169 3394//169
f 3397//170 3395//170 3396//170
f 3398//170 3397//170 3396//170
f 3399//171 3397//171 3398//171
f 3400//171 3399//171 3398//171
f 3401//172 3399//172 3400//172
f 3402//172 3401//172 3400//172
f 3403//173 3401//173 3402//173
f 3404//173 3403//173 3402//173
f 3404//174 3403//174 3250//174
f 3404//174 3250//174 3249//174
f 3239//175 3240//175 3405//175
f 3405//175 3240//175 3406//175
f 3407//176 3406//176 3405//176
f 3408//176 3406//176 3407//176
f 3409//177 3408//177 3407//177
f 3410//177 3408//177 3409//177
f 3411//178 3410//178 3409//178
f 3412//178 3410//178 3411//178
f 3413//179 3412//179 3411//179
f 3414//179 3412//179 3413//179
f 3415//180 3414//180 3413//180
f 3416//181 3414//181 3415//181
f 3417//182 3416//182 3415//182
f 3418//183 3416//183 3417//183
f 3419//184 3418//184 3417//184
f 3420//185 3418//185 3419//185
f 3421//186 3420//186 3419//186
f 3422//186 3420//186 3421//186
f 3243//175 3244//175 3423//175
f 3423//175 3244//175 3424//175
f 3425//176 3424//176 3423//176
f 3426//176 3424//176 3425//176
f 3427//187 3426//187 3425//187
f 3428//177 3426//177 3427//177
f 3429//178 3428//178 3427//178
f 3430//178 3428//178 3429//178
f 3431//179 3430//179 3429//179
f 3432//179 3430//179 3431//179
f 3433//180 3432//180 3431//180
f 3434//181 3432//181 3433//181
f 3435//182 3434//182 3433//182
f 3436//188 3434//188 3435//188
f 3437//184 3436//184 3435//184
f 3438//185 3436//185 3437//185
f 3439//186 3438//186 3437//186
f 3440//186 3438//186 3439//186
f 3245//175 3247//175 3441//175
f 3441//175 3247//175 3442//175
f 3443//176 3442//176 3441//176
f 3444//176 3442//176 3443//176
f 3445//177 3444//177 3443//177
f 3446//177 3444//177 3445//177
f 3447//178 3446//178 3445//178
f 3448//178 3446//178 3447//178
f 3449//179 3448//179 3447//179
f 3450//179 3448//179 3449//179
f 3451//180 3450//180 3449//180
f 3452//181 3450//181 3451//181
f 3453//182 3452//182 3451//182
f 3454//183 3452//183 3453//183
f 3455//184 3454//184 3453//184
f 3456//185 3454//185 3455//185
f 3457//186 3456//186 3455//186
f 3458//189 3456//189 3457//189
f 3251//175 3252//175 3459//175
f 3459//175 3252//175 3460//175
f 3461//176 3460//176 3459//176
f 3462//176 3460//176 3461//176
f 3463//187 3462//187 3461//187
f 3464//187 3462//187 3463//187
f 3465//178 3464//178 3463//178
f 3466//178 3464//178 3465//178
f 3467//179 3466//179 3465//179
f 3468//179 3466//179 3467//179
f 3469//180 3468//180 3467//180
f 3470//181 3468//181 3469//181
f 3471//182 3470//182 3469//182
f 3472//188 3470//188 3471//188
f 3473//184 3472//184 3471//184
f 3474//185 3472//185 3473//185
f 3475//186 3474//186 3473//186
f 3476//186 3474//186 3475//186
f 3477//190 3478//190 3479//190
f 3479//190 3478//190 3480//190
f 3479//191 3480//191 3481//191
f 3481//192 3480//192 3482//192
f 3481//193 3482//193 3483//193
f 3483//193 3482//193 3176//193
f 3483//194 3176//194 3484//194
f 3484//195 3176//195 3178//195
f 3484//190 3178//190 3485//190
f 3485//190 3178//190 3180//190
f 3485//196 3180//196 3486//196
f 3486//196 3180//196 3183//196
f 3487//197 3183//197 3486//197
f 3199//197 3183//197 3487//197
f 3488//197 3199//197 3487//197
f 3489//197 3199//197 3488//197
f 3490//197 3489//197 3488//197
f 3491//197 3489//197 3490//197
f 3478//198 3477//198 3491//198
f 3491//199 3477//199 3490//199
f 3198//200 3489//200 3492//200
f 3199//200 3489//200 3198//200
f 3188//201 3332//201 3493//201
f 3331//202 3332//202 3188//202
f 3322//203 3494//203 3311//203
f 3495//202 3311//202 3312//202
f 3322//202 3311//202 3495//202
f 3321//202 3322//202 3495//202
f 3321//203 3302//203 3496//203
f 3495//202 3302//202 3321//202
f 3301//202 3302//202 3495//202
f 3497//204 3301//204 3495//204
f 3493//205 3189//205 3188//205
f 3204//206 3189//206 3493//206
f 3498//206 3204//206 3493//206
f 3203//207 3204//207 3498//207
f 3499//207 3203//207 3498//207
f 3019//208 3020//208 3500//208
f 3501//209 3500//209 3020//209
f 3439//210 3500//210 3501//210
f 3440//211 3439//211 3501//211
f 3476//212 3203//212 3499//212
f 3186//213 3203//213 3476//213
f 3475//211 3186//211 3476//211
f 3502//214 3043//214 3044//214
f 3032//208 3502//208 3031//208
f 3043//214 3502//214 3032//214
f 3503//215 3043//215 3032//215
f 3031//215 3056//215 3504//215
f 3506//216 3421//216 3505//216
f 3422//211 3421//211 3506//211
f 3502//208 3056//208 3031//208
f 3055//208 3056//208 3502//208
f 3458//217 3055//217 3502//217
f 3507//218 3055//218 3458//218
f 3457//211 3507//211 3458//211
f 3509//212 3508//212 3440//212
f 3510//207 3508//207 3509//207
f 3511//207 3510//207 3509//207
f 3512//206 3510//206 3511//206
f 3513//206 3512//206 3511//206
f 3331//203 3512//203 3513//203
f 3515//212 3514//212 3422//212
f 3516//207 3514//207 3515//207
f 3517//207 3516//207 3515//207
f 3496//206 3516//206 3517//206
f 3518//206 3496//206 3517//206
f 3321//203 3496//203 3518//203
f 3019//215 3044//215 3519//215
f 3502//214 3044//214 3019//214
f 3500//214 3502//214 3019//214
f 3520//207 3502//207 3500//207
f 3521//207 3520//207 3500//207
f 3494//206 3520//206 3521//206
f 3522//206 3494//206 3521//206
f 3311//203 3494//203 3522//203
f 3505//219 3523//219 3506//219
f 3524//207 3523//207 3505//207
f 3525//207 3524//207 3505//207
f 3497//206 3524//206 3525//206
f 3526//206 3497//206 3525//206
f 3301//203 3497//203 3526//203
f 3422//212 3457//212 3515//212
f 3507//211 3457//211 3422//211
f 3506//211 3507//211 3422//211
f 3527//220 3507//220 3506//220
f 3528//220 3527//220 3506//220
f 3529//221 3527//221 3528//221
f 3530//221 3529//221 3528//221
f 3531//222 3529//222 3530//222
f 3532//222 3531//222 3530//222
f 3504//215 3533//215 3031//215
f 3534//220 3533//220 3504//220
f 3535//220 3534//220 3504//220
f 3536//221 3534//221 3535//221
f 3537//221 3536//221 3535//221
f 3538//222 3536//222 3537//222
f 3539//222 3538//222 3537//222
f 3503//215 3540//215 3043//215
f 3541//220 3540//220 3503//220
f 3542//220 3541//220 3503//220
f 3543//221 3541//221 3542//221
f 3544//221 3543//221 3542//221
f 3545//222 3543//222 3544//222
f 3546//222 3545//222 3544//222
f 3519//215 3547//215 3019//215
f 3548//220 3547//220 3519//220
f 3549//220 3548//220 3519//220
f 3550//221 3548//221 3549//221
f 3551//221 3550//221 3549//221
f 3552//222 3550//222 3551//222
f 3553//222 3552//222 3551//222
f 3440//212 3475//212 3509//212
f 3186//211 3475//211 3440//211
f 3501//211 3186//211 3440//211
f 3185//220 3186//220 3501//220
f 3554//220 3185//220 3501//220
f 3196//221 3185//221 3554//221
f 3555//221 3196//221 3554//221
f 3175//222 3196//222 3555//222
f 3556//222 3175//222 3555//222
f 3331//203 3312//203 3512//203
f 3495//202 3312//202 3331//202
f 3188//202 3495//202 3331//202
f 3557//223 3495//223 3188//223
f 3187//223 3557//223 3188//223
f 3558//224 3557//224 3187//224
f 3190//224 3558//224 3187//224
f 3559//225 3558//225 3190//225
f 3191//225 3559//225 3190//225
f 3560//226 3559//226 3191//226
f 3192//226 3560//226 3191//226
f 3561//227 3560//227 3192//227
f 3193//227 3561//227 3192//227
f 3562//228 3561//228 3193//228
f 3194//228 3562//228 3193//228
f 3563//229 3562//229 3194//229
f 3195//229 3563//229 3194//229
f 3564//230 3563//230 3195//230
f 3197//230 3564//230 3195//230
f 3492//231 3564//231 3197//231
f 3198//231 3492//231 3197//231
f 3565//232 3173//232 3174//232
f 3184//232 3173//232 3565//232
f 3566//233 3184//233 3565//233
f 3182//233 3184//233 3566//233
f 3567//234 3182//234 3566//234
f 3181//235 3182//235 3567//235
f 3568//236 3181//236 3567//236
f 3202//236 3181//236 3568//236
f 3569//237 3202//237 3568//237
f 3201//237 3202//237 3569//237
f 3570//238 3201//238 3569//238
f 3200//239 3201//239 3570//239
f 3571//240 3200//240 3570//240
f 3179//240 3200//240 3571//240
f 3572//241 3179//241 3571//241
f 3177//241 3179//241 3572//241
f 3176//242 3572//242 3482//242
f 3177//242 3572//242 3176//242
f 3491//243 3532//243 3530//243
f 3528//243 3491//243 3530//243
f 3571//243 3482//243 3572//243
f 3480//243 3482//243 3571//243
f 3570//243 3480//243 3571//243
f 3478//243 3480//243 3570//243
f 3491//243 3562//243 3563//243
f 3561//243 3562//243 3491//243
f 3560//243 3561//243 3491//243
f 3491//243 3492//243 3489//243
f 3564//243 3492//243 3491//243
f 3563//243 3564//243 3491//243
f 3491//243 3559//243 3560//243
f 3558//243 3559//243 3491//243
f 3557//243 3558//243 3491//243
f 3491//243 3495//243 3557//243
f 3497//243 3495//243 3491//243
f 3524//243 3497//243 3491//243
f 3491//243 3015//243 3532//243
f 3016//243 3015//243 3491//243
f 3017//243 3016//243 3491//243
f 3566//243 3565//243 3491//243
f 3491//243 3523//243 3524//243
f 3506//243 3523//243 3491//243
f 3528//243 3506//243 3491//243
f 3491//243 3172//243 3017//243
f 3174//243 3172//243 3491//243
f 3565//243 3174//243 3491//243
f 3491//243 3567//243 3566//243
f 3568//243 3567//243 3491//243
f 3478//243 3568//243 3491//243
f 3569//243 3568//243 3478//243
f 3570//243 3569//243 3478//243
f 3488//200 3573//200 3487//200
f 3487//200 3573//200 3574//200
f 3575//244 3576//244 3577//244
f 3577//244 3576//244 3578//244
f 3577//245 3578//245 3579//245
f 3579//245 3578//245 3580//245
f 3579//246 3580//246 3581//246
f 3581//246 3580//246 3582//246
f 3581//247 3582//247 3583//247
f 3583//247 3582//247 3584//247
f 3583//248 3584//248 3585//248
f 3585//248 3584//248 3586//248
f 3585//249 3586//249 3587//249
f 3587//249 3586//249 3588//249
f 3587//250 3588//250 3589//250
f 3589//250 3588//250 3590//250
f 3589//251 3590//251 3591//251
f 3591//251 3590//251 3592//251
f 3591//252 3592//252 3593//252
f 3593//253 3592//253 3594//253
f 3593//254 3594//254 3595//254
f 3595//254 3594//254 3596//254
f 3595//255 3596//255 3597//255
f 3597//255 3596//255 3598//255
f 3597//256 3598//256 3599//256
f 3599//256 3598//256 3600//256
f 3599//257 3600//257 3601//257
f 3601//257 3600//257 3602//257
f 3601//258 3602//258 3603//258
f 3603//258 3602//258 3604//258
f 3603//259 3604//259 3605//259
f 3605//259 3604//259 3606//259
f 3605//260 3606//260 3607//260
f 3607//260 3606//260 3608//260
f 3607//261 3608//261 3609//261
f 3609//261 3608//261 3610//261
f 3609//262 3610//262 3573//262
f 3573//262 3610//262 3574//262
f 3611//232 3576//232 3612//232
f 3612//232 3576//232 3575//232
f 3613//263 3614//263 3615//263
f 3613//263 3615//263 3616//263
f 3616//264 3615//264 3617//264
f 3616//264 3617//264 3618//264
f 3618//265 3617//265 3619//265
f 3618//265 3619//265 3620//265
f 3620//266 3619//266 3621//266
f 3620//266 3621//266 3622//266
f 3622//267 3621//267 3611//267
f 3622//267 3611//267 3612//267
f 3623//268 3624//268 3625//268
f 3623//268 3625//268 3626//268
f 3626//269 3625//269 3614//269
f 3626//269 3614//269 3613//269
f 3623//242 3481//242 3624//242
f 3624//242 3481//242 3483//242
f 3573//243 3488//243 3490//243
f 3622//243 3612//243 3490//243
f 3490//243 3591//243 3593//243
f 3593//243 3595//243 3490//243
f 3490//243 3595//243 3597//243
f 3490//243 3597//243 3599//243
f 3481//243 3623//243 3479//243
f 3479//243 3623//243 3626//243
f 3479//243 3626//243 3477//243
f 3599//243 3601//243 3490//243
f 3490//243 3601//243 3603//243
f 3490//243 3603//243 3605//243
f 3622//243 3490//243 3620//243
f 3605//243 3607//243 3490//243
f 3490//243 3607//243 3609//243
f 3490//243 3609//243 3573//243
f 3626//243 3613//243 3477//243
f 3477//243 3613//243 3616//243
f 3477//243 3616//243 3490//243
f 3490//243 3616//243 3618//243
f 3490//243 3618//243 3620//243
f 3585//243 3587//243 3490//243
f 3490//243 3587//243 3589//243
f 3490//243 3589//243 3591//243
f 3612//243 3575//243 3490//243
f 3490//243 3575//243 3577//243
f 3490//243 3577//243 3579//243
f 3579//243 3581//243 3490//243
f 3490//243 3581//243 3583//243
f 3490//243 3583//243 3585//243
f 3598//144 3596//144 3486//144
f 3610//144 3486//144 3574//144
f 3574//144 3486//144 3487//144
f 3596//144 3594//144 3486//144
f 3486//144 3594//144 3592//144
f 3486//144 3592//144 3590//144
f 3578//144 3576//144 3486//144
f 3486//144 3576//144 3611//144
f 3486//144 3611//144 3621//144
f 3604//144 3602//144 3486//144
f 3486//144 3602//144 3600//144
f 3486//144 3600//144 3598//144
f 3621//144 3619//144 3486//144
f 3486//144 3619//144 3617//144
f 3486//144 3617//144 3485//144
f 3624//144 3483//144 3625//144
f 3625//144 3483//144 3484//144
f 3625//144 3484//144 3614//144
f 3614//144 3484//144 3485//144
f 3614//144 3485//144 3615//144
f 3615//144 3485//144 3617//144
f 3610//144 3608//144 3486//144
f 3486//144 3608//144 3606//144
f 3486//144 3606//144 3604//144
f 3590//144 3588//144 3486//144
f 3486//144 3588//144 3586//144
f 3486//144 3586//144 3584//144
f 3584//144 3582//144 3486//144
f 3486//144 3582//144 3580//144
f 3486//144 3580//144 3578//144
f 3628//144 3250//144 3627//144
f 3403//144 3250//144 3628//144
f 3629//144 3403//144 3628//144
f 3401//144 3403//144 3629//144
f 3630//144 3401//144 3629//144
f 3493//144 3632//144 3631//144
f 3633//144 3632//144 3493//144
f 3634//144 3633//144 3493//144
f 3630//144 3399//144 3401//144
f 3397//144 3399//144 3630//144
f 3635//144 3397//144 3630//144
f 3395//144 3397//144 3635//144
f 3636//144 3395//144 3635//144
f 3393//144 3395//144 3636//144
f 3637//144 3393//144 3636//144
f 3391//144 3393//144 3637//144
f 3638//144 3391//144 3637//144
f 3389//144 3391//144 3638//144
f 3639//144 3389//144 3638//144
f 3236//144 3389//144 3639//144
f 3640//144 3236//144 3639//144
f 3234//144 3236//144 3640//144
f 3641//144 3234//144 3640//144
f 3299//144 3234//144 3641//144
f 3642//144 3299//144 3641//144
f 3297//144 3299//144 3642//144
f 3643//144 3297//144 3642//144
f 3643//144 3295//144 3297//144
f 3293//144 3295//144 3643//144
f 3644//144 3293//144 3643//144
f 3291//144 3293//144 3644//144
f 3645//144 3291//144 3644//144
f 3289//144 3291//144 3645//144
f 3646//144 3289//144 3645//144
f 3220//144 3289//144 3646//144
f 3647//144 3220//144 3646//144
f 3648//144 3220//144 3647//144
f 3250//144 3649//144 3627//144
f 3650//144 3649//144 3250//144
f 3252//144 3650//144 3250//144
f 3651//144 3650//144 3252//144
f 3252//144 3652//144 3651//144
f 3653//144 3652//144 3252//144
f 3460//144 3653//144 3252//144
f 3654//144 3653//144 3460//144
f 3462//144 3654//144 3460//144
f 3656//144 3493//144 3655//144
f 3498//144 3493//144 3656//144
f 3493//144 3657//144 3655//144
f 3658//144 3657//144 3493//144
f 3631//144 3658//144 3493//144
f 3493//144 3336//144 3338//144
f 3334//270 3336//270 3493//270
f 3332//271 3334//271 3493//271
f 3499//270 3474//270 3476//270
f 3472//144 3474//144 3499//144
f 3499//144 3464//144 3466//144
f 3462//144 3464//144 3499//144
f 3634//144 3220//144 3648//144
f 3218//144 3220//144 3634//144
f 3493//144 3218//144 3634//144
f 3340//144 3218//144 3493//144
f 3338//144 3340//144 3493//144
f 3499//144 3470//144 3472//144
f 3468//144 3470//144 3499//144
f 3466//144 3468//144 3499//144
f 3462//144 3659//144 3654//144
f 3660//144 3659//144 3462//144
f 3499//144 3660//144 3462//144
f 3661//144 3660//144 3499//144
f 3498//144 3661//144 3499//144
f 3662//144 3661//144 3498//144
f 3656//144 3662//144 3498//144
f 3664//144 3242//144 3663//144
f 3371//144 3242//144 3664//144
f 3665//144 3371//144 3664//144
f 3369//144 3371//144 3665//144
f 3666//144 3369//144 3665//144
f 3512//144 3668//144 3667//144
f 3669//144 3668//144 3512//144
f 3670//144 3669//144 3512//144
f 3666//144 3367//144 3369//144
f 3365//144 3367//144 3666//144
f 3671//144 3365//144 3666//144
f 3363//144 3365//144 3671//144
f 3672//144 3363//144 3671//144
f 3361//144 3363//144 3672//144
f 3673//144 3361//144 3672//144
f 3359//144 3361//144 3673//144
f 3674//144 3359//144 3673//144
f 3357//144 3359//144 3674//144
f 3675//144 3357//144 3674//144
f 3228//144 3357//144 3675//144
f 3676//144 3228//144 3675//144
f 3226//144 3228//144 3676//144
f 3677//144 3226//144 3676//144
f 3275//144 3226//144 3677//144
f 3678//144 3275//144 3677//144
f 3273//144 3275//144 3678//144
f 3679//144 3273//144 3678//144
f 3679//144 3271//144 3273//144
f 3269//144 3271//144 3679//144
f 3680//144 3269//144 3679//144
f 3267//144 3269//144 3680//144
f 3681//144 3267//144 3680//144
f 3265//144 3267//144 3681//144
f 3682//144 3265//144 3681//144
f 3212//144 3265//144 3682//144
f 3683//144 3212//144 3682//144
f 3684//144 3212//144 3683//144
f 3242//144 3685//144 3663//144
f 3686//270 3685//270 3242//270
f 3244//144 3686//144 3242//144
f 3687//144 3686//144 3244//144
f 3244//144 3688//144 3687//144
f 3689//144 3688//144 3244//144
f 3424//144 3689//144 3244//144
f 3690//144 3689//144 3424//144
f 3426//144 3690//144 3424//144
f 3692//144 3512//144 3691//144
f 3510//144 3512//144 3692//144
f 3512//144 3693//144 3691//144
f 3694//144 3693//144 3512//144
f 3667//144 3694//144 3512//144
f 3512//144 3316//144 3318//144
f 3314//271 3316//271 3512//271
f 3312//144 3314//144 3512//144
f 3508//272 3438//272 3440//272
f 3436//144 3438//144 3508//144
f 3508//144 3428//144 3430//144
f 3426//144 3428//144 3508//144
f 3670//144 3212//144 3684//144
f 3210//144 3212//144 3670//144
f 3512//144 3210//144 3670//144
f 3320//144 3210//144 3512//144
f 3318//144 3320//144 3512//144
f 3508//144 3434//144 3436//144
f 3432//144 3434//144 3508//144
f 3430//144 3432//144 3508//144
f 3426//144 3695//144 3690//144
f 3696//144 3695//144 3426//144
f 3508//144 3696//144 3426//144
f 3697//144 3696//144 3508//144
f 3510//144 3697//144 3508//144
f 3698//144 3697//144 3510//144
f 3692//144 3698//144 3510//144
f 3699//144 3219//144 3700//144
f 3700//144 3219//144 3290//144
f 3700//144 3290//144 3701//144
f 3699//144 3702//144 3219//144
f 3219//144 3702//144 3703//144
f 3219//144 3703//144 3217//144
f 3217//144 3703//144 3704//144
f 3217//144 3704//144 3705//144
f 3705//144 3706//144 3217//144
f 3217//144 3706//144 3707//144
f 3217//144 3707//144 3339//144
f 3473//273 3475//273 3509//273
f 3708//144 3509//144 3709//144
f 3709//144 3509//144 3710//144
f 3708//144 3711//144 3509//144
f 3509//144 3711//144 3712//144
f 3509//144 3712//144 3713//144
f 3714//144 3398//144 3715//144
f 3715//144 3398//144 3400//144
f 3715//144 3400//144 3716//144
f 3716//144 3400//144 3402//144
f 3716//144 3402//144 3717//144
f 3717//144 3402//144 3404//144
f 3717//144 3404//144 3718//144
f 3718//144 3404//144 3249//144
f 3290//144 3292//144 3701//144
f 3701//144 3292//144 3294//144
f 3701//144 3294//144 3719//144
f 3719//144 3294//144 3296//144
f 3719//144 3296//144 3720//144
f 3720//144 3296//144 3298//144
f 3720//144 3298//144 3721//144
f 3721//144 3298//144 3300//144
f 3721//144 3300//144 3722//144
f 3722//144 3300//144 3233//144
f 3722//144 3233//144 3723//144
f 3723//144 3233//144 3235//144
f 3723//144 3235//144 3724//144
f 3724//144 3235//144 3390//144
f 3724//144 3390//144 3725//144
f 3725//144 3390//144 3392//144
f 3725//144 3392//144 3726//144
f 3726//144 3392//144 3394//144
f 3726//144 3394//144 3714//144
f 3714//144 3394//144 3396//144
f 3714//144 3396//144 3398//144
f 3511//144 3727//144 3509//144
f 3509//144 3727//144 3728//144
f 3509//144 3728//144 3710//144
f 3513//271 3331//271 3333//271
f 3333//270 3335//270 3513//270
f 3513//144 3335//144 3337//144
f 3513//144 3337//144 3339//144
f 3707//144 3729//144 3339//144
f 3339//144 3729//144 3730//144
f 3339//144 3730//144 3513//144
f 3513//144 3730//144 3731//144
f 3513//144 3731//144 3511//144
f 3511//144 3731//144 3732//144
f 3511//144 3732//144 3727//144
f 3467//144 3509//144 3465//144
f 3465//144 3509//144 3463//144
f 3467//144 3469//144 3509//144
f 3509//144 3469//144 3471//144
f 3509//144 3471//144 3473//144
f 3713//144 3733//144 3249//144
f 3249//144 3733//144 3734//144
f 3249//144 3734//144 3718//144
f 3249//144 3251//144 3713//144
f 3713//144 3251//144 3459//144
f 3713//144 3459//144 3509//144
f 3509//144 3459//144 3461//144
f 3509//144 3461//144 3463//144
f 3735//274 3736//274 3496//274
f 3496//243 3736//243 3737//243
f 3496//243 3737//243 3738//243
f 3739//243 3496//243 3740//243
f 3740//243 3496//243 3516//243
f 3739//243 3741//243 3496//243
f 3496//243 3741//243 3742//243
f 3496//243 3742//243 3735//243
f 3743//243 3257//243 3744//243
f 3744//243 3257//243 3255//243
f 3744//243 3255//243 3745//243
f 3745//243 3255//243 3253//243
f 3745//243 3253//243 3746//243
f 3746//243 3253//243 3208//243
f 3746//243 3208//243 3747//243
f 3747//243 3208//243 3748//243
f 3749//275 3349//275 3750//275
f 3750//243 3349//243 3347//243
f 3750//275 3347//275 3751//275
f 3751//243 3347//243 3345//243
f 3751//243 3345//243 3752//243
f 3752//243 3345//243 3343//243
f 3752//243 3343//243 3753//243
f 3753//243 3343//243 3341//243
f 3753//243 3341//243 3754//243
f 3754//243 3341//243 3224//243
f 3754//243 3224//243 3755//243
f 3755//243 3224//243 3222//243
f 3755//243 3222//243 3756//243
f 3756//243 3222//243 3263//243
f 3756//243 3263//243 3757//243
f 3757//243 3263//243 3261//243
f 3757//243 3261//243 3743//243
f 3743//243 3261//243 3259//243
f 3743//243 3259//243 3257//243
f 3758//243 3238//243 3759//243
f 3759//243 3238//243 3355//243
f 3759//243 3355//243 3760//243
f 3760//243 3355//243 3353//243
f 3760//243 3353//243 3749//243
f 3749//243 3353//243 3351//243
f 3749//243 3351//243 3349//243
f 3308//243 3306//243 3496//243
f 3496//243 3306//243 3304//243
f 3496//276 3304//276 3302//276
f 3748//274 3208//274 3738//274
f 3738//243 3208//243 3206//243
f 3738//243 3206//243 3496//243
f 3496//243 3206//243 3310//243
f 3496//243 3310//243 3308//243
f 3758//243 3761//243 3238//243
f 3238//243 3761//243 3762//243
f 3238//243 3762//243 3240//243
f 3240//243 3762//243 3763//243
f 3763//243 3764//243 3240//243
f 3240//243 3764//243 3765//243
f 3240//243 3765//243 3406//243
f 3406//243 3765//243 3766//243
f 3406//243 3766//243 3408//243
f 3422//243 3420//243 3514//243
f 3514//275 3420//275 3418//275
f 3412//243 3410//243 3514//243
f 3514//243 3410//243 3408//243
f 3418//243 3416//243 3514//243
f 3514//274 3416//274 3414//274
f 3514//243 3414//243 3412//243
f 3766//243 3767//243 3408//243
f 3408//243 3767//243 3768//243
f 3408//243 3768//243 3514//243
f 3514//243 3768//243 3769//243
f 3514//243 3769//243 3516//243
f 3516//243 3769//243 3770//243
f 3516//243 3770//243 3740//243
f 3772//243 3213//243 3771//243
f 3278//243 3213//243 3772//243
f 3773//243 3278//243 3772//243
f 3213//243 3774//243 3771//243
f 3775//243 3774//243 3213//243
f 3214//243 3775//243 3213//243
f 3776//275 3775//275 3214//275
f 3777//274 3776//274 3214//274
f 3214//243 3778//243 3777//243
f 3779//274 3778//274 3214//274
f 3329//243 3779//243 3214//243
f 3515//275 3457//275 3455//275
f 3781//243 3515//243 3780//243
f 3782//243 3515//243 3781//243
f 3515//243 3783//243 3780//243
f 3784//243 3783//243 3515//243
f 3785//243 3784//243 3515//243
f 3787//243 3382//243 3786//243
f 3384//243 3382//243 3787//243
f 3788//243 3384//243 3787//243
f 3386//243 3384//243 3788//243
f 3789//243 3386//243 3788//243
f 3388//243 3386//243 3789//243
f 3790//243 3388//243 3789//243
f 3246//243 3388//243 3790//243
f 3773//243 3280//243 3278//243
f 3282//243 3280//243 3773//243
f 3791//243 3282//243 3773//243
f 3284//243 3282//243 3791//243
f 3792//243 3284//243 3791//243
f 3286//243 3284//243 3792//243
f 3793//243 3286//243 3792//243
f 3288//243 3286//243 3793//243
f 3794//243 3288//243 3793//243
f 3230//243 3288//243 3794//243
f 3795//243 3230//243 3794//243
f 3229//243 3230//243 3795//243
f 3796//243 3229//243 3795//243
f 3374//243 3229//243 3796//243
f 3797//243 3374//243 3796//243
f 3376//243 3374//243 3797//243
f 3798//274 3376//274 3797//274
f 3378//243 3376//243 3798//243
f 3786//243 3378//243 3798//243
f 3380//243 3378//243 3786//243
f 3382//243 3380//243 3786//243
f 3515//243 3799//243 3517//243
f 3800//243 3799//243 3515//243
f 3782//243 3800//243 3515//243
f 3323//243 3321//243 3518//243
f 3518//275 3325//275 3323//275
f 3327//243 3325//243 3518//243
f 3329//274 3327//274 3518//274
f 3329//243 3801//243 3779//243
f 3802//243 3801//243 3329//243
f 3518//243 3802//243 3329//243
f 3803//274 3802//274 3518//274
f 3517//243 3803//243 3518//243
f 3804//243 3803//243 3517//243
f 3799//243 3804//243 3517//243
f 3447//243 3515//243 3449//243
f 3445//243 3515//243 3447//243
f 3515//243 3451//243 3449//243
f 3453//243 3451//243 3515//243
f 3455//274 3453//274 3515//274
f 3246//274 3805//274 3785//274
f 3806//243 3805//243 3246//243
f 3790//243 3806//243 3246//243
f 3785//243 3245//243 3246//243
f 3441//243 3245//243 3785//243
f 3515//243 3441//243 3785//243
f 3443//243 3441//243 3515//243
f 3445//243 3443//243 3515//243
f 3807//144 3808//144 3266//144
f 3809//144 3810//144 3211//144
f 3211//144 3810//144 3209//144
f 3810//144 3811//144 3209//144
f 3209//144 3811//144 3812//144
f 3209//273 3812//273 3319//273
f 3319//144 3812//144 3813//144
f 3319//144 3813//144 3814//144
f 3437//144 3439//144 3500//144
f 3266//144 3808//144 3211//144
f 3211//144 3808//144 3815//144
f 3211//144 3815//144 3809//144
f 3816//144 3500//144 3817//144
f 3817//144 3500//144 3818//144
f 3816//144 3819//144 3500//144
f 3500//144 3819//144 3820//144
f 3500//144 3820//144 3821//144
f 3822//144 3366//144 3823//144
f 3823//144 3366//144 3368//144
f 3823//144 3368//144 3824//144
f 3824//144 3368//144 3370//144
f 3824//144 3370//144 3825//144
f 3825//144 3370//144 3372//144
f 3825//144 3372//144 3826//144
f 3826//144 3372//144 3241//144
f 3266//144 3268//144 3807//144
f 3807//144 3268//144 3270//144
f 3807//144 3270//144 3827//144
f 3827//144 3270//144 3272//144
f 3827//144 3272//144 3828//144
f 3828//144 3272//144 3274//144
f 3828//144 3274//144 3829//144
f 3829//144 3274//144 3276//144
f 3829//144 3276//144 3830//144
f 3830//144 3276//144 3225//144
f 3830//144 3225//144 3831//144
f 3831//144 3225//144 3227//144
f 3831//144 3227//144 3832//144
f 3832//144 3227//144 3358//144
f 3832//144 3358//144 3833//144
f 3833//144 3358//144 3360//144
f 3833//144 3360//144 3834//144
f 3834//144 3360//144 3362//144
f 3834//144 3362//144 3822//144
f 3822//144 3362//144 3364//144
f 3822//144 3364//144 3366//144
f 3521//144 3835//144 3500//144
f 3500//144 3835//144 3836//144
f 3500//144 3836//144 3818//144
f 3522//270 3311//270 3313//270
f 3313//271 3315//271 3522//271
f 3522//144 3315//144 3317//144
f 3522//144 3317//144 3319//144
f 3814//144 3837//144 3319//144
f 3319//144 3837//144 3838//144
f 3319//144 3838//144 3522//144
f 3522//144 3838//144 3839//144
f 3522//144 3839//144 3521//144
f 3521//144 3839//144 3840//144
f 3521//144 3840//144 3835//144
f 3431//144 3500//144 3429//144
f 3429//144 3500//144 3427//144
f 3431//144 3433//144 3500//144
f 3500//144 3433//144 3435//144
f 3500//144 3435//144 3437//144
f 3821//144 3841//144 3241//144
f 3241//144 3841//144 3842//144
f 3241//144 3842//144 3826//144
f 3241//144 3243//144 3821//144
f 3821//144 3243//144 3423//144
f 3821//144 3423//144 3500//144
f 3500//144 3423//144 3425//144
f 3500//144 3425//144 3427//144
f 3843//243 3844//243 3494//243
f 3494//243 3844//243 3845//243
f 3494//243 3845//243 3846//243
f 3847//274 3494//274 3848//274
f 3848//243 3494//243 3520//243
f 3847//243 3849//243 3494//243
f 3494//243 3849//243 3850//243
f 3494//243 3850//243 3843//243
f 3851//243 3281//243 3852//243
f 3852//243 3281//243 3279//243
f 3852//243 3279//243 3853//243
f 3853//243 3279//243 3277//243
f 3853//243 3277//243 3854//243
f 3854//243 3277//243 3215//243
f 3854//243 3215//243 3855//243
f 3855//243 3215//243 3856//243
f 3857//243 3381//243 3858//243
f 3858//243 3381//243 3379//243
f 3858//274 3379//274 3859//274
f 3859//243 3379//243 3377//243
f 3859//243 3377//243 3860//243
f 3860//243 3377//243 3375//243
f 3860//243 3375//243 3861//243
f 3861//243 3375//243 3373//243
f 3861//243 3373//243 3862//243
f 3862//243 3373//243 3231//243
f 3862//243 3231//243 3863//243
f 3863//243 3231//243 3232//243
f 3863//243 3232//243 3864//243
f 3864//243 3232//243 3287//243
f 3864//243 3287//243 3865//243
f 3865//243 3287//243 3285//243
f 3865//243 3285//243 3851//243
f 3851//243 3285//243 3283//243
f 3851//243 3283//243 3281//243
f 3866//243 3248//243 3867//243
f 3867//243 3248//243 3387//243
f 3867//243 3387//243 3868//243
f 3868//243 3387//243 3385//243
f 3868//243 3385//243 3857//243
f 3857//243 3385//243 3383//243
f 3857//243 3383//243 3381//243
f 3328//243 3326//243 3494//243
f 3494//243 3326//243 3324//243
f 3494//274 3324//274 3322//274
f 3856//243 3215//243 3846//243
f 3846//243 3215//243 3216//243
f 3846//243 3216//243 3494//243
f 3494//243 3216//243 3330//243
f 3494//243 3330//243 3328//243
f 3866//275 3869//275 3248//275
f 3248//243 3869//243 3870//243
f 3248//243 3870//243 3247//243
f 3247//243 3870//243 3871//243
f 3871//243 3872//243 3247//243
f 3247//243 3872//243 3873//243
f 3247//243 3873//243 3442//243
f 3442//243 3873//243 3874//243
f 3442//274 3874//274 3444//274
f 3458//277 3456//277 3502//277
f 3502//275 3456//275 3454//275
f 3448//243 3446//243 3502//243
f 3502//243 3446//243 3444//243
f 3454//274 3452//274 3502//274
f 3502//243 3452//243 3450//243
f 3502//243 3450//243 3448//243
f 3874//243 3875//243 3444//243
f 3444//243 3875//243 3876//243
f 3444//243 3876//243 3502//243
f 3502//243 3876//243 3877//243
f 3502//243 3877//243 3520//243
f 3520//243 3877//243 3878//243
f 3520//243 3878//243 3848//243
f 3880//275 3207//275 3879//275
f 3254//274 3207//274 3880//274
f 3881//274 3254//274 3880//274
f 3207//243 3882//243 3879//243
f 3883//243 3882//243 3207//243
f 3205//243 3883//243 3207//243
f 3884//243 3883//243 3205//243
f 3885//243 3884//243 3205//243
f 3205//243 3886//243 3885//243
f 3887//243 3886//243 3205//243
f 3309//243 3887//243 3205//243
f 3505//274 3421//274 3419//274
f 3889//243 3505//243 3888//243
f 3890//243 3505//243 3889//243
f 3505//243 3891//243 3888//243
f 3892//243 3891//243 3505//243
f 3893//243 3892//243 3505//243
f 3895//243 3350//243 3894//243
f 3352//243 3350//243 3895//243
f 3896//243 3352//243 3895//243
f 3354//243 3352//243 3896//243
f 3897//243 3354//243 3896//243
f 3356//243 3354//243 3897//243
f 3898//243 3356//243 3897//243
f 3237//275 3356//275 3898//275
f 3881//243 3256//243 3254//243
f 3258//243 3256//243 3881//243
f 3899//243 3258//243 3881//243
f 3260//243 3258//243 3899//243
f 3900//243 3260//243 3899//243
f 3262//243 3260//243 3900//243
f 3901//243 3262//243 3900//243
f 3264//243 3262//243 3901//243
f 3902//243 3264//243 3901//243
f 3221//243 3264//243 3902//243
f 3903//243 3221//243 3902//243
f 3223//243 3221//243 3903//243
f 3904//243 3223//243 3903//243
f 3342//243 3223//243 3904//243
f 3905//243 3342//243 3904//243
f 3344//243 3342//243 3905//243
f 3906//243 3344//243 3905//243
f 3346//243 3344//243 3906//243
f 3894//243 3346//243 3906//243
f 3348//243 3346//243 3894//243
f 3350//243 3348//243 3894//243
f 3505//243 3907//243 3525//243
f 3908//243 3907//243 3505//243
f 3890//243 3908//243 3505//243
f 3303//243 3301//243 3526//243
f 3526//278 3305//278 3303//278
f 3307//243 3305//243 3526//243
f 3309//243 3307//243 3526//243
f 3309//243 3909//243 3887//243
f 3910//243 3909//243 3309//243
f 3526//243 3910//243 3309//243
f 3911//274 3910//274 3526//274
f 3525//243 3911//243 3526//243
f 3912//243 3911//243 3525//243
f 3907//243 3912//243 3525//243
f 3411//243 3505//243 3413//243
f 3409//243 3505//243 3411//243
f 3505//243 3415//243 3413//243
f 3417//243 3415//243 3505//243
f 3419//243 3417//243 3505//243
f 3237//243 3913//243 3893//243
f 3914//243 3913//243 3237//243
f 3898//243 3914//243 3237//243
f 3893//243 3239//243 3237//243
f 3405//243 3239//243 3893//243
f 3505//243 3405//243 3893//243
f 3407//243 3405//243 3505//243
f 3409//243 3407//243 3505//243
f 3706//279 3633//279 3705//279
f 3632//279 3633//279 3706//279
f 3707//280 3632//280 3706//280
f 3631//280 3632//280 3707//280
f 3729//281 3631//281 3707//281
f 3658//282 3631//282 3729//282
f 3730//283 3658//283 3729//283
f 3657//283 3658//283 3730//283
f 3731//284 3657//284 3730//284
f 3655//284 3657//284 3731//284
f 3732//285 3655//285 3731//285
f 3656//286 3655//286 3732//286
f 3727//287 3656//287 3732//287
f 3662//288 3656//288 3727//288
f 3728//289 3662//289 3727//289
f 3661//289 3662//289 3728//289
f 3710//290 3661//290 3728//290
f 3660//290 3661//290 3710//290
f 3709//291 3660//291 3710//291
f 3659//292 3660//292 3709//292
f 3708//293 3659//293 3709//293
f 3654//294 3659//294 3708//294
f 3711//295 3654//295 3708//295
f 3653//296 3654//296 3711//296
f 3712//297 3653//297 3711//297
f 3652//298 3653//298 3712//298
f 3713//299 3652//299 3712//299
f 3651//299 3652//299 3713//299
f 3733//300 3651//300 3713//300
f 3650//300 3651//300 3733//300
f 3734//301 3650//301 3733//301
f 3649//301 3650//301 3734//301
f 3718//302 3649//302 3734//302
f 3627//302 3649//302 3718//302
f 3717//303 3627//303 3718//303
f 3628//303 3627//303 3717//303
f 3717//279 3628//279 3716//279
f 3716//279 3628//279 3629//279
f 3716//280 3629//280 3715//280
f 3715//280 3629//280 3630//280
f 3715//281 3630//281 3714//281
f 3714//281 3630//281 3635//281
f 3714//304 3635//304 3726//304
f 3726//304 3635//304 3636//304
f 3726//284 3636//284 3725//284
f 3725//284 3636//284 3637//284
f 3725//286 3637//286 3724//286
f 3724//286 3637//286 3638//286
f 3724//287 3638//287 3723//287
f 3723//305 3638//305 3639//305
f 3723//289 3639//289 3722//289
f 3722//289 3639//289 3640//289
f 3722//290 3640//290 3721//290
f 3721//306 3640//306 3641//306
f 3721//291 3641//291 3720//291
f 3720//291 3641//291 3642//291
f 3720//293 3642//293 3719//293
f 3719//294 3642//294 3643//294
f 3719//295 3643//295 3701//295
f 3701//295 3643//295 3644//295
f 3701//297 3644//297 3700//297
f 3700//297 3644//297 3645//297
f 3700//299 3645//299 3699//299
f 3699//299 3645//299 3646//299
f 3699//300 3646//300 3702//300
f 3702//300 3646//300 3647//300
f 3702//301 3647//301 3703//301
f 3703//301 3647//301 3648//301
f 3703//302 3648//302 3704//302
f 3704//302 3648//302 3634//302
f 3704//303 3634//303 3705//303
f 3705//303 3634//303 3633//303
f 3813//279 3669//279 3812//279
f 3668//279 3669//279 3813//279
f 3814//280 3668//280 3813//280
f 3667//280 3668//280 3814//280
f 3837//281 3667//281 3814//281
f 3694//282 3667//282 3837//282
f 3838//283 3694//283 3837//283
f 3693//283 3694//283 3838//283
f 3839//284 3693//284 3838//284
f 3691//284 3693//284 3839//284
f 3840//285 3691//285 3839//285
f 3692//286 3691//286 3840//286
f 3835//287 3692//287 3840//287
f 3698//288 3692//288 3835//288
f 3836//289 3698//289 3835//289
f 3697//289 3698//289 3836//289
f 3818//290 3697//290 3836//290
f 3696//290 3697//290 3818//290
f 3817//291 3696//291 3818//291
f 3695//292 3696//292 3817//292
f 3816//293 3695//293 3817//293
f 3690//294 3695//294 3816//294
f 3819//295 3690//295 3816//295
f 3689//296 3690//296 3819//296
f 3820//297 3689//297 3819//297
f 3688//298 3689//298 3820//298
f 3821//299 3688//299 3820//299
f 3687//299 3688//299 3821//299
f 3841//300 3687//300 3821//300
f 3686//300 3687//300 3841//300
f 3842//301 3686//301 3841//301
f 3685//301 3686//301 3842//301
f 3826//302 3685//302 3842//302
f 3663//302 3685//302 3826//302
f 3825//303 3663//303 3826//303
f 3664//303 3663//303 3825//303
f 3825//279 3664//279 3824//279
f 3824//279 3664//279 3665//279
f 3824//280 3665//280 3823//280
f 3823//280 3665//280 3666//280
f 3823//281 3666//281 3822//281
f 3822//281 3666//281 3671//281
f 3822//304 3671//304 3834//304
f 3834//304 3671//304 3672//304
f 3834//284 3672//284 3833//284
f 3833//284 3672//284 3673//284
f 3833//286 3673//286 3832//286
f 3832//286 3673//286 3674//286
f 3832//287 3674//287 3831//287
f 3831//305 3674//305 3675//305
f 3831//289 3675//289 3830//289
f 3830//289 3675//289 3676//289
f 3830//290 3676//290 3829//290
f 3829//306 3676//306 3677//306
f 3829//291 3677//291 3828//291
f 3828//291 3677//291 3678//291
f 3828//293 3678//293 3827//293
f 3827//294 3678//294 3679//294
f 3827//295 3679//295 3807//295
f 3807//295 3679//295 3680//295
f 3807//297 3680//297 3808//297
f 3808//297 3680//297 3681//297
f 3808//299 3681//299 3815//299
f 3815//299 3681//299 3682//299
f 3815//300 3682//300 3809//300
f 3809//300 3682//300 3683//300
f 3809//301 3683//301 3810//301
f 3810//301 3683//301 3684//301
f 3810//302 3684//302 3811//302
f 3811//302 3684//302 3670//302
f 3811//303 3670//303 3812//303
f 3812//303 3670//303 3669//303
f 3778//279 3845//279 3777//279
f 3844//279 3845//279 3778//279
f 3779//280 3844//280 3778//280
f 3843//280 3844//280 3779//280
f 3801//281 3843//281 3779//281
f 3850//282 3843//282 3801//282
f 3802//283 3850//283 3801//283
f 3849//304 3850//304 3802//304
f 3803//284 3849//284 3802//284
f 3847//284 3849//284 3803//284
f 3804//285 3847//285 3803//285
f 3848//286 3847//286 3804//286
f 3799//287 3848//287 3804//287
f 3878//288 3848//288 3799//288
f 3800//289 3878//289 3799//289
f 3877//289 3878//289 3800//289
f 3782//290 3877//290 3800//290
f 3876//290 3877//290 3782//290
f 3781//291 3876//291 3782//291
f 3875//292 3876//292 3781//292
f 3780//293 3875//293 3781//293
f 3874//294 3875//294 3780//294
f 3783//295 3874//295 3780//295
f 3873//296 3874//296 3783//296
f 3784//297 3873//297 3783//297
f 3872//298 3873//298 3784//298
f 3785//299 3872//299 3784//299
f 3871//299 3872//299 3785//299
f 3805//300 3871//300 3785//300
f 3870//300 3871//300 3805//300
f 3806//301 3870//301 3805//301
f 3869//301 3870//301 3806//301
f 3790//302 3869//302 3806//302
f 3866//302 3869//302 3790//302
f 3789//303 3866//303 3790//303
f 3867//303 3866//303 3789//303
f 3789//279 3867//279 3788//279
f 3788//279 3867//279 3868//279
f 3788//280 3868//280 3787//280
f 3787//280 3868//280 3857//280
f 3787//281 3857//281 3786//281
f 3786//281 3857//281 3858//281
f 3786//304 3858//304 3798//304
f 3798//304 3858//304 3859//304
f 3798//284 3859//284 3797//284
f 3797//284 3859//284 3860//284
f 3797//286 3860//286 3796//286
f 3796//286 3860//286 3861//286
f 3796//287 3861//287 3795//287
f 3795//305 3861//305 3862//305
f 3795//289 3862//289 3794//289
f 3794//289 3862//289 3863//289
f 3794//290 3863//290 3793//290
f 3793//306 3863//306 3864//306
f 3793//291 3864//291 3792//291
f 3792//291 3864//291 3865//291
f 3792//293 3865//293 3791//293
f 3791//294 3865//294 3851//294
f 3791//295 3851//295 3773//295
f 3773//295 3851//295 3852//295
f 3773//297 3852//297 3772//297
f 3772//297 3852//297 3853//297
f 3772//299 3853//299 3771//299
f 3771//299 3853//299 3854//299
f 3771//300 3854//300 3774//300
f 3774//300 3854//300 3855//300
f 3774//301 3855//301 3775//301
f 3775//301 3855//301 3856//301
f 3775//302 3856//302 3776//302
f 3776//302 3856//302 3846//302
f 3776//303 3846//303 3777//303
f 3777//303 3846//303 3845//303
f 3886//279 3737//279 3885//279
f 3736//279 3737//279 3886//279
f 3887//280 3736//280 3886//280
f 3735//280 3736//280 3887//280
f 3909//281 3735//281 3887//281
f 3742//282 3735//282 3909//282
f 3910//283 3742//283 3909//283
f 3741//283 3742//283 3910//283
f 3911//284 3741//284 3910//284
f 3739//284 3741//284 3911//284
f 3912//285 3739//285 3911//285
f 3740//286 3739//286 3912//286
f 3907//287 3740//287 3912//287
f 3770//288 3740//288 3907//288
f 3908//289 3770//289 3907//289
f 3769//289 3770//289 3908//289
f 3890//290 3769//290 3908//290
f 3768//290 3769//290 3890//290
f 3889//291 3768//291 3890//291
f 3767//292 3768//292 3889//292
f 3888//293 3767//293 3889//293
f 3766//294 3767//294 3888//294
f 3891//295 3766//295 3888//295
f 3765//296 3766//296 3891//296
f 3892//297 3765//297 3891//297
f 3764//298 3765//298 3892//298
f 3893//299 3764//299 3892//299
f 3763//299 3764//299 3893//299
f 3913//300 3763//300 3893//300
f 3762//300 3763//300 3913//300
f 3914//301 3762//301 3913//301
f 3761//301 3762//301 3914//301
f 3898//302 3761//302 3914//302
f 3758//302 3761//302 3898//302
f 3897//303 3758//303 3898//303
f 3759//303 3758//303 3897//303
f 3897//279 3759//279 3896//279
f 3896//279 3759//279 3760//279
f 3896//280 3760//280 3895//280
f 3895//280 3760//280 3749//280
f 3895//281 3749//281 3894//281
f 3894//281 3749//281 3750//281
f 3894//304 3750//304 3906//304
f 3906//304 3750//304 3751//304
f 3906//284 3751//284 3905//284
f 3905//284 3751//284 3752//284
f 3905//286 3752//286 3904//286
f 3904//286 3752//286 3753//286
f 3904//287 3753//287 3903//287
f 3903//305 3753//305 3754//305
f 3903//289 3754//289 3902//289
f 3902//289 3754//289 3755//289
f 3902//290 3755//290 3901//290
f 3901//306 3755//306 3756//306
f 3901//291 3756//291 3900//291
f 3900//291 3756//291 3757//291
f 3900//293 3757//293 3899//293
f 3899//294 3757//294 3743//294
f 3899//295 3743//295 3881//295
f 3881//295 3743//295 3744//295
f 3881//297 3744//297 3880//297
f 3880//297 3744//297 3745//297
f 3880//299 3745//299 3879//299
f 3879//299 3745//299 3746//299
f 3879//300 3746//300 3882//300
f 3882//300 3746//300 3747//300
f 3882//301 3747//301 3883//301
f 3883//301 3747//301 3748//301
f 3883//302 3748//302 3884//302
f 3884//302 3748//302 3738//302
f 3884//303 3738//303 3885//303
f 3885//303 3738//303 3737//303
f 2961//243 3916//243 3915//243
f 3917//243 2961//243 3915//243
f 3918//274 3065//274 3063//274
f 2962//243 3065//243 3918//243
f 3919//243 2962//243 3918//243
f 3921//243 3920//243 3109//243
f 2962//274 3923//274 3922//274
f 3924//243 3923//243 2962//243
f 3919//243 3924//243 2962//243
f 3161//243 3163//243 3925//243
f 2961//243 3926//243 3916//243
f 3927//243 3926//243 2961//243
f 2962//243 3927//243 2961//243
f 3928//243 3927//243 2962//243
f 3922//243 3928//243 2962//243
f 3529//243 3930//243 3929//243
f 3931//243 3930//243 3529//243
f 3933//274 2930//274 3932//274
f 2929//243 2930//243 3933//243
f 3934//243 2929//243 3933//243
f 3935//243 3161//243 3925//243
f 3917//243 3169//243 2961//243
f 3167//243 3169//243 3917//243
f 3925//243 3167//243 3917//243
f 3165//243 3167//243 3925//243
f 3163//243 3165//243 3925//243
f 3011//243 3531//243 3013//243
f 3529//243 3531//243 3011//243
f 2929//243 3937//243 3936//243
f 3938//243 3937//243 2929//243
f 3934//243 3938//243 2929//243
f 3920//275 3107//275 3109//275
f 3105//243 3107//243 3920//243
f 3939//243 3105//243 3920//243
f 3103//275 3105//275 3939//275
f 3940//243 3103//243 3939//243
f 2930//274 3103//274 3940//274
f 3941//243 2930//243 3940//243
f 3932//243 2930//243 3941//243
f 2946//243 3943//243 3942//243
f 3944//243 3943//243 2946//243
f 3157//274 3944//274 2946//274
f 3935//243 3944//243 3157//243
f 3159//274 3935//274 3157//274
f 3161//243 3935//243 3159//243
f 3057//278 3055//278 3507//278
f 3063//243 3061//243 3527//243
f 3936//243 3003//243 2929//243
f 3005//243 3003//243 3936//243
f 3931//243 3005//243 3936//243
f 3007//243 3005//243 3931//243
f 3529//243 3007//243 3931//243
f 3009//243 3007//243 3529//243
f 3011//243 3009//243 3529//243
f 3945//243 2946//243 3942//243
f 2945//243 2946//243 3945//243
f 3946//243 2945//243 3945//243
f 3113//243 2945//243 3946//243
f 3921//275 3113//275 3946//275
f 3111//274 3113//274 3921//274
f 3109//243 3111//243 3921//243
f 3527//275 3057//275 3507//275
f 3059//243 3057//243 3527//243
f 3061//243 3059//243 3527//243
f 3063//274 3947//274 3918//274
f 3948//275 3947//275 3063//275
f 3527//243 3948//243 3063//243
f 3949//243 3948//243 3527//243
f 3529//243 3949//243 3527//243
f 3950//243 3949//243 3529//243
f 3929//243 3950//243 3529//243
f 3532//307 3013//307 3531//307
f 3015//307 3013//307 3532//307
f 3539//307 3002//307 3538//307
f 3014//307 3002//307 3539//307
f 2964//243 3951//243 2963//243
f 2963//243 3951//243 3952//243
f 3106//243 3953//243 3954//243
f 3537//243 3010//243 3008//243
f 3537//243 3955//243 3535//243
f 3535//243 3955//243 3956//243
f 3957//275 3958//275 2964//275
f 2964//243 3958//243 3959//243
f 3106//243 3108//243 3953//243
f 3953//243 3108//243 3110//243
f 3953//243 3110//243 3960//243
f 3539//275 3014//275 3537//275
f 3537//243 3014//243 3012//243
f 3537//243 3012//243 3010//243
f 3961//243 3962//243 3008//243
f 3008//243 3962//243 3963//243
f 3008//243 3963//243 3537//243
f 3537//243 3963//243 3964//243
f 3537//243 3964//243 3955//243
f 3959//243 3965//243 2964//243
f 2964//274 3965//274 3966//274
f 2964//275 3966//275 3951//275
f 3164//243 3967//243 3162//243
f 3162//243 3967//243 3968//243
f 3162//243 3968//243 3160//243
f 3160//243 3968//243 3158//243
f 3158//243 3968//243 3969//243
f 3158//243 3969//243 2948//243
f 3064//243 3062//243 3535//243
f 3066//274 3970//274 2964//274
f 2964//274 3970//274 3971//274
f 2964//243 3971//243 3957//243
f 3969//243 3972//243 2948//243
f 2948//243 3972//243 3973//243
f 2948//243 3973//243 2947//243
f 3974//243 2932//243 3954//243
f 3954//243 2932//243 3104//243
f 3954//243 3104//243 3106//243
f 3974//243 3975//243 2932//243
f 2932//274 3975//274 3976//274
f 2932//243 3976//243 2931//243
f 2931//243 3976//243 3977//243
f 2931//243 3977//243 3978//243
f 3978//243 3979//243 2931//243
f 2931//243 3979//243 3980//243
f 2931//243 3980//243 3004//243
f 3004//243 3980//243 3961//243
f 3004//243 3961//243 3006//243
f 3006//243 3961//243 3008//243
f 3973//243 3981//243 2947//243
f 2947//275 3981//275 3982//275
f 2947//243 3982//243 3114//243
f 3114//243 3982//243 3960//243
f 3114//243 3960//243 3112//243
f 3112//275 3960//275 3110//275
f 3066//243 3064//243 3970//243
f 3970//243 3064//243 3535//243
f 3970//243 3535//243 3983//243
f 3983//243 3535//243 3956//243
f 3062//243 3060//243 3535//243
f 3535//243 3060//243 3058//243
f 3535//243 3058//243 3504//243
f 3504//243 3058//243 3056//243
f 3952//243 3984//243 2963//243
f 2963//243 3984//243 3985//243
f 2963//243 3985//243 3170//243
f 3170//243 3985//243 3986//243
f 3170//243 3986//243 3168//243
f 3168//243 3986//243 3967//243
f 3168//243 3967//243 3166//243
f 3166//243 3967//243 3164//243
f 2953//243 3988//243 3987//243
f 3989//243 2953//243 3987//243
f 3990//274 3041//274 3039//274
f 2954//274 3041//274 3990//274
f 3991//243 2954//243 3990//243
f 3993//274 3992//274 3085//274
f 2954//274 3995//274 3994//274
f 3996//243 3995//243 2954//243
f 3991//275 3996//275 2954//275
f 3133//243 3135//243 3997//243
f 2953//243 3998//243 3988//243
f 3999//243 3998//243 2953//243
f 2954//243 3999//243 2953//243
f 4000//275 3999//275 2954//275
f 3994//243 4000//243 2954//243
f 3536//243 4002//243 4001//243
f 4003//243 4002//243 3536//243
f 4005//275 2922//275 4004//275
f 2921//243 2922//243 4005//243
f 4006//243 2921//243 4005//243
f 4007//243 3133//243 3997//243
f 3989//243 3141//243 2953//243
f 3139//243 3141//243 3989//243
f 3997//243 3139//243 3989//243
f 3137//243 3139//243 3997//243
f 3135//243 3137//243 3997//243
f 3000//243 3538//243 3002//243
f 3536//275 3538//275 3000//275
f 2921//243 4009//243 4008//243
f 4010//243 4009//243 2921//243
f 4006//243 4010//243 2921//243
f 3992//275 3083//275 3085//275
f 3081//274 3083//274 3992//274
f 4011//275 3081//275 3992//275
f 3079//243 3081//243 4011//243
f 4012//243 3079//243 4011//243
f 2922//243 3079//243 4012//243
f 4013//243 2922//243 4012//243
f 4004//243 2922//243 4013//243
f 2938//243 4015//243 4014//243
f 4016//243 4015//243 2938//243
f 3129//243 4016//243 2938//243
f 4007//243 4016//243 3129//243
f 3131//243 4007//243 3129//243
f 3133//243 4007//243 3131//243
f 3033//308 3031//308 3533//308
f 3039//243 3037//243 3534//243
f 4008//243 2992//243 2921//243
f 2994//243 2992//243 4008//243
f 4003//243 2994//243 4008//243
f 2996//243 2994//243 4003//243
f 3536//243 2996//243 4003//243
f 2998//243 2996//243 3536//243
f 3000//243 2998//243 3536//243
f 4017//243 2938//243 4014//243
f 2937//243 2938//243 4017//243
f 4018//274 2937//274 4017//274
f 3089//243 2937//243 4018//243
f 3993//243 3089//243 4018//243
f 3087//243 3089//243 3993//243
f 3085//275 3087//275 3993//275
f 3534//243 3033//243 3533//243
f 3035//243 3033//243 3534//243
f 3037//243 3035//243 3534//243
f 3039//275 4019//275 3990//275
f 4020//243 4019//243 3039//243
f 3534//243 4020//243 3039//243
f 4021//243 4020//243 3534//243
f 3536//243 4021//243 3534//243
f 4022//243 4021//243 3536//243
f 4001//243 4022//243 3536//243
f 3546//309 2977//309 3545//309
f 2976//307 2977//307 3546//307
f 2956//243 4023//243 2955//243
f 2955//274 4023//274 4024//274
f 3082//243 4025//243 4026//243
f 3544//243 2999//243 2997//243
f 3544//243 4027//243 3542//243
f 3542//274 4027//274 4028//274
f 4029//243 4030//243 2956//243
f 2956//243 4030//243 4031//243
f 3082//243 3084//243 4025//243
f 4025//243 3084//243 3086//243
f 4025//243 3086//243 4032//243
f 3546//243 2976//243 3544//243
f 3544//243 2976//243 3001//243
f 3544//243 3001//243 2999//243
f 4033//243 4034//243 2997//243
f 2997//243 4034//243 4035//243
f 2997//243 4035//243 3544//243
f 3544//243 4035//243 4036//243
f 3544//243 4036//243 4027//243
f 4031//243 4037//243 2956//243
f 2956//243 4037//243 4038//243
f 2956//274 4038//274 4023//274
f 3136//243 4039//243 3134//243
f 3134//243 4039//243 4040//243
f 3134//243 4040//243 3132//243
f 3132//243 4040//243 3130//243
f 3130//243 4040//243 4041//243
f 3130//274 4041//274 2940//274
f 3040//243 3038//243 3542//243
f 3042//243 4042//243 2956//243
f 2956//243 4042//243 4043//243
f 2956//243 4043//243 4029//243
f 4041//243 4044//243 2940//243
f 2940//243 4044//243 4045//243
f 2940//243 4045//243 2939//243
f 4046//243 2924//243 4026//243
f 4026//243 2924//243 3080//243
f 4026//243 3080//243 3082//243
f 4046//243 4047//243 2924//243
f 2924//243 4047//243 4048//243
f 2924//243 4048//243 2923//243
f 2923//243 4048//243 4049//243
f 2923//243 4049//243 4050//243
f 4050//243 4051//243 2923//243
f 2923//243 4051//243 4052//243
f 2923//243 4052//243 2993//243
f 2993//243 4052//243 4033//243
f 2993//243 4033//243 2995//243
f 2995//243 4033//243 2997//243
f 4045//243 4053//243 2939//243
f 2939//243 4053//243 4054//243
f 2939//243 4054//243 3090//243
f 3090//243 4054//243 4032//243
f 3090//243 4032//243 3088//243
f 3088//243 4032//243 3086//243
f 3042//243 3040//243 4042//243
f 4042//243 3040//243 3542//243
f 4042//243 3542//243 4055//243
f 4055//243 3542//243 4028//243
f 3038//243 3036//243 3542//243
f 3542//243 3036//243 3034//243
f 3542//243 3034//243 3503//243
f 3503//243 3034//243 3032//243
f 4024//243 4056//243 2955//243
f 2955//243 4056//243 4057//243
f 2955//243 4057//243 3142//243
f 3142//243 4057//243 4058//243
f 3142//243 4058//243 3140//243
f 3140//243 4058//243 4039//243
f 3140//243 4039//243 3138//243
f 3138//243 4039//243 3136//243
f 4059//144 4060//144 2957//144
f 4061//144 3149//144 3147//144
f 4059//144 2957//144 4062//144
f 4063//144 3051//144 3053//144
f 4061//144 3147//144 4064//144
f 2957//144 3155//144 4062//144
f 4062//144 3155//144 3153//144
f 4062//144 3153//144 4061//144
f 4061//144 3153//144 3151//144
f 4061//144 3151//144 3149//144
f 3097//144 4065//144 4066//144
f 4067//144 4068//144 2942//144
f 2942//144 4068//144 4069//144
f 2942//144 4069//144 3143//144
f 3143//144 4069//144 4064//144
f 3143//144 4064//144 3145//144
f 3145//144 4064//144 3147//144
f 4060//144 4070//144 2957//144
f 2957//144 4070//144 4071//144
f 2957//144 4071//144 2958//144
f 2958//144 4071//144 4072//144
f 2958//270 4072//270 4073//270
f 4073//144 4074//144 2958//144
f 2958//144 4074//144 4075//144
f 2958//144 4075//144 3053//144
f 3053//144 4075//144 4076//144
f 3053//144 4076//144 4063//144
f 4067//144 2942//144 4077//144
f 4077//144 2942//144 2941//144
f 4077//144 2941//144 4078//144
f 4078//144 2941//144 3101//144
f 4078//144 3101//144 4066//144
f 4066//144 3101//144 3099//144
f 4066//144 3099//144 3097//144
f 4079//144 4080//144 3543//144
f 3543//144 4080//144 4081//144
f 4082//144 2926//144 4083//144
f 4083//144 2926//144 2925//144
f 4083//144 2925//144 4084//144
f 2977//144 3545//144 2989//144
f 2989//144 3545//144 3543//144
f 4085//144 4086//144 2925//144
f 2925//144 4086//144 4087//144
f 2925//144 4087//144 4084//144
f 3097//144 3095//144 4065//144
f 4065//270 3095//270 3093//270
f 4065//144 3093//144 4088//144
f 4088//144 3093//144 3091//144
f 4088//144 3091//144 4089//144
f 4089//144 3091//144 2926//144
f 4089//144 2926//144 4090//144
f 4090//144 2926//144 4082//144
f 3540//144 3043//144 3045//144
f 3541//144 3049//144 3051//144
f 2925//144 2981//144 4085//144
f 4085//144 2981//144 2983//144
f 4085//144 2983//144 4081//144
f 4081//144 2983//144 2985//144
f 4081//144 2985//144 3543//144
f 3543//144 2985//144 2987//144
f 3543//144 2987//144 2989//144
f 3540//144 3045//144 3541//144
f 3541//144 3045//144 3047//144
f 3541//144 3047//144 3049//144
f 4063//144 4091//144 3051//144
f 3051//144 4091//144 4092//144
f 3051//144 4092//144 3541//144
f 3541//144 4092//144 4093//144
f 3541//144 4093//144 3543//144
f 3543//144 4093//144 4094//144
f 3543//144 4094//144 4079//144
f 3553//307 2975//307 3552//307
f 2991//307 2975//307 3553//307
f 4095//144 4096//144 2949//144
f 4095//144 2949//144 4097//144
f 3027//272 3029//272 4098//272
f 4098//144 3029//144 2950//144
f 4098//144 2950//144 4099//144
f 3073//144 4100//144 4101//144
f 4102//144 4103//144 2950//144
f 2950//270 4103//270 4104//270
f 2950//144 4104//144 4099//144
f 4105//144 3121//144 3119//144
f 4096//144 4106//144 2949//144
f 2949//144 4106//144 4107//144
f 2949//144 4107//144 2950//144
f 2950//144 4107//144 4108//144
f 2950//144 4108//144 4102//144
f 4109//144 4110//144 3550//144
f 3550//144 4110//144 4111//144
f 4112//144 2918//144 4113//144
f 4113//144 2918//144 2917//144
f 4113//144 2917//144 4114//144
f 4105//144 3119//144 4115//144
f 2949//144 3127//144 4097//144
f 4097//144 3127//144 3125//144
f 4097//144 3125//144 4105//144
f 4105//144 3125//144 3123//144
f 4105//144 3123//144 3121//144
f 2975//144 3552//144 2973//144
f 2973//144 3552//144 3550//144
f 4116//144 4117//144 2917//144
f 2917//144 4117//144 4118//144
f 2917//144 4118//144 4114//144
f 3073//270 3071//270 4100//270
f 4100//144 3071//144 3069//144
f 4100//144 3069//144 4119//144
f 4119//271 3069//271 3067//271
f 4119//144 3067//144 4120//144
f 4120//144 3067//144 2918//144
f 4120//144 2918//144 4121//144
f 4121//144 2918//144 4112//144
f 4122//144 4123//144 2934//144
f 2934//144 4123//144 4124//144
f 2934//144 4124//144 3115//144
f 3115//144 4124//144 4115//144
f 3115//144 4115//144 3117//144
f 3117//144 4115//144 3119//144
f 3547//144 3019//144 3021//144
f 3548//144 3025//144 3027//144
f 2917//144 2965//144 4116//144
f 4116//144 2965//144 2967//144
f 4116//144 2967//144 4111//144
f 4111//144 2967//144 2969//144
f 4111//144 2969//144 3550//144
f 3550//144 2969//144 2971//144
f 3550//144 2971//144 2973//144
f 4122//144 2934//144 4125//144
f 4125//144 2934//144 2933//144
f 4125//144 2933//144 4126//144
f 4126//271 2933//271 3077//271
f 4126//144 3077//144 4101//144
f 4101//144 3077//144 3075//144
f 4101//144 3075//144 3073//144
f 3547//271 3021//271 3548//271
f 3548//144 3021//144 3023//144
f 3548//144 3023//144 3025//144
f 4098//144 4127//144 3027//144
f 3027//271 4127//271 4128//271
f 3027//144 4128//144 3548//144
f 3548//144 4128//144 4129//144
f 3548//144 4129//144 3550//144
f 3550//144 4129//144 4130//144
f 3550//144 4130//144 4109//144
f 2959//144 4131//144 2960//144
f 4132//144 4131//144 2959//144
f 4134//144 4133//144 3094//144
f 2986//144 2988//144 3551//144
f 3549//144 4135//144 3551//144
f 4136//144 4135//144 3549//144
f 2960//144 4138//144 4137//144
f 4139//144 4138//144 2960//144
f 4133//144 3096//144 3094//144
f 3098//144 3096//144 4133//144
f 4140//144 3098//144 4133//144
f 3551//144 2991//144 3553//144
f 2990//144 2991//144 3551//144
f 2988//144 2990//144 3551//144
f 2986//144 4142//144 4141//144
f 4143//144 4142//144 2986//144
f 3551//144 4143//144 2986//144
f 4144//144 4143//144 3551//144
f 4135//144 4144//144 3551//144
f 2960//144 4145//144 4139//144
f 4146//144 4145//144 2960//144
f 4131//144 4146//144 2960//144
f 3148//144 4147//144 3150//144
f 4148//144 4147//144 3148//144
f 3146//144 4148//144 3148//144
f 3144//144 4148//144 3146//144
f 4149//144 4148//144 3144//144
f 2944//144 4149//144 3144//144
f 3549//144 3050//144 3052//144
f 2960//270 4150//270 3054//270
f 4151//144 4150//144 2960//144
f 4137//144 4151//144 2960//144
f 2944//144 4152//144 4149//144
f 4153//144 4152//144 2944//144
f 2943//144 4153//144 2944//144
f 4134//144 2928//144 4154//144
f 3092//144 2928//144 4134//144
f 3094//144 3092//144 4134//144
f 2928//144 4155//144 4154//144
f 4156//270 4155//270 2928//270
f 2927//144 4156//144 2928//144
f 4157//144 4156//144 2927//144
f 4158//144 4157//144 2927//144
f 2927//144 4159//144 4158//144
f 4160//144 4159//144 2927//144
f 2982//144 4160//144 2927//144
f 4141//144 4160//144 2982//144
f 2984//144 4141//144 2982//144
f 2986//144 4141//144 2984//144
f 2943//144 4161//144 4153//144
f 4162//144 4161//144 2943//144
f 3102//144 4162//144 2943//144
f 4140//144 4162//144 3102//144
f 3100//271 4140//271 3102//271
f 3098//270 4140//270 3100//270
f 4150//144 3052//144 3054//144
f 3549//144 3052//144 4150//144
f 4163//144 3549//144 4150//144
f 4136//144 3549//144 4163//144
f 3549//144 3048//144 3050//144
f 3046//144 3048//144 3549//144
f 3519//271 3046//271 3549//271
f 3044//144 3046//144 3519//144
f 2959//144 4164//144 4132//144
f 4165//144 4164//144 2959//144
f 3156//144 4165//144 2959//144
f 4166//144 4165//144 3156//144
f 3154//144 4166//144 3156//144
f 4147//144 4166//144 3154//144
f 3152//144 4147//144 3154//144
f 3150//144 4147//144 3152//144
f 2979//307 3175//307 3556//307
f 2980//307 3175//307 2979//307
f 2951//144 4167//144 2952//144
f 4168//144 4167//144 2951//144
f 4170//144 4169//144 3070//144
f 2970//144 2972//144 3555//144
f 3554//144 4171//144 3555//144
f 4172//144 4171//144 3554//144
f 2952//271 4174//271 4173//271
f 4175//144 4174//144 2952//144
f 4169//144 3072//144 3070//144
f 3074//144 3072//144 4169//144
f 4176//144 3074//144 4169//144
f 3555//144 2979//144 3556//144
f 2974//144 2979//144 3555//144
f 2972//144 2974//144 3555//144
f 2970//144 4178//144 4177//144
f 4179//144 4178//144 2970//144
f 3555//144 4179//144 2970//144
f 4180//144 4179//144 3555//144
f 4171//144 4180//144 3555//144
f 2952//270 4181//270 4175//270
f 4182//144 4181//144 2952//144
f 4167//144 4182//144 2952//144
f 3120//144 4183//144 3122//144
f 4184//144 4183//144 3120//144
f 3118//144 4184//144 3120//144
f 3116//144 4184//144 3118//144
f 4185//144 4184//144 3116//144
f 2936//144 4185//144 3116//144
f 3554//144 3026//144 3028//144
f 2952//270 4186//270 3030//270
f 4187//144 4186//144 2952//144
f 4173//271 4187//271 2952//271
f 2936//144 4188//144 4185//144
f 4189//144 4188//144 2936//144
f 2935//144 4189//144 2936//144
f 4170//270 2920//270 4190//270
f 3068//144 2920//144 4170//144
f 3070//144 3068//144 4170//144
f 2920//271 4191//271 4190//271
f 4192//144 4191//144 2920//144
f 2919//144 4192//144 2920//144
f 4193//144 4192//144 2919//144
f 4194//144 4193//144 2919//144
f 2919//144 4195//144 4194//144
f 4196//144 4195//144 2919//144
f 2966//144 4196//144 2919//144
f 4177//144 4196//144 2966//144
f 2968//144 4177//144 2966//144
f 2970//144 4177//144 2968//144
f 2935//144 4197//144 4189//144
f 4198//144 4197//144 2935//144
f 3078//144 4198//144 2935//144
f 4176//144 4198//144 3078//144
f 3076//271 4176//271 3078//271
f 3074//144 4176//144 3076//144
f 4186//271 3028//271 3030//271
f 3554//144 3028//144 4186//144
f 4199//144 3554//144 4186//144
f 4172//144 3554//144 4199//144
f 3554//144 3024//144 3026//144
f 3022//144 3024//144 3554//144
f 3501//271 3022//271 3554//271
f 3020//271 3022//271 3501//271
f 2951//144 4200//144 4168//144
f 4201//144 4200//144 2951//144
f 3128//144 4201//144 2951//144
f 4202//144 4201//144 3128//144
f 3126//144 4202//144 3128//144
f 4183//144 4202//144 3126//144
f 3124//144 4183//144 3126//144
f 3122//144 4183//144 3124//144
f 3953//310 3920//310 3954//310
f 3954//310 3920//310 3939//310
f 3954//311 3939//311 3974//311
f 3974//311 3939//311 3940//311
f 3975//301 3940//301 3974//301
f 3941//301 3940//301 3975//301
f 3976//300 3941//300 3975//300
f 3932//300 3941//300 3976//300
f 3977//299 3932//299 3976//299
f 3933//312 3932//312 3977//312
f 3978//297 3933//297 3977//297
f 3934//298 3933//298 3978//298
f 3979//295 3934//295 3978//295
f 3938//295 3934//295 3979//295
f 3980//294 3938//294 3979//294
f 3937//293 3938//293 3980//293
f 3961//292 3937//292 3980//292
f 3936//291 3937//291 3961//291
f 3962//290 3936//290 3961//290
f 3931//290 3936//290 3962//290
f 3963//289 3931//289 3962//289
f 3930//289 3931//289 3963//289
f 3964//287 3930//287 3963//287
f 3929//287 3930//287 3964//287
f 3955//286 3929//286 3964//286
f 3950//286 3929//286 3955//286
f 3956//284 3950//284 3955//284
f 3949//284 3950//284 3956//284
f 3983//304 3949//304 3956//304
f 3948//283 3949//283 3983//283
f 3970//282 3948//282 3983//282
f 3947//281 3948//281 3970//281
f 3971//280 3947//280 3970//280
f 3918//280 3947//280 3971//280
f 3957//313 3918//313 3971//313
f 3919//313 3918//313 3957//313
f 3958//310 3919//310 3957//310
f 3924//310 3919//310 3958//310
f 3959//311 3924//311 3958//311
f 3923//311 3924//311 3959//311
f 3959//301 3923//301 3965//301
f 3965//301 3923//301 3922//301
f 3965//300 3922//300 3966//300
f 3966//300 3922//300 3928//300
f 3966//299 3928//299 3951//299
f 3951//299 3928//299 3927//299
f 3951//297 3927//297 3952//297
f 3952//298 3927//298 3926//298
f 3952//295 3926//295 3984//295
f 3984//295 3926//295 3916//295
f 3984//294 3916//294 3985//294
f 3985//294 3916//294 3915//294
f 3985//291 3915//291 3986//291
f 3986//292 3915//292 3917//292
f 3986//290 3917//290 3967//290
f 3967//290 3917//290 3925//290
f 3967//289 3925//289 3968//289
f 3968//314 3925//314 3935//314
f 3968//288 3935//288 3969//288
f 3969//287 3935//287 3944//287
f 3969//286 3944//286 3972//286
f 3972//285 3944//285 3943//285
f 3972//284 3943//284 3973//284
f 3973//284 3943//284 3942//284
f 3973//283 3942//283 3981//283
f 3981//283 3942//283 3945//283
f 3981//282 3945//282 3982//282
f 3982//281 3945//281 3946//281
f 3982//315 3946//315 3960//315
f 3960//315 3946//315 3921//315
f 3960//313 3921//313 3953//313
f 3953//313 3921//313 3920//313
f 4025//310 3992//310 4026//310
f 4026//310 3992//310 4011//310
f 4026//311 4011//311 4046//311
f 4046//311 4011//311 4012//311
f 4047//301 4012//301 4046//301
f 4013//316 4012//316 4047//316
f 4048//300 4013//300 4047//300
f 4004//300 4013//300 4048//300
f 4049//299 4004//299 4048//299
f 4005//312 4004//312 4049//312
f 4050//297 4005//297 4049//297
f 4006//297 4005//297 4050//297
f 4051//295 4006//295 4050//295
f 4010//295 4006//295 4051//295
f 4052//294 4010//294 4051//294
f 4009//293 4010//293 4052//293
f 4033//292 4009//292 4052//292
f 4008//291 4009//291 4033//291
f 4034//290 4008//290 4033//290
f 4003//290 4008//290 4034//290
f 4035//289 4003//289 4034//289
f 4002//289 4003//289 4035//289
f 4036//287 4002//287 4035//287
f 4001//287 4002//287 4036//287
f 4027//285 4001//285 4036//285
f 4022//286 4001//286 4027//286
f 4028//284 4022//284 4027//284
f 4021//284 4022//284 4028//284
f 4055//304 4021//304 4028//304
f 4020//283 4021//283 4055//283
f 4042//281 4020//281 4055//281
f 4019//281 4020//281 4042//281
f 4043//280 4019//280 4042//280
f 3990//280 4019//280 4043//280
f 4029//313 3990//313 4043//313
f 3991//313 3990//313 4029//313
f 4030//310 3991//310 4029//310
f 3996//310 3991//310 4030//310
f 4031//311 3996//311 4030//311
f 3995//311 3996//311 4031//311
f 4031//301 3995//301 4037//301
f 4037//316 3995//316 3994//316
f 4037//300 3994//300 4038//300
f 4038//317 3994//317 4000//317
f 4038//299 4000//299 4023//299
f 4023//299 4000//299 3999//299
f 4023//298 3999//298 4024//298
f 4024//297 3999//297 3998//297
f 4024//295 3998//295 4056//295
f 4056//295 3998//295 3988//295
f 4056//294 3988//294 4057//294
f 4057//294 3988//294 3987//294
f 4057//291 3987//291 4058//291
f 4058//292 3987//292 3989//292
f 4058//290 3989//290 4039//290
f 4039//290 3989//290 3997//290
f 4039//289 3997//289 4040//289
f 4040//314 3997//314 4007//314
f 4040//288 4007//288 4041//288
f 4041//287 4007//287 4016//287
f 4041//286 4016//286 4044//286
f 4044//286 4016//286 4015//286
f 4044//284 4015//284 4045//284
f 4045//284 4015//284 4014//284
f 4045//283 4014//283 4053//283
f 4053//283 4014//283 4017//283
f 4053//281 4017//281 4054//281
f 4054//281 4017//281 4018//281
f 4054//315 4018//315 4032//315
f 4032//315 4018//315 3993//315
f 4032//313 3993//313 4025//313
f 4025//313 3993//313 3992//313
f 4133//310 4065//310 4134//310
f 4134//310 4065//310 4088//310
f 4134//311 4088//311 4154//311
f 4154//311 4088//311 4089//311
f 4155//301 4089//301 4154//301
f 4090//316 4089//316 4155//316
f 4156//300 4090//300 4155//300
f 4082//300 4090//300 4156//300
f 4157//299 4082//299 4156//299
f 4083//312 4082//312 4157//312
f 4158//297 4083//297 4157//297
f 4084//297 4083//297 4158//297
f 4159//295 4084//295 4158//295
f 4087//295 4084//295 4159//295
f 4160//294 4087//294 4159//294
f 4086//293 4087//293 4160//293
f 4141//292 4086//292 4160//292
f 4085//291 4086//291 4141//291
f 4142//290 4085//290 4141//290
f 4081//290 4085//290 4142//290
f 4143//289 4081//289 4142//289
f 4080//289 4081//289 4143//289
f 4144//287 4080//287 4143//287
f 4079//287 4080//287 4144//287
f 4135//286 4079//286 4144//286
f 4094//286 4079//286 4135//286
f 4136//284 4094//284 4135//284
f 4093//284 4094//284 4136//284
f 4163//304 4093//304 4136//304
f 4092//283 4093//283 4163//283
f 4150//281 4092//281 4163//281
f 4091//281 4092//281 4150//281
f 4151//280 4091//280 4150//280
f 4063//280 4091//280 4151//280
f 4137//313 4063//313 4151//313
f 4076//313 4063//313 4137//313
f 4138//310 4076//310 4137//310
f 4075//310 4076//310 4138//310
f 4139//311 4075//311 4138//311
f 4074//311 4075//311 4139//311
f 4139//301 4074//301 4145//301
f 4145//316 4074//316 4073//316
f 4145//300 4073//300 4146//300
f 4146//300 4073//300 4072//300
f 4146//299 4072//299 4131//299
f 4131//299 4072//299 4071//299
f 4131//297 4071//297 4132//297
f 4132//297 4071//297 4070//297
f 4132//295 4070//295 4164//295
f 4164//295 4070//295 4060//295
f 4164//294 4060//294 4165//294
f 4165//294 4060//294 4059//294
f 4165//291 4059//291 4166//291
f 4166//292 4059//292 4062//292
f 4166//290 4062//290 4147//290
f 4147//290 4062//290 4061//290
f 4147//289 4061//289 4148//289
f 4148//314 4061//314 4064//314
f 4148//288 4064//288 4149//288
f 4149//287 4064//287 4069//287
f 4149//286 4069//286 4152//286
f 4152//286 4069//286 4068//286
f 4152//284 4068//284 4153//284
f 4153//284 4068//284 4067//284
f 4153//283 4067//283 4161//283
f 4161//283 4067//283 4077//283
f 4161//281 4077//281 4162//281
f 4162//281 4077//281 4078//281
f 4162//315 4078//315 4140//315
f 4140//315 4078//315 4066//315
f 4140//313 4066//313 4133//313
f 4133//313 4066//313 4065//313
f 4169//310 4100//310 4170//310
f 4170//310 4100//310 4119//310
f 4170//311 4119//311 4190//311
f 4190//311 4119//311 4120//311
f 4191//301 4120//301 4190//301
f 4121//301 4120//301 4191//301
f 4192//300 4121//300 4191//300
f 4112//300 4121//300 4192//300
f 4193//299 4112//299 4192//299
f 4113//312 4112//312 4193//312
f 4194//297 4113//297 4193//297
f 4114//297 4113//297 4194//297
f 4195//295 4114//295 4194//295
f 4118//295 4114//295 4195//295
f 4196//294 4118//294 4195//294
f 4117//293 4118//293 4196//293
f 4177//292 4117//292 4196//292
f 4116//291 4117//291 4177//291
f 4178//290 4116//290 4177//290
f 4111//290 4116//290 4178//290
f 4179//289 4111//289 4178//289
f 4110//289 4111//289 4179//289
f 4180//287 4110//287 4179//287
f 4109//287 4110//287 4180//287
f 4171//286 4109//286 4180//286
f 4130//318 4109//318 4171//318
f 4172//284 4130//284 4171//284
f 4129//284 4130//284 4172//284
f 4199//304 4129//304 4172//304
f 4128//283 4129//283 4199//283
f 4186//281 4128//281 4199//281
f 4127//281 4128//281 4186//281
f 4187//280 4127//280 4186//280
f 4098//280 4127//280 4187//280
f 4173//313 4098//313 4187//313
f 4099//313 4098//313 4173//313
f 4174//310 4099//310 4173//310
f 4104//310 4099//310 4174//310
f 4175//311 4104//311 4174//311
f 4103//311 4104//311 4175//311
f 4175//301 4103//301 4181//301
f 4181//301 4103//301 4102//301
f 4181//300 4102//300 4182//300
f 4182//300 4102//300 4108//300
f 4182//299 4108//299 4167//299
f 4167//299 4108//299 4107//299
f 4167//297 4107//297 4168//297
f 4168//297 4107//297 4106//297
f 4168//295 4106//295 4200//295
f 4200//295 4106//295 4096//295
f 4200//294 4096//294 4201//294
f 4201//294 4096//294 4095//294
f 4201//291 4095//291 4202//291
f 4202//292 4095//292 4097//292
f 4202//290 4097//290 4183//290
f 4183//290 4097//290 4105//290
f 4183//289 4105//289 4184//289
f 4184//314 4105//314 4115//314
f 4184//287 4115//287 4185//287
f 4185//288 4115//288 4124//288
f 4185//286 4124//286 4188//286
f 4188//286 4124//286 4123//286
f 4188//284 4123//284 4189//284
f 4189//284 4123//284 4122//284
f 4189//283 4122//283 4197//283
f 4197//283 4122//283 4125//283
f 4197//281 4125//281 4198//281
f 4198//281 4125//281 4126//281
f 4198//315 4126//315 4176//315
f 4176//315 4126//315 4101//315
f 4176//313 4101//313 4169//313
f 4169//313 4101//313 4100//313
o loader_frame_world.stl
v 2.885055 0.964570 0.591328
v 2.885055 0.971034 0.062367
v 2.855055 0.964570 0.591328
v 2.855055 0.964570 0.591328
v 2.885055 0.971034 0.062367
v 2.855055 0.971034 0.062367
v 2.885055 0.964570 0.591328
v 2.855055 0.964570 0.591328
v 2.855055 0.963615 0.600902
v 2.885055 0.964570 0.591328
v 2.855055 0.963615 0.600902
v 2.885055 0.963615 0.600902
v 2.885055 0.963615 0.600902
v 2.855055 0.963615 0.600902
v 2.855055 0.961011 0.610166
v 2.885055 0.963615 0.600902
v 2.855055 0.961011 0.610166
v 2.885055 0.961011 0.610166
v 2.885055 0.961011 0.610166
v 2.855055 0.961011 0.610166
v 2.855055 0.956838 0.618836
v 2.885055 0.961011 0.610166
v 2.855055 0.956838 0.618836
v 2.885055 0.956838 0.618836
v 2.885055 0.956838 0.618836
v 2.855055 0.956838 0.618836
v 2.855055 0.951224 0.626650
v 2.885055 0.956838 0.618836
v 2.855055 0.951224 0.626650
v 2.885055 0.951224 0.626650
v 2.885055 0.951224 0.626650
v 2.855055 0.951224 0.626650
v 2.855055 0.944337 0.633370
v 2.885055 0.951224 0.626650
v 2.855055 0.944337 0.633370
v 2.885055 0.944337 0.633370
v 2.885055 0.944337 0.633370
v 2.855055 0.944337 0.633370
v 2.855055 0.936389 0.638792
v 2.885055 0.944337 0.633370
v 2.855055 0.936389 0.638792
v 2.885055 0.936389 0.638792
v 2.885055 0.936389 0.638792
v 2.855055 0.936389 0.638792
v 2.855055 0.927619 0.642751
v 2.885055 0.936389 0.638792
v 2.855055 0.927619 0.642751
v 2.885055 0.927619 0.642751
v 2.885055 0.927619 0.642751
v 2.855055 0.927619 0.642751
v 2.855055 0.918295 0.645128
v 2.885055 0.927619 0.642751
v 2.855055 0.918295 0.645128
v 2.885055 0.918295 0.645128
v 2.885055 0.918295 0.645128
v 2.855055 0.918295 0.645128
v 2.855055 0.908700 0.645849
v 2.885055 0.918295 0.645128
v 2.855055 0.908700 0.645849
v 2.885055 0.908700 0.645849
v 2.885055 0.793709 0.644444
v 2.885055 0.908700 0.645849
v 2.855055 0.793709 0.644444
v 2.855055 0.793709 0.644444
v 2.885055 0.908700 0.645849
v 2.855055 0.908700 0.645849
v 2.885055 0.793709 0.644444
v 2.855055 0.793709 0.644444
v 2.855055 0.784134 0.643488
v 2.885055 0.793709 0.644444
v 2.855055 0.784134 0.643488
v 2.885055 0.784134 0.643488
v 2.885055 0.784134 0.643488
v 2.855055 0.784134 0.643488
v 2.855055 0.774871 0.640885
v 2.885055 0.784134 0.643488
v 2.855055 0.774871 0.640885
v 2.885055 0.774871 0.640885
v 2.885055 0.774871 0.640885
v 2.855055 0.774871 0.640885
v 2.855055 0.766201 0.636712
v 2.885055 0.774871 0.640885
v 2.855055 0.766201 0.636712
v 2.885055 0.766201 0.636712
v 2.885055 0.766201 0.636712
v 2.855055 0.766201 0.636712
v 2.855055 0.758387 0.631097
v 2.885055 0.766201 0.636712
v 2.855055 0.758387 0.631097
v 2.885055 0.758387 0.631097
v 2.885055 0.758387 0.631097
v 2.855055 0.758387 0.631097
v 2.855055 0.751667 0.624211
v 2.885055 0.758387 0.631097
v 2.855055 0.751667 0.624211
v 2.885055 0.751667 0.624211
v 2.885055 0.751667 0.624211
v 2.855055 0.751667 0.624211
v 2.855055 0.746245 0.616262
v 2.885055 0.751667 0.624211
v 2.855055 0.746245 0.616262
v 2.885055 0.746245 0.616262
v 2.885055 0.746245 0.616262
v 2.855055 0.746245 0.616262
v 2.855055 0.742285 0.607493
v 2.885055 0.746245 0.616262
v 2.855055 0.742285 0.607493
v 2.885055 0.742285 0.607493
v 2.885055 0.742285 0.607493
v 2.855055 0.742285 0.607493
v 2.855055 0.739909 0.598169
v 2.885055 0.742285 0.607493
v 2.855055 0.739909 0.598169
v 2.885055 0.739909 0.598169
v 2.885055 0.739909 0.598169
v 2.855055 0.739909 0.598169
v 2.855055 0.739187 0.588574
v 2.885055 0.739909 0.598169
v 2.855055 0.739187 0.588574
v 2.885055 0.739187 0.588574
v 2.885055 0.745650 0.059613
v 2.885055 0.739187 0.588574
v 2.855055 0.745650 0.059613
v 2.855055 0.745650 0.059613
v 2.885055 0.739187 0.588574
v 2.855055 0.739187 0.588574
v 2.885055 0.880908 0.567304
v 2.855055 0.880908 0.567304
v 2.885055 0.880532 0.562307
v 2.885055 0.880532 0.562307
v 2.855055 0.880908 0.567304
v 2.855055 0.880532 0.562307
v 2.885055 0.880532 0.562307
v 2.855055 0.880532 0.562307
v 2.885055 0.879294 0.557450
v 2.885055 0.879294 0.557450
v 2.855055 0.880532 0.562307
v 2.855055 0.879294 0.557450
v 2.885055 0.879294 0.557450
v 2.855055 0.879294 0.557450
v 2.885055 0.877232 0.552883
v 2.885055 0.877232 0.552883
v 2.855055 0.879294 0.557450
v 2.855055 0.877232 0.552883
v 2.885055 0.877232 0.552883
v 2.855055 0.877232 0.552883
v 2.885055 0.874408 0.548743
v 2.885055 0.874408 0.548743
v 2.855055 0.877232 0.552883
v 2.855055 0.874408 0.548743
v 2.885055 0.874408 0.548743
v 2.855055 0.874408 0.548743
v 2.885055 0.870908 0.545156
v 2.885055 0.870908 0.545156
v 2.855055 0.874408 0.548743
v 2.855055 0.870908 0.545156
v 2.885055 0.870908 0.545156
v 2.855055 0.870908 0.545156
v 2.885055 0.866838 0.542232
v 2.885055 0.866838 0.542232
v 2.855055 0.870908 0.545156
v 2.855055 0.866838 0.542232
v 2.885055 0.866838 0.542232
v 2.855055 0.866838 0.542232
v 2.885055 0.862322 0.540058
v 2.885055 0.862322 0.540058
v 2.855055 0.866838 0.542232
v 2.855055 0.862322 0.540058
v 2.885055 0.862322 0.540058
v 2.855055 0.862322 0.540058
v 2.885055 0.857498 0.538702
v 2.885055 0.857498 0.538702
v 2.855055 0.862322 0.540058
v 2.855055 0.857498 0.538702
v 2.885055 0.857498 0.538702
v 2.855055 0.857498 0.538702
v 2.885055 0.852511 0.538204
v 2.885055 0.852511 0.538204
v 2.855055 0.857498 0.538702
v 2.855055 0.852511 0.538204
v 2.885055 0.852511 0.538204
v 2.855055 0.852511 0.538204
v 2.885055 0.847514 0.538580
v 2.885055 0.847514 0.538580
v 2.855055 0.852511 0.538204
v 2.855055 0.847514 0.538580
v 2.885055 0.847514 0.538580
v 2.855055 0.847514 0.538580
v 2.885055 0.842658 0.539818
v 2.885055 0.842658 0.539818
v 2.855055 0.847514 0.538580
v 2.855055 0.842658 0.539818
v 2.885055 0.842658 0.539818
v 2.855055 0.842658 0.539818
v 2.885055 0.838090 0.541880
v 2.885055 0.838090 0.541880
v 2.855055 0.842658 0.539818
v 2.855055 0.838090 0.541880
v 2.885055 0.838090 0.541880
v 2.855055 0.838090 0.541880
v 2.885055 0.833950 0.544704
v 2.885055 0.833950 0.544704
v 2.855055 0.838090 0.541880
v 2.855055 0.833950 0.544704
v 2.885055 0.833950 0.544704
v 2.855055 0.833950 0.544704
v 2.885055 0.830364 0.548205
v 2.885055 0.830364 0.548205
v 2.855055 0.833950 0.544704
v 2.855055 0.830364 0.548205
v 2.885055 0.830364 0.548205
v 2.855055 0.830364 0.548205
v 2.885055 0.827439 0.552275
v 2.885055 0.827439 0.552275
v 2.855055 0.830364 0.548205
v 2.855055 0.827439 0.552275
v 2.885055 0.827439 0.552275
v 2.855055 0.827439 0.552275
v 2.885055 0.825266 0.556790
v 2.885055 0.825266 0.556790
v 2.855055 0.827439 0.552275
v 2.855055 0.825266 0.556790
v 2.885055 0.825266 0.556790
v 2.855055 0.825266 0.556790
v 2.885055 0.823910 0.561615
v 2.885055 0.823910 0.561615
v 2.855055 0.825266 0.556790
v 2.855055 0.823910 0.561615
v 2.885055 0.823910 0.561615
v 2.855055 0.823910 0.561615
v 2.885055 0.823412 0.566601
v 2.885055 0.823412 0.566601
v 2.855055 0.823910 0.561615
v 2.855055 0.823412 0.566601
v 2.885055 0.823412 0.566601
v 2.855055 0.823412 0.566601
v 2.885055 0.823788 0.571599
v 2.885055 0.823788 0.571599
v 2.855055 0.823412 0.566601
v 2.855055 0.823788 0.571599
v 2.885055 0.823788 0.571599
v 2.855055 0.823788 0.571599
v 2.885055 0.825025 0.576455
v 2.885055 0.825025 0.576455
v 2.855055 0.823788 0.571599
v 2.855055 0.825025 0.576455
v 2.885055 0.825025 0.576455
v 2.855055 0.825025 0.576455
v 2.885055 0.827088 0.581022
v 2.885055 0.827088 0.581022
v 2.855055 0.825025 0.576455
v 2.855055 0.827088 0.581022
v 2.885055 0.827088 0.581022
v 2.855055 0.827088 0.581022
v 2.885055 0.829912 0.585163
v 2.885055 0.829912 0.585163
v 2.855055 0.827088 0.581022
v 2.855055 0.829912 0.585163
v 2.885055 0.829912 0.585163
v 2.855055 0.829912 0.585163
v 2.885055 0.833412 0.588748
v 2.885055 0.833412 0.588748
v 2.855055 0.829912 0.585163
v 2.855055 0.833412 0.588748
v 2.885055 0.833412 0.588748
v 2.855055 0.833412 0.588748
v 2.885055 0.837482 0.591673
v 2.885055 0.837482 0.591673
v 2.855055 0.833412 0.588748
v 2.855055 0.837482 0.591673
v 2.885055 0.837482 0.591673
v 2.855055 0.837482 0.591673
v 2.885055 0.841998 0.593846
v 2.885055 0.841998 0.593846
v 2.855055 0.837482 0.591673
v 2.855055 0.841998 0.593846
v 2.885055 0.841998 0.593846
v 2.855055 0.841998 0.593846
v 2.885055 0.846822 0.595202
v 2.885055 0.846822 0.595202
v 2.855055 0.841998 0.593846
v 2.855055 0.846822 0.595202
v 2.885055 0.846822 0.595202
v 2.855055 0.846822 0.595202
v 2.885055 0.851809 0.595700
v 2.885055 0.851809 0.595700
v 2.855055 0.846822 0.595202
v 2.855055 0.851809 0.595700
v 2.885055 0.851809 0.595700
v 2.855055 0.851809 0.595700
v 2.885055 0.856806 0.595324
v 2.885055 0.856806 0.595324
v 2.855055 0.851809 0.595700
v 2.855055 0.856806 0.595324
v 2.885055 0.856806 0.595324
v 2.855055 0.856806 0.595324
v 2.885055 0.861662 0.594087
v 2.885055 0.861662 0.594087
v 2.855055 0.856806 0.595324
v 2.855055 0.861662 0.594087
v 2.885055 0.861662 0.594087
v 2.855055 0.861662 0.594087
v 2.885055 0.866230 0.592024
v 2.885055 0.866230 0.592024
v 2.855055 0.861662 0.594087
v 2.855055 0.866230 0.592024
v 2.885055 0.866230 0.592024
v 2.855055 0.866230 0.592024
v 2.885055 0.870370 0.589200
v 2.885055 0.870370 0.589200
v 2.855055 0.866230 0.592024
v 2.855055 0.870370 0.589200
v 2.885055 0.870370 0.589200
v 2.855055 0.870370 0.589200
v 2.885055 0.873956 0.585701
v 2.885055 0.873956 0.585701
v 2.855055 0.870370 0.589200
v 2.855055 0.873956 0.585701
v 2.885055 0.873956 0.585701
v 2.855055 0.873956 0.585701
v 2.885055 0.876881 0.581631
v 2.885055 0.876881 0.581631
v 2.855055 0.873956 0.585701
v 2.855055 0.876881 0.581631
v 2.885055 0.876881 0.581631
v 2.855055 0.876881 0.581631
v 2.885055 0.879054 0.577115
v 2.885055 0.879054 0.577115
v 2.855055 0.876881 0.581631
v 2.855055 0.879054 0.577115
v 2.885055 0.879054 0.577115
v 2.855055 0.879054 0.577115
v 2.885055 0.880410 0.572291
v 2.885055 0.880410 0.572291
v 2.855055 0.879054 0.577115
v 2.855055 0.880410 0.572291
v 2.885055 0.880410 0.572291
v 2.855055 0.880410 0.572291
v 2.885055 0.880908 0.567304
v 2.885055 0.880908 0.567304
v 2.855055 0.880410 0.572291
v 2.855055 0.880908 0.567304
v 2.885055 0.971034 0.062367
v 2.885055 0.745650 0.059613
v 2.855055 0.971034 0.062367
v 2.855055 0.971034 0.062367
v 2.885055 0.745650 0.059613
v 2.855055 0.745650 0.059613
v 2.885055 0.745650 0.059613
v 2.885055 0.852511 0.538204
v 2.885055 0.847514 0.538580
v 2.885055 0.852511 0.538204
v 2.885055 0.745650 0.059613
v 2.885055 0.857498 0.538702
v 2.885055 0.857498 0.538702
v 2.885055 0.745650 0.059613
v 2.885055 0.971034 0.062367
v 2.885055 0.857498 0.538702
v 2.885055 0.971034 0.062367
v 2.885055 0.862322 0.540058
v 2.885055 0.847514 0.538580
v 2.885055 0.842658 0.539818
v 2.885055 0.745650 0.059613
v 2.885055 0.745650 0.059613
v 2.885055 0.842658 0.539818
v 2.885055 0.838090 0.541880
v 2.885055 0.745650 0.059613
v 2.885055 0.838090 0.541880
v 2.885055 0.833950 0.544704
v 2.885055 0.833950 0.544704
v 2.885055 0.830364 0.548205
v 2.885055 0.745650 0.059613
v 2.885055 0.745650 0.059613
v 2.885055 0.830364 0.548205
v 2.885055 0.827439 0.552275
v 2.885055 0.745650 0.059613
v 2.885055 0.827439 0.552275
v 2.885055 0.739187 0.588574
v 2.885055 0.739187 0.588574
v 2.885055 0.827439 0.552275
v 2.885055 0.825266 0.556790
v 2.885055 0.739187 0.588574
v 2.885055 0.825266 0.556790
v 2.885055 0.823910 0.561615
v 2.885055 0.758387 0.631097
v 2.885055 0.827088 0.581022
v 2.885055 0.829912 0.585163
v 2.885055 0.833412 0.588748
v 2.885055 0.774871 0.640885
v 2.885055 0.829912 0.585163
v 2.885055 0.829912 0.585163
v 2.885055 0.774871 0.640885
v 2.885055 0.766201 0.636712
v 2.885055 0.829912 0.585163
v 2.885055 0.766201 0.636712
v 2.885055 0.758387 0.631097
v 2.885055 0.837482 0.591673
v 2.885055 0.793709 0.644444
v 2.885055 0.833412 0.588748
v 2.885055 0.833412 0.588748
v 2.885055 0.793709 0.644444
v 2.885055 0.784134 0.643488
v 2.885055 0.833412 0.588748
v 2.885055 0.784134 0.643488
v 2.885055 0.774871 0.640885
v 2.885055 0.837482 0.591673
v 2.885055 0.841998 0.593846
v 2.885055 0.793709 0.644444
v 2.885055 0.793709 0.644444
v 2.885055 0.841998 0.593846
v 2.885055 0.846822 0.595202
v 2.885055 0.793709 0.644444
v 2.885055 0.846822 0.595202
v 2.885055 0.908700 0.645849
v 2.885055 0.908700 0.645849
v 2.885055 0.846822 0.595202
v 2.885055 0.851809 0.595700
v 2.885055 0.908700 0.645849
v 2.885055 0.851809 0.595700
v 2.885055 0.856806 0.595324
v 2.885055 0.758387 0.631097
v 2.885055 0.751667 0.624211
v 2.885055 0.827088 0.581022
v 2.885055 0.827088 0.581022
v 2.885055 0.751667 0.624211
v 2.885055 0.746245 0.616262
v 2.885055 0.827088 0.581022
v 2.885055 0.746245 0.616262
v 2.885055 0.825025 0.576455
v 2.885055 0.874408 0.548743
v 2.885055 0.870908 0.545156
v 2.885055 0.971034 0.062367
v 2.885055 0.971034 0.062367
v 2.885055 0.870908 0.545156
v 2.885055 0.866838 0.542232
v 2.885055 0.971034 0.062367
v 2.885055 0.866838 0.542232
v 2.885055 0.862322 0.540058
v 2.885055 0.823910 0.561615
v 2.885055 0.823412 0.566601
v 2.885055 0.739187 0.588574
v 2.885055 0.739187 0.588574
v 2.885055 0.823412 0.566601
v 2.885055 0.823788 0.571599
v 2.885055 0.739187 0.588574
v 2.885055 0.823788 0.571599
v 2.885055 0.739909 0.598169
v 2.885055 0.739909 0.598169
v 2.885055 0.823788 0.571599
v 2.885055 0.825025 0.576455
v 2.885055 0.739909 0.598169
v 2.885055 0.825025 0.576455
v 2.885055 0.742285 0.607493
v 2.885055 0.742285 0.607493
v 2.885055 0.825025 0.576455
v 2.885055 0.746245 0.616262
v 2.885055 0.856806 0.595324
v 2.885055 0.861662 0.594087
v 2.885055 0.908700 0.645849
v 2.885055 0.908700 0.645849
v 2.885055 0.861662 0.594087
v 2.885055 0.866230 0.592024
v 2.885055 0.908700 0.645849
v 2.885055 0.866230 0.592024
v 2.885055 0.918295 0.645128
v 2.885055 0.918295 0.645128
v 2.885055 0.866230 0.592024
v 2.885055 0.870370 0.589200
v 2.885055 0.918295 0.645128
v 2.885055 0.870370 0.589200
v 2.885055 0.927619 0.642751
v 2.885055 0.927619 0.642751
v 2.885055 0.870370 0.589200
v 2.885055 0.873956 0.585701
v 2.885055 0.876881 0.581631
v 2.885055 0.944337 0.633370
v 2.885055 0.873956 0.585701
v 2.885055 0.873956 0.585701
v 2.885055 0.944337 0.633370
v 2.885055 0.936389 0.638792
v 2.885055 0.873956 0.585701
v 2.885055 0.936389 0.638792
v 2.885055 0.927619 0.642751
v 2.885055 0.880908 0.567304
v 2.885055 0.964570 0.591328
v 2.885055 0.880410 0.572291
v 2.885055 0.880410 0.572291
v 2.885055 0.964570 0.591328
v 2.885055 0.963615 0.600902
v 2.885055 0.880410 0.572291
v 2.885055 0.963615 0.600902
v 2.885055 0.879054 0.577115
v 2.885055 0.963615 0.600902
v 2.885055 0.961011 0.610166
v 2.885055 0.879054 0.577115
v 2.885055 0.879054 0.577115
v 2.885055 0.961011 0.610166
v 2.885055 0.956838 0.618836
v 2.885055 0.879054 0.577115
v 2.885055 0.956838 0.618836
v 2.885055 0.876881 0.581631
v 2.885055 0.876881 0.581631
v 2.885055 0.956838 0.618836
v 2.885055 0.951224 0.626650
v 2.885055 0.876881 0.581631
v 2.885055 0.951224 0.626650
v 2.885055 0.944337 0.633370
v 2.885055 0.880908 0.567304
v 2.885055 0.880532 0.562307
v 2.885055 0.964570 0.591328
v 2.885055 0.964570 0.591328
v 2.885055 0.880532 0.562307
v 2.885055 0.879294 0.557450
v 2.885055 0.964570 0.591328
v 2.885055 0.879294 0.557450
v 2.885055 0.971034 0.062367
v 2.885055 0.971034 0.062367
v 2.885055 0.879294 0.557450
v 2.885055 0.877232 0.552883
v 2.885055 0.971034 0.062367
v 2.885055 0.877232 0.552883
v 2.885055 0.874408 0.548743
v 2.855055 0.857498 0.538702
v 2.855055 0.971034 0.062367
v 2.855055 0.852511 0.538204
v 2.855055 0.852511 0.538204
v 2.855055 0.971034 0.062367
v 2.855055 0.745650 0.059613
v 2.855055 0.857498 0.538702
v 2.855055 0.862322 0.540058
v 2.855055 0.971034 0.062367
v 2.855055 0.971034 0.062367
v 2.855055 0.862322 0.540058
v 2.855055 0.866838 0.542232
v 2.855055 0.971034 0.062367
v 2.855055 0.866838 0.542232
v 2.855055 0.870908 0.545156
v 2.855055 0.830364 0.548205
v 2.855055 0.833950 0.544704
v 2.855055 0.745650 0.059613
v 2.855055 0.745650 0.059613
v 2.855055 0.833950 0.544704
v 2.855055 0.838090 0.541880
v 2.855055 0.846822 0.595202
v 2.855055 0.841998 0.593846
v 2.855055 0.793709 0.644444
v 2.855055 0.793709 0.644444
v 2.855055 0.841998 0.593846
v 2.855055 0.837482 0.591673
v 2.855055 0.793709 0.644444
v 2.855055 0.837482 0.591673
v 2.855055 0.784134 0.643488
v 2.855055 0.784134 0.643488
v 2.855055 0.837482 0.591673
v 2.855055 0.833412 0.588748
v 2.855055 0.784134 0.643488
v 2.855055 0.833412 0.588748
v 2.855055 0.774871 0.640885
v 2.855055 0.774871 0.640885
v 2.855055 0.833412 0.588748
v 2.855055 0.829912 0.585163
v 2.855055 0.827088 0.581022
v 2.855055 0.758387 0.631097
v 2.855055 0.829912 0.585163
v 2.855055 0.829912 0.585163
v 2.855055 0.758387 0.631097
v 2.855055 0.766201 0.636712
v 2.855055 0.829912 0.585163
v 2.855055 0.766201 0.636712
v 2.855055 0.774871 0.640885
v 2.855055 0.823412 0.566601
v 2.855055 0.739187 0.588574
v 2.855055 0.823788 0.571599
v 2.855055 0.823788 0.571599
v 2.855055 0.739187 0.588574
v 2.855055 0.739909 0.598169
v 2.855055 0.823788 0.571599
v 2.855055 0.739909 0.598169
v 2.855055 0.825025 0.576455
v 2.855055 0.838090 0.541880
v 2.855055 0.842658 0.539818
v 2.855055 0.745650 0.059613
v 2.855055 0.745650 0.059613
v 2.855055 0.842658 0.539818
v 2.855055 0.847514 0.538580
v 2.855055 0.745650 0.059613
v 2.855055 0.847514 0.538580
v 2.855055 0.852511 0.538204
v 2.855055 0.870908 0.545156
v 2.855055 0.874408 0.548743
v 2.855055 0.971034 0.062367
v 2.855055 0.971034 0.062367
v 2.855055 0.874408 0.548743
v 2.855055 0.877232 0.552883
v 2.855055 0.971034 0.062367
v 2.855055 0.877232 0.552883
v 2.855055 0.964570 0.591328
v 2.855055 0.964570 0.591328
v 2.855055 0.877232 0.552883
v 2.855055 0.879294 0.557450
v 2.855055 0.964570 0.591328
v 2.855055 0.879294 0.557450
v 2.855055 0.880532 0.562307
v 2.855055 0.944337 0.633370
v 2.855055 0.876881 0.581631
v 2.855055 0.873956 0.585701
v 2.855055 0.870370 0.589200
v 2.855055 0.927619 0.642751
v 2.855055 0.873956 0.585701
v 2.855055 0.873956 0.585701
v 2.855055 0.927619 0.642751
v 2.855055 0.936389 0.638792
v 2.855055 0.873956 0.585701
v 2.855055 0.936389 0.638792
v 2.855055 0.944337 0.633370
v 2.855055 0.866230 0.592024
v 2.855055 0.908700 0.645849
v 2.855055 0.870370 0.589200
v 2.855055 0.870370 0.589200
v 2.855055 0.908700 0.645849
v 2.855055 0.918295 0.645128
v 2.855055 0.870370 0.589200
v 2.855055 0.918295 0.645128
v 2.855055 0.927619 0.642751
v 2.855055 0.866230 0.592024
v 2.855055 0.861662 0.594087
v 2.855055 0.908700 0.645849
v 2.855055 0.908700 0.645849
v 2.855055 0.861662 0.594087
v 2.855055 0.856806 0.595324
v 2.855055 0.908700 0.645849
v 2.855055 0.856806 0.595324
v 2.855055 0.793709 0.644444
v 2.855055 0.793709 0.644444
v 2.855055 0.856806 0.595324
v 2.855055 0.851809 0.595700
v 2.855055 0.793709 0.644444
v 2.855055 0.851809 0.595700
v 2.855055 0.846822 0.595202
v 2.855055 0.739909 0.598169
v 2.855055 0.742285 0.607493
v 2.855055 0.825025 0.576455
v 2.855055 0.825025 0.576455
v 2.855055 0.742285 0.607493
v 2.855055 0.746245 0.616262
v 2.855055 0.825025 0.576455
v 2.855055 0.746245 0.616262
v 2.855055 0.827088 0.581022
v 2.855055 0.827088 0.581022
v 2.855055 0.746245 0.616262
v 2.855055 0.751667 0.624211
v 2.855055 0.827088 0.581022
v 2.855055 0.751667 0.624211
v 2.855055 0.758387 0.631097
v 2.855055 0.823412 0.566601
v 2.855055 0.823910 0.561615
v 2.855055 0.739187 0.588574
v 2.855055 0.739187 0.588574
v 2.855055 0.823910 0.561615
v 2.855055 0.825266 0.556790
v 2.855055 0.739187 0.588574
v 2.855055 0.825266 0.556790
v 2.855055 0.745650 0.059613
v 2.855055 0.745650 0.059613
v 2.855055 0.825266 0.556790
v 2.855055 0.827439 0.552275
v 2.855055 0.745650 0.059613
v 2.855055 0.827439 0.552275
v 2.855055 0.830364 0.548205
v 2.855055 0.944337 0.633370
v 2.855055 0.951224 0.626650
v 2.855055 0.876881 0.581631
v 2.855055 0.876881 0.581631
v 2.855055 0.951224 0.626650
v 2.855055 0.956838 0.618836
v 2.855055 0.876881 0.581631
v 2.855055 0.956838 0.618836
v 2.855055 0.879054 0.577115
v 2.855055 0.880532 0.562307
v 2.855055 0.880908 0.567304
v 2.855055 0.964570 0.591328
v 2.855055 0.964570 0.591328
v 2.855055 0.880908 0.567304
v 2.855055 0.880410 0.572291
v 2.855055 0.964570 0.591328
v 2.855055 0.880410 0.572291
v 2.855055 0.963615 0.600902
v 2.855055 0.963615 0.600902
v 2.855055 0.880410 0.572291
v 2.855055 0.879054 0.577115
v 2.855055 0.963615 0.600902
v 2.855055 0.879054 0.577115
v 2.855055 0.961011 0.610166
v 2.855055 0.961011 0.610166
v 2.855055 0.879054 0.577115
v 2.855055 0.956838 0.618836
v 2.705055 0.964860 0.589952
v 2.705055 0.964860 0.060952
v 2.675055 0.964860 0.589952
v 2.675055 0.964860 0.589952
v 2.705055 0.964860 0.060952
v 2.675055 0.964860 0.060952
v 2.705055 0.964860 0.589952
v 2.675055 0.964860 0.589952
v 2.675055 0.964022 0.599538
v 2.705055 0.964860 0.589952
v 2.675055 0.964022 0.599538
v 2.705055 0.964022 0.599538
v 2.705055 0.964022 0.599538
v 2.675055 0.964022 0.599538
v 2.675055 0.961531 0.608832
v 2.705055 0.964022 0.599538
v 2.675055 0.961531 0.608832
v 2.705055 0.961531 0.608832
v 2.705055 0.961531 0.608832
v 2.675055 0.961531 0.608832
v 2.675055 0.957464 0.617553
v 2.705055 0.961531 0.608832
v 2.675055 0.957464 0.617553
v 2.705055 0.957464 0.617553
v 2.705055 0.957464 0.617553
v 2.675055 0.957464 0.617553
v 2.675055 0.951946 0.625435
v 2.705055 0.957464 0.617553
v 2.675055 0.951946 0.625435
v 2.705055 0.951946 0.625435
v 2.705055 0.951946 0.625435
v 2.675055 0.951946 0.625435
v 2.675055 0.945142 0.632238
v 2.705055 0.951946 0.625435
v 2.675055 0.945142 0.632238
v 2.705055 0.945142 0.632238
v 2.705055 0.945142 0.632238
v 2.675055 0.945142 0.632238
v 2.675055 0.937260 0.637757
v 2.705055 0.945142 0.632238
v 2.675055 0.937260 0.637757
v 2.705055 0.937260 0.637757
v 2.705055 0.937260 0.637757
v 2.675055 0.937260 0.637757
v 2.675055 0.928540 0.641824
v 2.705055 0.937260 0.637757
v 2.675055 0.928540 0.641824
v 2.705055 0.928540 0.641824
v 2.705055 0.928540 0.641824
v 2.675055 0.928540 0.641824
v 2.675055 0.919245 0.644314
v 2.705055 0.928540 0.641824
v 2.675055 0.919245 0.644314
v 2.705055 0.919245 0.644314
v 2.705055 0.919245 0.644314
v 2.675055 0.919245 0.644314
v 2.675055 0.909660 0.645152
v 2.705055 0.919245 0.644314
v 2.675055 0.909660 0.645152
v 2.705055 0.909660 0.645152
v 2.705055 0.794660 0.645152
v 2.705055 0.909660 0.645152
v 2.675055 0.794660 0.645152
v 2.675055 0.794660 0.645152
v 2.705055 0.909660 0.645152
v 2.675055 0.909660 0.645152
v 2.705055 0.794660 0.645152
v 2.675055 0.794660 0.645152
v 2.675055 0.785075 0.644314
v 2.705055 0.794660 0.645152
v 2.675055 0.785075 0.644314
v 2.705055 0.785075 0.644314
v 2.705055 0.785075 0.644314
v 2.675055 0.785075 0.644314
v 2.675055 0.775780 0.641824
v 2.705055 0.785075 0.644314
v 2.675055 0.775780 0.641824
v 2.705055 0.775780 0.641824
v 2.705055 0.775780 0.641824
v 2.675055 0.775780 0.641824
v 2.675055 0.767060 0.637757
v 2.705055 0.775780 0.641824
v 2.675055 0.767060 0.637757
v 2.705055 0.767060 0.637757
v 2.705055 0.767060 0.637757
v 2.675055 0.767060 0.637757
v 2.675055 0.759178 0.632238
v 2.705055 0.767060 0.637757
v 2.675055 0.759178 0.632238
v 2.705055 0.759178 0.632238
v 2.705055 0.759178 0.632238
v 2.675055 0.759178 0.632238
v 2.675055 0.752374 0.625435
v 2.705055 0.759178 0.632238
v 2.675055 0.752374 0.625435
v 2.705055 0.752374 0.625435
v 2.705055 0.752374 0.625435
v 2.675055 0.752374 0.625435
v 2.675055 0.746855 0.617553
v 2.705055 0.752374 0.625435
v 2.675055 0.746855 0.617553
v 2.705055 0.746855 0.617553
v 2.705055 0.746855 0.617553
v 2.675055 0.746855 0.617553
v 2.675055 0.742789 0.608832
v 2.705055 0.746855 0.617553
v 2.675055 0.742789 0.608832
v 2.705055 0.742789 0.608832
v 2.705055 0.742789 0.608832
v 2.675055 0.742789 0.608832
v 2.675055 0.740299 0.599538
v 2.705055 0.742789 0.608832
v 2.675055 0.740299 0.599538
v 2.705055 0.740299 0.599538
v 2.705055 0.740299 0.599538
v 2.675055 0.740299 0.599538
v 2.675055 0.739460 0.589952
v 2.705055 0.740299 0.599538
v 2.675055 0.739460 0.589952
v 2.705055 0.739460 0.589952
v 2.705055 0.739460 0.060952
v 2.705055 0.739460 0.589952
v 2.675055 0.739460 0.060952
v 2.675055 0.739460 0.060952
v 2.705055 0.739460 0.589952
v 2.675055 0.739460 0.589952
v 2.705055 0.880910 0.566953
v 2.675055 0.880910 0.566953
v 2.705055 0.880473 0.561960
v 2.705055 0.880473 0.561960
v 2.675055 0.880910 0.566953
v 2.675055 0.880473 0.561960
v 2.705055 0.880473 0.561960
v 2.675055 0.880473 0.561960
v 2.705055 0.879176 0.557119
v 2.705055 0.879176 0.557119
v 2.675055 0.880473 0.561960
v 2.675055 0.879176 0.557119
v 2.705055 0.879176 0.557119
v 2.675055 0.879176 0.557119
v 2.705055 0.877058 0.552578
v 2.705055 0.877058 0.552578
v 2.675055 0.879176 0.557119
v 2.675055 0.877058 0.552578
v 2.705055 0.877058 0.552578
v 2.675055 0.877058 0.552578
v 2.705055 0.874183 0.548472
v 2.705055 0.874183 0.548472
v 2.675055 0.877058 0.552578
v 2.675055 0.874183 0.548472
v 2.705055 0.874183 0.548472
v 2.675055 0.874183 0.548472
v 2.705055 0.870640 0.544929
v 2.705055 0.870640 0.544929
v 2.675055 0.874183 0.548472
v 2.675055 0.870640 0.544929
v 2.705055 0.870640 0.544929
v 2.675055 0.870640 0.544929
v 2.705055 0.866535 0.542054
v 2.705055 0.866535 0.542054
v 2.675055 0.870640 0.544929
v 2.675055 0.866535 0.542054
v 2.705055 0.866535 0.542054
v 2.675055 0.866535 0.542054
v 2.705055 0.861993 0.539936
v 2.705055 0.861993 0.539936
v 2.675055 0.866535 0.542054
v 2.675055 0.861993 0.539936
v 2.705055 0.861993 0.539936
v 2.675055 0.861993 0.539936
v 2.705055 0.857152 0.538639
v 2.705055 0.857152 0.538639
v 2.675055 0.861993 0.539936
v 2.675055 0.857152 0.538639
v 2.705055 0.857152 0.538639
v 2.675055 0.857152 0.538639
v 2.705055 0.852160 0.538202
v 2.705055 0.852160 0.538202
v 2.675055 0.857152 0.538639
v 2.675055 0.852160 0.538202
v 2.705055 0.852160 0.538202
v 2.675055 0.852160 0.538202
v 2.705055 0.847167 0.538639
v 2.705055 0.847167 0.538639
v 2.675055 0.852160 0.538202
v 2.675055 0.847167 0.538639
v 2.705055 0.847167 0.538639
v 2.675055 0.847167 0.538639
v 2.705055 0.842327 0.539936
v 2.705055 0.842327 0.539936
v 2.675055 0.847167 0.538639
v 2.675055 0.842327 0.539936
v 2.705055 0.842327 0.539936
v 2.675055 0.842327 0.539936
v 2.705055 0.837785 0.542054
v 2.705055 0.837785 0.542054
v 2.675055 0.842327 0.539936
v 2.675055 0.837785 0.542054
v 2.705055 0.837785 0.542054
v 2.675055 0.837785 0.542054
v 2.705055 0.833680 0.544929
v 2.705055 0.833680 0.544929
v 2.675055 0.837785 0.542054
v 2.675055 0.833680 0.544929
v 2.705055 0.833680 0.544929
v 2.675055 0.833680 0.544929
v 2.705055 0.830136 0.548472
v 2.705055 0.830136 0.548472
v 2.675055 0.833680 0.544929
v 2.675055 0.830136 0.548472
v 2.705055 0.830136 0.548472
v 2.675055 0.830136 0.548472
v 2.705055 0.827262 0.552578
v 2.705055 0.827262 0.552578
v 2.675055 0.830136 0.548472
v 2.675055 0.827262 0.552578
v 2.705055 0.827262 0.552578
v 2.675055 0.827262 0.552578
v 2.705055 0.825144 0.557119
v 2.705055 0.825144 0.557119
v 2.675055 0.827262 0.552578
v 2.675055 0.825144 0.557119
v 2.705055 0.825144 0.557119
v 2.675055 0.825144 0.557119
v 2.705055 0.823847 0.561960
v 2.705055 0.823847 0.561960
v 2.675055 0.825144 0.557119
v 2.675055 0.823847 0.561960
v 2.705055 0.823847 0.561960
v 2.675055 0.823847 0.561960
v 2.705055 0.823410 0.566953
v 2.705055 0.823410 0.566953
v 2.675055 0.823847 0.561960
v 2.675055 0.823410 0.566953
v 2.705055 0.823410 0.566953
v 2.675055 0.823410 0.566953
v 2.705055 0.823847 0.571945
v 2.705055 0.823847 0.571945
v 2.675055 0.823410 0.566953
v 2.675055 0.823847 0.571945
v 2.705055 0.823847 0.571945
v 2.675055 0.823847 0.571945
v 2.705055 0.825144 0.576786
v 2.705055 0.825144 0.576786
v 2.675055 0.823847 0.571945
v 2.675055 0.825144 0.576786
v 2.705055 0.825144 0.576786
v 2.675055 0.825144 0.576786
v 2.705055 0.827262 0.581327
v 2.705055 0.827262 0.581327
v 2.675055 0.825144 0.576786
v 2.675055 0.827262 0.581327
v 2.705055 0.827262 0.581327
v 2.675055 0.827262 0.581327
v 2.705055 0.830136 0.585433
v 2.705055 0.830136 0.585433
v 2.675055 0.827262 0.581327
v 2.675055 0.830136 0.585433
v 2.705055 0.830136 0.585433
v 2.675055 0.830136 0.585433
v 2.705055 0.833680 0.588976
v 2.705055 0.833680 0.588976
v 2.675055 0.830136 0.585433
v 2.675055 0.833680 0.588976
v 2.705055 0.833680 0.588976
v 2.675055 0.833680 0.588976
v 2.705055 0.837785 0.591850
v 2.705055 0.837785 0.591850
v 2.675055 0.833680 0.588976
v 2.675055 0.837785 0.591850
v 2.705055 0.837785 0.591850
v 2.675055 0.837785 0.591850
v 2.705055 0.842327 0.593968
v 2.705055 0.842327 0.593968
v 2.675055 0.837785 0.591850
v 2.675055 0.842327 0.593968
v 2.705055 0.842327 0.593968
v 2.675055 0.842327 0.593968
v 2.705055 0.847167 0.595265
v 2.705055 0.847167 0.595265
v 2.675055 0.842327 0.593968
v 2.675055 0.847167 0.595265
v 2.705055 0.847167 0.595265
v 2.675055 0.847167 0.595265
v 2.705055 0.852160 0.595702
v 2.705055 0.852160 0.595702
v 2.675055 0.847167 0.595265
v 2.675055 0.852160 0.595702
v 2.705055 0.852160 0.595702
v 2.675055 0.852160 0.595702
v 2.705055 0.857152 0.595265
v 2.705055 0.857152 0.595265
v 2.675055 0.852160 0.595702
v 2.675055 0.857152 0.595265
v 2.705055 0.857152 0.595265
v 2.675055 0.857152 0.595265
v 2.705055 0.861993 0.593968
v 2.705055 0.861993 0.593968
v 2.675055 0.857152 0.595265
v 2.675055 0.861993 0.593968
v 2.705055 0.861993 0.593968
v 2.675055 0.861993 0.593968
v 2.705055 0.866535 0.591850
v 2.705055 0.866535 0.591850
v 2.675055 0.861993 0.593968
v 2.675055 0.866535 0.591850
v 2.705055 0.866535 0.591850
v 2.675055 0.866535 0.591850
v 2.705055 0.870640 0.588976
v 2.705055 0.870640 0.588976
v 2.675055 0.866535 0.591850
v 2.675055 0.870640 0.588976
v 2.705055 0.870640 0.588976
v 2.675055 0.870640 0.588976
v 2.705055 0.874183 0.585433
v 2.705055 0.874183 0.585433
v 2.675055 0.870640 0.588976
v 2.675055 0.874183 0.585433
v 2.705055 0.874183 0.585433
v 2.675055 0.874183 0.585433
v 2.705055 0.877058 0.581327
v 2.705055 0.877058 0.581327
v 2.675055 0.874183 0.585433
v 2.675055 0.877058 0.581327
v 2.705055 0.877058 0.581327
v 2.675055 0.877058 0.581327
v 2.705055 0.879176 0.576786
v 2.705055 0.879176 0.576786
v 2.675055 0.877058 0.581327
v 2.675055 0.879176 0.576786
v 2.705055 0.879176 0.576786
v 2.675055 0.879176 0.576786
v 2.705055 0.880473 0.571945
v 2.705055 0.880473 0.571945
v 2.675055 0.879176 0.576786
v 2.675055 0.880473 0.571945
v 2.705055 0.880473 0.571945
v 2.675055 0.880473 0.571945
v 2.705055 0.880910 0.566953
v 2.705055 0.880910 0.566953
v 2.675055 0.880473 0.571945
v 2.675055 0.880910 0.566953
v 2.705055 0.964860 0.060952
v 2.705055 0.739460 0.060952
v 2.675055 0.964860 0.060952
v 2.675055 0.964860 0.060952
v 2.705055 0.739460 0.060952
v 2.675055 0.739460 0.060952
v 2.705055 0.739460 0.060952
v 2.705055 0.852160 0.538202
v 2.705055 0.847167 0.538639
v 2.705055 0.852160 0.538202
v 2.705055 0.739460 0.060952
v 2.705055 0.857152 0.538639
v 2.705055 0.857152 0.538639
v 2.705055 0.739460 0.060952
v 2.705055 0.964860 0.060952
v 2.705055 0.857152 0.538639
v 2.705055 0.964860 0.060952
v 2.705055 0.861993 0.539936
v 2.705055 0.847167 0.538639
v 2.705055 0.842327 0.539936
v 2.705055 0.739460 0.060952
v 2.705055 0.739460 0.060952
v 2.705055 0.842327 0.539936
v 2.705055 0.837785 0.542054
v 2.705055 0.739460 0.060952
v 2.705055 0.837785 0.542054
v 2.705055 0.833680 0.544929
v 2.705055 0.833680 0.544929
v 2.705055 0.830136 0.548472
v 2.705055 0.739460 0.060952
v 2.705055 0.739460 0.060952
v 2.705055 0.830136 0.548472
v 2.705055 0.827262 0.552578
v 2.705055 0.739460 0.060952
v 2.705055 0.827262 0.552578
v 2.705055 0.739460 0.589952
v 2.705055 0.739460 0.589952
v 2.705055 0.827262 0.552578
v 2.705055 0.825144 0.557119
v 2.705055 0.739460 0.589952
v 2.705055 0.825144 0.557119
v 2.705055 0.823847 0.561960
v 2.705055 0.759178 0.632238
v 2.705055 0.827262 0.581327
v 2.705055 0.830136 0.585433
v 2.705055 0.833680 0.588976
v 2.705055 0.775780 0.641824
v 2.705055 0.830136 0.585433
v 2.705055 0.830136 0.585433
v 2.705055 0.775780 0.641824
v 2.705055 0.767060 0.637757
v 2.705055 0.830136 0.585433
v 2.705055 0.767060 0.637757
v 2.705055 0.759178 0.632238
v 2.705055 0.837785 0.591850
v 2.705055 0.794660 0.645152
v 2.705055 0.833680 0.588976
v 2.705055 0.833680 0.588976
v 2.705055 0.794660 0.645152
v 2.705055 0.785075 0.644314
v 2.705055 0.833680 0.588976
v 2.705055 0.785075 0.644314
v 2.705055 0.775780 0.641824
v 2.705055 0.837785 0.591850
v 2.705055 0.842327 0.593968
v 2.705055 0.794660 0.645152
v 2.705055 0.794660 0.645152
v 2.705055 0.842327 0.593968
v 2.705055 0.847167 0.595265
v 2.705055 0.794660 0.645152
v 2.705055 0.847167 0.595265
v 2.705055 0.909660 0.645152
v 2.705055 0.909660 0.645152
v 2.705055 0.847167 0.595265
v 2.705055 0.852160 0.595702
v 2.705055 0.909660 0.645152
v 2.705055 0.852160 0.595702
v 2.705055 0.857152 0.595265
v 2.705055 0.759178 0.632238
v 2.705055 0.752374 0.625435
v 2.705055 0.827262 0.581327
v 2.705055 0.827262 0.581327
v 2.705055 0.752374 0.625435
v 2.705055 0.746855 0.617553
v 2.705055 0.827262 0.581327
v 2.705055 0.746855 0.617553
v 2.705055 0.825144 0.576786
v 2.705055 0.874183 0.548472
v 2.705055 0.870640 0.544929
v 2.705055 0.964860 0.060952
v 2.705055 0.964860 0.060952
v 2.705055 0.870640 0.544929
v 2.705055 0.866535 0.542054
v 2.705055 0.964860 0.060952
v 2.705055 0.866535 0.542054
v 2.705055 0.861993 0.539936
v 2.705055 0.823847 0.561960
v 2.705055 0.823410 0.566953
v 2.705055 0.739460 0.589952
v 2.705055 0.739460 0.589952
v 2.705055 0.823410 0.566953
v 2.705055 0.823847 0.571945
v 2.705055 0.739460 0.589952
v 2.705055 0.823847 0.571945
v 2.705055 0.740299 0.599538
v 2.705055 0.740299 0.599538
v 2.705055 0.823847 0.571945
v 2.705055 0.825144 0.576786
v 2.705055 0.740299 0.599538
v 2.705055 0.825144 0.576786
v 2.705055 0.742789 0.608832
v 2.705055 0.742789 0.608832
v 2.705055 0.825144 0.576786
v 2.705055 0.746855 0.617553
v 2.705055 0.857152 0.595265
v 2.705055 0.861993 0.593968
v 2.705055 0.909660 0.645152
v 2.705055 0.909660 0.645152
v 2.705055 0.861993 0.593968
v 2.705055 0.866535 0.591850
v 2.705055 0.909660 0.645152
v 2.705055 0.866535 0.591850
v 2.705055 0.919245 0.644314
v 2.705055 0.919245 0.644314
v 2.705055 0.866535 0.591850
v 2.705055 0.870640 0.588976
v 2.705055 0.919245 0.644314
v 2.705055 0.870640 0.588976
v 2.705055 0.928540 0.641824
v 2.705055 0.928540 0.641824
v 2.705055 0.870640 0.588976
v 2.705055 0.874183 0.585433
v 2.705055 0.877058 0.581327
v 2.705055 0.945142 0.632238
v 2.705055 0.874183 0.585433
v 2.705055 0.874183 0.585433
v 2.705055 0.945142 0.632238
v 2.705055 0.937260 0.637757
v 2.705055 0.874183 0.585433
v 2.705055 0.937260 0.637757
v 2.705055 0.928540 0.641824
v 2.705055 0.880910 0.566953
v 2.705055 0.964860 0.589952
v 2.705055 0.880473 0.571945
v 2.705055 0.880473 0.571945
v 2.705055 0.964860 0.589952
v 2.705055 0.964022 0.599538
v 2.705055 0.880473 0.571945
v 2.705055 0.964022 0.599538
v 2.705055 0.879176 0.576786
v 2.705055 0.964022 0.599538
v 2.705055 0.961531 0.608832
v 2.705055 0.879176 0.576786
v 2.705055 0.879176 0.576786
v 2.705055 0.961531 0.608832
v 2.705055 0.957464 0.617553
v 2.705055 0.879176 0.576786
v 2.705055 0.957464 0.617553
v 2.705055 0.877058 0.581327
v 2.705055 0.877058 0.581327
v 2.705055 0.957464 0.617553
v 2.705055 0.951946 0.625435
v 2.705055 0.877058 0.581327
v 2.705055 0.951946 0.625435
v 2.705055 0.945142 0.632238
v 2.705055 0.880910 0.566953
v 2.705055 0.880473 0.561960
v 2.705055 0.964860 0.589952
v 2.705055 0.964860 0.589952
v 2.705055 0.880473 0.561960
v 2.705055 0.879176 0.557119
v 2.705055 0.964860 0.589952
v 2.705055 0.879176 0.557119
v 2.705055 0.964860 0.060952
v 2.705055 0.964860 0.060952
v 2.705055 0.879176 0.557119
v 2.705055 0.877058 0.552578
v 2.705055 0.964860 0.060952
v 2.705055 0.877058 0.552578
v 2.705055 0.874183 0.548472
v 2.675055 0.857152 0.538639
v 2.675055 0.964860 0.060952
v 2.675055 0.852160 0.538202
v 2.675055 0.852160 0.538202
v 2.675055 0.964860 0.060952
v 2.675055 0.739460 0.060952
v 2.675055 0.857152 0.538639
v 2.675055 0.861993 0.539936
v 2.675055 0.964860 0.060952
v 2.675055 0.964860 0.060952
v 2.675055 0.861993 0.539936
v 2.675055 0.866535 0.542054
v 2.675055 0.964860 0.060952
v 2.675055 0.866535 0.542054
v 2.675055 0.870640 0.544929
v 2.675055 0.830136 0.548472
v 2.675055 0.833680 0.544929
v 2.675055 0.739460 0.060952
v 2.675055 0.739460 0.060952
v 2.675055 0.833680 0.544929
v 2.675055 0.837785 0.542054
v 2.675055 0.847167 0.595265
v 2.675055 0.842327 0.593968
v 2.675055 0.794660 0.645152
v 2.675055 0.794660 0.645152
v 2.675055 0.842327 0.593968
v 2.675055 0.837785 0.591850
v 2.675055 0.794660 0.645152
v 2.675055 0.837785 0.591850
v 2.675055 0.785075 0.644314
v 2.675055 0.785075 0.644314
v 2.675055 0.837785 0.591850
v 2.675055 0.833680 0.588976
v 2.675055 0.785075 0.644314
v 2.675055 0.833680 0.588976
v 2.675055 0.775780 0.641824
v 2.675055 0.775780 0.641824
v 2.675055 0.833680 0.588976
v 2.675055 0.830136 0.585433
v 2.675055 0.827262 0.581327
v 2.675055 0.759178 0.632238
v 2.675055 0.830136 0.585433
v 2.675055 0.830136 0.585433
v 2.675055 0.759178 0.632238
v 2.675055 0.767060 0.637757
v 2.675055 0.830136 0.585433
v 2.675055 0.767060 0.637757
v 2.675055 0.775780 0.641824
v 2.675055 0.823410 0.566953
v 2.675055 0.739460 0.589952
v 2.675055 0.823847 0.571945
v 2.675055 0.823847 0.571945
v 2.675055 0.739460 0.589952
v 2.675055 0.740299 0.599538
v 2.675055 0.823847 0.571945
v 2.675055 0.740299 0.599538
v 2.675055 0.825144 0.576786
v 2.675055 0.837785 0.542054
v 2.675055 0.842327 0.539936
v 2.675055 0.739460 0.060952
v 2.675055 0.739460 0.060952
v 2.675055 0.842327 0.539936
v 2.675055 0.847167 0.538639
v 2.675055 0.739460 0.060952
v 2.675055 0.847167 0.538639
v 2.675055 0.852160 0.538202
v 2.675055 0.870640 0.544929
v 2.675055 0.874183 0.548472
v 2.675055 0.964860 0.060952
v 2.675055 0.964860 0.060952
v 2.675055 0.874183 0.548472
v 2.675055 0.877058 0.552578
v 2.675055 0.964860 0.060952
v 2.675055 0.877058 0.552578
v 2.675055 0.964860 0.589952
v 2.675055 0.964860 0.589952
v 2.675055 0.877058 0.552578
v 2.675055 0.879176 0.557119
v 2.675055 0.964860 0.589952
v 2.675055 0.879176 0.557119
v 2.675055 0.880473 0.561960
v 2.675055 0.945142 0.632238
v 2.675055 0.877058 0.581327
v 2.675055 0.874183 0.585433
v 2.675055 0.870640 0.588976
v 2.675055 0.928540 0.641824
v 2.675055 0.874183 0.585433
v 2.675055 0.874183 0.585433
v 2.675055 0.928540 0.641824
v 2.675055 0.937260 0.637757
v 2.675055 0.874183 0.585433
v 2.675055 0.937260 0.637757
v 2.675055 0.945142 0.632238
v 2.675055 0.866535 0.591850
v 2.675055 0.909660 0.645152
v 2.675055 0.870640 0.588976
v 2.675055 0.870640 0.588976
v 2.675055 0.909660 0.645152
v 2.675055 0.919245 0.644314
v 2.675055 0.870640 0.588976
v 2.675055 0.919245 0.644314
v 2.675055 0.928540 0.641824
v 2.675055 0.866535 0.591850
v 2.675055 0.861993 0.593968
v 2.675055 0.909660 0.645152
v 2.675055 0.909660 0.645152
v 2.675055 0.861993 0.593968
v 2.675055 0.857152 0.595265
v 2.675055 0.909660 0.645152
v 2.675055 0.857152 0.595265
v 2.675055 0.794660 0.645152
v 2.675055 0.794660 0.645152
v 2.675055 0.857152 0.595265
v 2.675055 0.852160 0.595702
v 2.675055 0.794660 0.645152
v 2.675055 0.852160 0.595702
v 2.675055 0.847167 0.595265
v 2.675055 0.740299 0.599538
v 2.675055 0.742789 0.608832
v 2.675055 0.825144 0.576786
v 2.675055 0.825144 0.576786
v 2.675055 0.742789 0.608832
v 2.675055 0.746855 0.617553
v 2.675055 0.825144 0.576786
v 2.675055 0.746855 0.617553
v 2.675055 0.827262 0.581327
v 2.675055 0.827262 0.581327
v 2.675055 0.746855 0.617553
v 2.675055 0.752374 0.625435
v 2.675055 0.827262 0.581327
v 2.675055 0.752374 0.625435
v 2.675055 0.759178 0.632238
v 2.675055 0.823410 0.566953
v 2.675055 0.823847 0.561960
v 2.675055 0.739460 0.589952
v 2.675055 0.739460 0.589952
v 2.675055 0.823847 0.561960
v 2.675055 0.825144 0.557119
v 2.675055 0.739460 0.589952
v 2.675055 0.825144 0.557119
v 2.675055 0.739460 0.060952
v 2.675055 0.739460 0.060952
v 2.675055 0.825144 0.557119
v 2.675055 0.827262 0.552578
v 2.675055 0.739460 0.060952
v 2.675055 0.827262 0.552578
v 2.675055 0.830136 0.548472
v 2.675055 0.945142 0.632238
v 2.675055 0.951946 0.625435
v 2.675055 0.877058 0.581327
v 2.675055 0.877058 0.581327
v 2.675055 0.951946 0.625435
v 2.675055 0.957464 0.617553
v 2.675055 0.877058 0.581327
v 2.675055 0.957464 0.617553
v 2.675055 0.879176 0.576786
v 2.675055 0.880473 0.561960
v 2.675055 0.880910 0.566953
v 2.675055 0.964860 0.589952
v 2.675055 0.964860 0.589952
v 2.675055 0.880910 0.566953
v 2.675055 0.880473 0.571945
v 2.675055 0.964860 0.589952
v 2.675055 0.880473 0.571945
v 2.675055 0.964022 0.599538
v 2.675055 0.964022 0.599538
v 2.675055 0.880473 0.571945
v 2.675055 0.879176 0.576786
v 2.675055 0.964022 0.599538
v 2.675055 0.879176 0.576786
v 2.675055 0.961531 0.608832
v 2.675055 0.961531 0.608832
v 2.675055 0.879176 0.576786
v 2.675055 0.957464 0.617553
v 1.235055 0.964860 0.589952
v 1.235055 0.964860 0.060952
v 1.205055 0.964860 0.589952
v 1.205055 0.964860 0.589952
v 1.235055 0.964860 0.060952
v 1.205055 0.964860 0.060952
v 1.235055 0.964860 0.589952
v 1.205055 0.964860 0.589952
v 1.205055 0.964022 0.599538
v 1.235055 0.964860 0.589952
v 1.205055 0.964022 0.599538
v 1.235055 0.964022 0.599538
v 1.235055 0.964022 0.599538
v 1.205055 0.964022 0.599538
v 1.205055 0.961531 0.608832
v 1.235055 0.964022 0.599538
v 1.205055 0.961531 0.608832
v 1.235055 0.961531 0.608832
v 1.235055 0.961531 0.608832
v 1.205055 0.961531 0.608832
v 1.205055 0.957464 0.617553
v 1.235055 0.961531 0.608832
v 1.205055 0.957464 0.617553
v 1.235055 0.957464 0.617553
v 1.235055 0.957464 0.617553
v 1.205055 0.957464 0.617553
v 1.205055 0.951946 0.625435
v 1.235055 0.957464 0.617553
v 1.205055 0.951946 0.625435
v 1.235055 0.951946 0.625435
v 1.235055 0.951946 0.625435
v 1.205055 0.951946 0.625435
v 1.205055 0.945142 0.632238
v 1.235055 0.951946 0.625435
v 1.205055 0.945142 0.632238
v 1.235055 0.945142 0.632238
v 1.235055 0.945142 0.632238
v 1.205055 0.945142 0.632238
v 1.205055 0.937260 0.637757
v 1.235055 0.945142 0.632238
v 1.205055 0.937260 0.637757
v 1.235055 0.937260 0.637757
v 1.235055 0.937260 0.637757
v 1.205055 0.937260 0.637757
v 1.205055 0.928540 0.641824
v 1.235055 0.937260 0.637757
v 1.205055 0.928540 0.641824
v 1.235055 0.928540 0.641824
v 1.235055 0.928540 0.641824
v 1.205055 0.928540 0.641824
v 1.205055 0.919245 0.644314
v 1.235055 0.928540 0.641824
v 1.205055 0.919245 0.644314
v 1.235055 0.919245 0.644314
v 1.235055 0.919245 0.644314
v 1.205055 0.919245 0.644314
v 1.205055 0.909660 0.645152
v 1.235055 0.919245 0.644314
v 1.205055 0.909660 0.645152
v 1.235055 0.909660 0.645152
v 1.235055 0.794660 0.645152
v 1.235055 0.909660 0.645152
v 1.205055 0.794660 0.645152
v 1.205055 0.794660 0.645152
v 1.235055 0.909660 0.645152
v 1.205055 0.909660 0.645152
v 1.235055 0.794660 0.645152
v 1.205055 0.794660 0.645152
v 1.205055 0.785075 0.644314
v 1.235055 0.794660 0.645152
v 1.205055 0.785075 0.644314
v 1.235055 0.785075 0.644314
v 1.235055 0.785075 0.644314
v 1.205055 0.785075 0.644314
v 1.205055 0.775780 0.641824
v 1.235055 0.785075 0.644314
v 1.205055 0.775780 0.641824
v 1.235055 0.775780 0.641824
v 1.235055 0.775780 0.641824
v 1.205055 0.775780 0.641824
v 1.205055 0.767060 0.637757
v 1.235055 0.775780 0.641824
v 1.205055 0.767060 0.637757
v 1.235055 0.767060 0.637757
v 1.235055 0.767060 0.637757
v 1.205055 0.767060 0.637757
v 1.205055 0.759178 0.632238
v 1.235055 0.767060 0.637757
v 1.205055 0.759178 0.632238
v 1.235055 0.759178 0.632238
v 1.235055 0.759178 0.632238
v 1.205055 0.759178 0.632238
v 1.205055 0.752374 0.625435
v 1.235055 0.759178 0.632238
v 1.205055 0.752374 0.625435
v 1.235055 0.752374 0.625435
v 1.235055 0.752374 0.625435
v 1.205055 0.752374 0.625435
v 1.205055 0.746855 0.617553
v 1.235055 0.752374 0.625435
v 1.205055 0.746855 0.617553
v 1.235055 0.746855 0.617553
v 1.235055 0.746855 0.617553
v 1.205055 0.746855 0.617553
v 1.205055 0.742789 0.608832
v 1.235055 0.746855 0.617553
v 1.205055 0.742789 0.608832
v 1.235055 0.742789 0.608832
v 1.235055 0.742789 0.608832
v 1.205055 0.742789 0.608832
v 1.205055 0.740299 0.599538
v 1.235055 0.742789 0.608832
v 1.205055 0.740299 0.599538
v 1.235055 0.740299 0.599538
v 1.235055 0.740299 0.599538
v 1.205055 0.740299 0.599538
v 1.205055 0.739460 0.589952
v 1.235055 0.740299 0.599538
v 1.205055 0.739460 0.589952
v 1.235055 0.739460 0.589952
v 1.235055 0.739460 0.060952
v 1.235055 0.739460 0.589952
v 1.205055 0.739460 0.060952
v 1.205055 0.739460 0.060952
v 1.235055 0.739460 0.589952
v 1.205055 0.739460 0.589952
v 1.235055 0.880910 0.566953
v 1.205055 0.880910 0.566953
v 1.235055 0.880473 0.561960
v 1.235055 0.880473 0.561960
v 1.205055 0.880910 0.566953
v 1.205055 0.880473 0.561960
v 1.235055 0.880473 0.561960
v 1.205055 0.880473 0.561960
v 1.235055 0.879176 0.557119
v 1.235055 0.879176 0.557119
v 1.205055 0.880473 0.561960
v 1.205055 0.879176 0.557119
v 1.235055 0.879176 0.557119
v 1.205055 0.879176 0.557119
v 1.235055 0.877058 0.552578
v 1.235055 0.877058 0.552578
v 1.205055 0.879176 0.557119
v 1.205055 0.877058 0.552578
v 1.235055 0.877058 0.552578
v 1.205055 0.877058 0.552578
v 1.235055 0.874183 0.548472
v 1.235055 0.874183 0.548472
v 1.205055 0.877058 0.552578
v 1.205055 0.874183 0.548472
v 1.235055 0.874183 0.548472
v 1.205055 0.874183 0.548472
v 1.235055 0.870640 0.544929
v 1.235055 0.870640 0.544929
v 1.205055 0.874183 0.548472
v 1.205055 0.870640 0.544929
v 1.235055 0.870640 0.544929
v 1.205055 0.870640 0.544929
v 1.235055 0.866535 0.542054
v 1.235055 0.866535 0.542054
v 1.205055 0.870640 0.544929
v 1.205055 0.866535 0.542054
v 1.235055 0.866535 0.542054
v 1.205055 0.866535 0.542054
v 1.235055 0.861993 0.539936
v 1.235055 0.861993 0.539936
v 1.205055 0.866535 0.542054
v 1.205055 0.861993 0.539936
v 1.235055 0.861993 0.539936
v 1.205055 0.861993 0.539936
v 1.235055 0.857152 0.538639
v 1.235055 0.857152 0.538639
v 1.205055 0.861993 0.539936
v 1.205055 0.857152 0.538639
v 1.235055 0.857152 0.538639
v 1.205055 0.857152 0.538639
v 1.235055 0.852160 0.538202
v 1.235055 0.852160 0.538202
v 1.205055 0.857152 0.538639
v 1.205055 0.852160 0.538202
v 1.235055 0.852160 0.538202
v 1.205055 0.852160 0.538202
v 1.235055 0.847167 0.538639
v 1.235055 0.847167 0.538639
v 1.205055 0.852160 0.538202
v 1.205055 0.847167 0.538639
v 1.235055 0.847167 0.538639
v 1.205055 0.847167 0.538639
v 1.235055 0.842327 0.539936
v 1.235055 0.842327 0.539936
v 1.205055 0.847167 0.538639
v 1.205055 0.842327 0.539936
v 1.235055 0.842327 0.539936
v 1.205055 0.842327 0.539936
v 1.235055 0.837785 0.542054
v 1.235055 0.837785 0.542054
v 1.205055 0.842327 0.539936
v 1.205055 0.837785 0.542054
v 1.235055 0.837785 0.542054
v 1.205055 0.837785 0.542054
v 1.235055 0.833680 0.544929
v 1.235055 0.833680 0.544929
v 1.205055 0.837785 0.542054
v 1.205055 0.833680 0.544929
v 1.235055 0.833680 0.544929
v 1.205055 0.833680 0.544929
v 1.235055 0.830136 0.548472
v 1.235055 0.830136 0.548472
v 1.205055 0.833680 0.544929
v 1.205055 0.830136 0.548472
v 1.235055 0.830136 0.548472
v 1.205055 0.830136 0.548472
v 1.235055 0.827262 0.552578
v 1.235055 0.827262 0.552578
v 1.205055 0.830136 0.548472
v 1.205055 0.827262 0.552578
v 1.235055 0.827262 0.552578
v 1.205055 0.827262 0.552578
v 1.235055 0.825144 0.557119
v 1.235055 0.825144 0.557119
v 1.205055 0.827262 0.552578
v 1.205055 0.825144 0.557119
v 1.235055 0.825144 0.557119
v 1.205055 0.825144 0.557119
v 1.235055 0.823847 0.561960
v 1.235055 0.823847 0.561960
v 1.205055 0.825144 0.557119
v 1.205055 0.823847 0.561960
v 1.235055 0.823847 0.561960
v 1.205055 0.823847 0.561960
v 1.235055 0.823410 0.566953
v 1.235055 0.823410 0.566953
v 1.205055 0.823847 0.561960
v 1.205055 0.823410 0.566953
v 1.235055 0.823410 0.566953
v 1.205055 0.823410 0.566953
v 1.235055 0.823847 0.571945
v 1.235055 0.823847 0.571945
v 1.205055 0.823410 0.566953
v 1.205055 0.823847 0.571945
v 1.235055 0.823847 0.571945
v 1.205055 0.823847 0.571945
v 1.235055 0.825144 0.576786
v 1.235055 0.825144 0.576786
v 1.205055 0.823847 0.571945
v 1.205055 0.825144 0.576786
v 1.235055 0.825144 0.576786
v 1.205055 0.825144 0.576786
v 1.235055 0.827262 0.581327
v 1.235055 0.827262 0.581327
v 1.205055 0.825144 0.576786
v 1.205055 0.827262 0.581327
v 1.235055 0.827262 0.581327
v 1.205055 0.827262 0.581327
v 1.235055 0.830136 0.585433
v 1.235055 0.830136 0.585433
v 1.205055 0.827262 0.581327
v 1.205055 0.830136 0.585433
v 1.235055 0.830136 0.585433
v 1.205055 0.830136 0.585433
v 1.235055 0.833680 0.588976
v 1.235055 0.833680 0.588976
v 1.205055 0.830136 0.585433
v 1.205055 0.833680 0.588976
v 1.235055 0.833680 0.588976
v 1.205055 0.833680 0.588976
v 1.235055 0.837785 0.591850
v 1.235055 0.837785 0.591850
v 1.205055 0.833680 0.588976
v 1.205055 0.837785 0.591850
v 1.235055 0.837785 0.591850
v 1.205055 0.837785 0.591850
v 1.235055 0.842327 0.593968
v 1.235055 0.842327 0.593968
v 1.205055 0.837785 0.591850
v 1.205055 0.842327 0.593968
v 1.235055 0.842327 0.593968
v 1.205055 0.842327 0.593968
v 1.235055 0.847167 0.595265
v 1.235055 0.847167 0.595265
v 1.205055 0.842327 0.593968
v 1.205055 0.847167 0.595265
v 1.235055 0.847167 0.595265
v 1.205055 0.847167 0.595265
v 1.235055 0.852160 0.595702
v 1.235055 0.852160 0.595702
v 1.205055 0.847167 0.595265
v 1.205055 0.852160 0.595702
v 1.235055 0.852160 0.595702
v 1.205055 0.852160 0.595702
v 1.235055 0.857152 0.595265
v 1.235055 0.857152 0.595265
v 1.205055 0.852160 0.595702
v 1.205055 0.857152 0.595265
v 1.235055 0.857152 0.595265
v 1.205055 0.857152 0.595265
v 1.235055 0.861993 0.593968
v 1.235055 0.861993 0.593968
v 1.205055 0.857152 0.595265
v 1.205055 0.861993 0.593968
v 1.235055 0.861993 0.593968
v 1.205055 0.861993 0.593968
v 1.235055 0.866535 0.591850
v 1.235055 0.866535 0.591850
v 1.205055 0.861993 0.593968
v 1.205055 0.866535 0.591850
v 1.235055 0.866535 0.591850
v 1.205055 0.866535 0.591850
v 1.235055 0.870640 0.588976
v 1.235055 0.870640 0.588976
v 1.205055 0.866535 0.591850
v 1.205055 0.870640 0.588976
v 1.235055 0.870640 0.588976
v 1.205055 0.870640 0.588976
v 1.235055 0.874183 0.585433
v 1.235055 0.874183 0.585433
v 1.205055 0.870640 0.588976
v 1.205055 0.874183 0.585433
v 1.235055 0.874183 0.585433
v 1.205055 0.874183 0.585433
v 1.235055 0.877058 0.581327
v 1.235055 0.877058 0.581327
v 1.205055 0.874183 0.585433
v 1.205055 0.877058 0.581327
v 1.235055 0.877058 0.581327
v 1.205055 0.877058 0.581327
v 1.235055 0.879176 0.576786
v 1.235055 0.879176 0.576786
v 1.205055 0.877058 0.581327
v 1.205055 0.879176 0.576786
v 1.235055 0.879176 0.576786
v 1.205055 0.879176 0.576786
v 1.235055 0.880473 0.571945
v 1.235055 0.880473 0.571945
v 1.205055 0.879176 0.576786
v 1.205055 0.880473 0.571945
v 1.235055 0.880473 0.571945
v 1.205055 0.880473 0.571945
v 1.235055 0.880910 0.566953
v 1.235055 0.880910 0.566953
v 1.205055 0.880473 0.571945
v 1.205055 0.880910 0.566953
v 1.235055 0.964860 0.060952
v 1.235055 0.739460 0.060952
v 1.205055 0.964860 0.060952
v 1.205055 0.964860 0.060952
v 1.235055 0.739460 0.060952
v 1.205055 0.739460 0.060952
v 1.235055 0.739460 0.060952
v 1.235055 0.852160 0.538202
v 1.235055 0.847167 0.538639
v 1.235055 0.852160 0.538202
v 1.235055 0.739460 0.060952
v 1.235055 0.857152 0.538639
v 1.235055 0.857152 0.538639
v 1.235055 0.739460 0.060952
v 1.235055 0.964860 0.060952
v 1.235055 0.857152 0.538639
v 1.235055 0.964860 0.060952
v 1.235055 0.861993 0.539936
v 1.235055 0.847167 0.538639
v 1.235055 0.842327 0.539936
v 1.235055 0.739460 0.060952
v 1.235055 0.739460 0.060952
v 1.235055 0.842327 0.539936
v 1.235055 0.837785 0.542054
v 1.235055 0.739460 0.060952
v 1.235055 0.837785 0.542054
v 1.235055 0.833680 0.544929
v 1.235055 0.833680 0.544929
v 1.235055 0.830136 0.548472
v 1.235055 0.739460 0.060952
v 1.235055 0.739460 0.060952
v 1.235055 0.830136 0.548472
v 1.235055 0.827262 0.552578
v 1.235055 0.739460 0.060952
v 1.235055 0.827262 0.552578
v 1.235055 0.739460 0.589952
v 1.235055 0.739460 0.589952
v 1.235055 0.827262 0.552578
v 1.235055 0.825144 0.557119
v 1.235055 0.739460 0.589952
v 1.235055 0.825144 0.557119
v 1.235055 0.823847 0.561960
v 1.235055 0.759178 0.632238
v 1.235055 0.827262 0.581327
v 1.235055 0.830136 0.585433
v 1.235055 0.833680 0.588976
v 1.235055 0.775780 0.641824
v 1.235055 0.830136 0.585433
v 1.235055 0.830136 0.585433
v 1.235055 0.775780 0.641824
v 1.235055 0.767060 0.637757
v 1.235055 0.830136 0.585433
v 1.235055 0.767060 0.637757
v 1.235055 0.759178 0.632238
v 1.235055 0.837785 0.591850
v 1.235055 0.794660 0.645152
v 1.235055 0.833680 0.588976
v 1.235055 0.833680 0.588976
v 1.235055 0.794660 0.645152
v 1.235055 0.785075 0.644314
v 1.235055 0.833680 0.588976
v 1.235055 0.785075 0.644314
v 1.235055 0.775780 0.641824
v 1.235055 0.837785 0.591850
v 1.235055 0.842327 0.593968
v 1.235055 0.794660 0.645152
v 1.235055 0.794660 0.645152
v 1.235055 0.842327 0.593968
v 1.235055 0.847167 0.595265
v 1.235055 0.794660 0.645152
v 1.235055 0.847167 0.595265
v 1.235055 0.909660 0.645152
v 1.235055 0.909660 0.645152
v 1.235055 0.847167 0.595265
v 1.235055 0.852160 0.595702
v 1.235055 0.909660 0.645152
v 1.235055 0.852160 0.595702
v 1.235055 0.857152 0.595265
v 1.235055 0.759178 0.632238
v 1.235055 0.752374 0.625435
v 1.235055 0.827262 0.581327
v 1.235055 0.827262 0.581327
v 1.235055 0.752374 0.625435
v 1.235055 0.746855 0.617553
v 1.235055 0.827262 0.581327
v 1.235055 0.746855 0.617553
v 1.235055 0.825144 0.576786
v 1.235055 0.874183 0.548472
v 1.235055 0.870640 0.544929
v 1.235055 0.964860 0.060952
v 1.235055 0.964860 0.060952
v 1.235055 0.870640 0.544929
v 1.235055 0.866535 0.542054
v 1.235055 0.964860 0.060952
v 1.235055 0.866535 0.542054
v 1.235055 0.861993 0.539936
v 1.235055 0.823847 0.561960
v 1.235055 0.823410 0.566953
v 1.235055 0.739460 0.589952
v 1.235055 0.739460 0.589952
v 1.235055 0.823410 0.566953
v 1.235055 0.823847 0.571945
v 1.235055 0.739460 0.589952
v 1.235055 0.823847 0.571945
v 1.235055 0.740299 0.599538
v 1.235055 0.740299 0.599538
v 1.235055 0.823847 0.571945
v 1.235055 0.825144 0.576786
v 1.235055 0.740299 0.599538
v 1.235055 0.825144 0.576786
v 1.235055 0.742789 0.608832
v 1.235055 0.742789 0.608832
v 1.235055 0.825144 0.576786
v 1.235055 0.746855 0.617553
v 1.235055 0.857152 0.595265
v 1.235055 0.861993 0.593968
v 1.235055 0.909660 0.645152
v 1.235055 0.909660 0.645152
v 1.235055 0.861993 0.593968
v 1.235055 0.866535 0.591850
v 1.235055 0.909660 0.645152
v 1.235055 0.866535 0.591850
v 1.235055 0.919245 0.644314
v 1.235055 0.919245 0.644314
v 1.235055 0.866535 0.591850
v 1.235055 0.870640 0.588976
v 1.235055 0.919245 0.644314
v 1.235055 0.870640 0.588976
v 1.235055 0.928540 0.641824
v 1.235055 0.928540 0.641824
v 1.235055 0.870640 0.588976
v 1.235055 0.874183 0.585433
v 1.235055 0.877058 0.581327
v 1.235055 0.945142 0.632238
v 1.235055 0.874183 0.585433
v 1.235055 0.874183 0.585433
v 1.235055 0.945142 0.632238
v 1.235055 0.937260 0.637757
v 1.235055 0.874183 0.585433
v 1.235055 0.937260 0.637757
v 1.235055 0.928540 0.641824
v 1.235055 0.880910 0.566953
v 1.235055 0.964860 0.589952
v 1.235055 0.880473 0.571945
v 1.235055 0.880473 0.571945
v 1.235055 0.964860 0.589952
v 1.235055 0.964022 0.599538
v 1.235055 0.880473 0.571945
v 1.235055 0.964022 0.599538
v 1.235055 0.879176 0.576786
v 1.235055 0.964022 0.599538
v 1.235055 0.961531 0.608832
v 1.235055 0.879176 0.576786
v 1.235055 0.879176 0.576786
v 1.235055 0.961531 0.608832
v 1.235055 0.957464 0.617553
v 1.235055 0.879176 0.576786
v 1.235055 0.957464 0.617553
v 1.235055 0.877058 0.581327
v 1.235055 0.877058 0.581327
v 1.235055 0.957464 0.617553
v 1.235055 0.951946 0.625435
v 1.235055 0.877058 0.581327
v 1.235055 0.951946 0.625435
v 1.235055 0.945142 0.632238
v 1.235055 0.880910 0.566953
v 1.235055 0.880473 0.561960
v 1.235055 0.964860 0.589952
v 1.235055 0.964860 0.589952
v 1.235055 0.880473 0.561960
v 1.235055 0.879176 0.557119
v 1.235055 0.964860 0.589952
v 1.235055 0.879176 0.557119
v 1.235055 0.964860 0.060952
v 1.235055 0.964860 0.060952
v 1.235055 0.879176 0.557119
v 1.235055 0.877058 0.552578
v 1.235055 0.964860 0.060952
v 1.235055 0.877058 0.552578
v 1.235055 0.874183 0.548472
v 1.205055 0.857152 0.538639
v 1.205055 0.964860 0.060952
v 1.205055 0.852160 0.538202
v 1.205055 0.852160 0.538202
v 1.205055 0.964860 0.060952
v 1.205055 0.739460 0.060952
v 1.205055 0.857152 0.538639
v 1.205055 0.861993 0.539936
v 1.205055 0.964860 0.060952
v 1.205055 0.964860 0.060952
v 1.205055 0.861993 0.539936
v 1.205055 0.866535 0.542054
v 1.205055 0.964860 0.060952
v 1.205055 0.866535 0.542054
v 1.205055 0.870640 0.544929
v 1.205055 0.830136 0.548472
v 1.205055 0.833680 0.544929
v 1.205055 0.739460 0.060952
v 1.205055 0.739460 0.060952
v 1.205055 0.833680 0.544929
v 1.205055 0.837785 0.542054
v 1.205055 0.847167 0.595265
v 1.205055 0.842327 0.593968
v 1.205055 0.794660 0.645152
v 1.205055 0.794660 0.645152
v 1.205055 0.842327 0.593968
v 1.205055 0.837785 0.591850
v 1.205055 0.794660 0.645152
v 1.205055 0.837785 0.591850
v 1.205055 0.785075 0.644314
v 1.205055 0.785075 0.644314
v 1.205055 0.837785 0.591850
v 1.205055 0.833680 0.588976
v 1.205055 0.785075 0.644314
v 1.205055 0.833680 0.588976
v 1.205055 0.775780 0.641824
v 1.205055 0.775780 0.641824
v 1.205055 0.833680 0.588976
v 1.205055 0.830136 0.585433
v 1.205055 0.827262 0.581327
v 1.205055 0.759178 0.632238
v 1.205055 0.830136 0.585433
v 1.205055 0.830136 0.585433
v 1.205055 0.759178 0.632238
v 1.205055 0.767060 0.637757
v 1.205055 0.830136 0.585433
v 1.205055 0.767060 0.637757
v 1.205055 0.775780 0.641824
v 1.205055 0.823410 0.566953
v 1.205055 0.739460 0.589952
v 1.205055 0.823847 0.571945
v 1.205055 0.823847 0.571945
v 1.205055 0.739460 0.589952
v 1.205055 0.740299 0.599538
v 1.205055 0.823847 0.571945
v 1.205055 0.740299 0.599538
v 1.205055 0.825144 0.576786
v 1.205055 0.837785 0.542054
v 1.205055 0.842327 0.539936
v 1.205055 0.739460 0.060952
v 1.205055 0.739460 0.060952
v 1.205055 0.842327 0.539936
v 1.205055 0.847167 0.538639
v 1.205055 0.739460 0.060952
v 1.205055 0.847167 0.538639
v 1.205055 0.852160 0.538202
v 1.205055 0.870640 0.544929
v 1.205055 0.874183 0.548472
v 1.205055 0.964860 0.060952
v 1.205055 0.964860 0.060952
v 1.205055 0.874183 0.548472
v 1.205055 0.877058 0.552578
v 1.205055 0.964860 0.060952
v 1.205055 0.877058 0.552578
v 1.205055 0.964860 0.589952
v 1.205055 0.964860 0.589952
v 1.205055 0.877058 0.552578
v 1.205055 0.879176 0.557119
v 1.205055 0.964860 0.589952
v 1.205055 0.879176 0.557119
v 1.205055 0.880473 0.561960
v 1.205055 0.945142 0.632238
v 1.205055 0.877058 0.581327
v 1.205055 0.874183 0.585433
v 1.205055 0.870640 0.588976
v 1.205055 0.928540 0.641824
v 1.205055 0.874183 0.585433
v 1.205055 0.874183 0.585433
v 1.205055 0.928540 0.641824
v 1.205055 0.937260 0.637757
v 1.205055 0.874183 0.585433
v 1.205055 0.937260 0.637757
v 1.205055 0.945142 0.632238
v 1.205055 0.866535 0.591850
v 1.205055 0.909660 0.645152
v 1.205055 0.870640 0.588976
v 1.205055 0.870640 0.588976
v 1.205055 0.909660 0.645152
v 1.205055 0.919245 0.644314
v 1.205055 0.870640 0.588976
v 1.205055 0.919245 0.644314
v 1.205055 0.928540 0.641824
v 1.205055 0.866535 0.591850
v 1.205055 0.861993 0.593968
v 1.205055 0.909660 0.645152
v 1.205055 0.909660 0.645152
v 1.205055 0.861993 0.593968
v 1.205055 0.857152 0.595265
v 1.205055 0.909660 0.645152
v 1.205055 0.857152 0.595265
v 1.205055 0.794660 0.645152
v 1.205055 0.794660 0.645152
v 1.205055 0.857152 0.595265
v 1.205055 0.852160 0.595702
v 1.205055 0.794660 0.645152
v 1.205055 0.852160 0.595702
v 1.205055 0.847167 0.595265
v 1.205055 0.740299 0.599538
v 1.205055 0.742789 0.608832
v 1.205055 0.825144 0.576786
v 1.205055 0.825144 0.576786
v 1.205055 0.742789 0.608832
v 1.205055 0.746855 0.617553
v 1.205055 0.825144 0.576786
v 1.205055 0.746855 0.617553
v 1.205055 0.827262 0.581327
v 1.205055 0.827262 0.581327
v 1.205055 0.746855 0.617553
v 1.205055 0.752374 0.625435
v 1.205055 0.827262 0.581327
v 1.205055 0.752374 0.625435
v 1.205055 0.759178 0.632238
v 1.205055 0.823410 0.566953
v 1.205055 0.823847 0.561960
v 1.205055 0.739460 0.589952
v 1.205055 0.739460 0.589952
v 1.205055 0.823847 0.561960
v 1.205055 0.825144 0.557119
v 1.205055 0.739460 0.589952
v 1.205055 0.825144 0.557119
v 1.205055 0.739460 0.060952
v 1.205055 0.739460 0.060952
v 1.205055 0.825144 0.557119
v 1.205055 0.827262 0.552578
v 1.205055 0.739460 0.060952
v 1.205055 0.827262 0.552578
v 1.205055 0.830136 0.548472
v 1.205055 0.945142 0.632238
v 1.205055 0.951946 0.625435
v 1.205055 0.877058 0.581327
v 1.205055 0.877058 0.581327
v 1.205055 0.951946 0.625435
v 1.205055 0.957464 0.617553
v 1.205055 0.877058 0.581327
v 1.205055 0.957464 0.617553
v 1.205055 0.879176 0.576786
v 1.205055 0.880473 0.561960
v 1.205055 0.880910 0.566953
v 1.205055 0.964860 0.589952
v 1.205055 0.964860 0.589952
v 1.205055 0.880910 0.566953
v 1.205055 0.880473 0.571945
v 1.205055 0.964860 0.589952
v 1.205055 0.880473 0.571945
v 1.205055 0.964022 0.599538
v 1.205055 0.964022 0.599538
v 1.205055 0.880473 0.571945
v 1.205055 0.879176 0.576786
v 1.205055 0.964022 0.599538
v 1.205055 0.879176 0.576786
v 1.205055 0.961531 0.608832
v 1.205055 0.961531 0.608832
v 1.205055 0.879176 0.576786
v 1.205055 0.957464 0.617553
v 1.055055 0.964860 0.589952
v 1.055055 0.964860 0.060952
v 1.025055 0.964860 0.589952
v 1.025055 0.964860 0.589952
v 1.055055 0.964860 0.060952
v 1.025055 0.964860 0.060952
v 1.055055 0.964860 0.589952
v 1.025055 0.964860 0.589952
v 1.025055 0.964022 0.599538
v 1.055055 0.964860 0.589952
v 1.025055 0.964022 0.599538
v 1.055055 0.964022 0.599538
v 1.055055 0.964022 0.599538
v 1.025055 0.964022 0.599538
v 1.025055 0.961531 0.608832
v 1.055055 0.964022 0.599538
v 1.025055 0.961531 0.608832
v 1.055055 0.961531 0.608832
v 1.055055 0.961531 0.608832
v 1.025055 0.961531 0.608832
v 1.025055 0.957464 0.617553
v 1.055055 0.961531 0.608832
v 1.025055 0.957464 0.617553
v 1.055055 0.957464 0.617553
v 1.055055 0.957464 0.617553
v 1.025055 0.957464 0.617553
v 1.025055 0.951946 0.625435
v 1.055055 0.957464 0.617553
v 1.025055 0.951946 0.625435
v 1.055055 0.951946 0.625435
v 1.055055 0.951946 0.625435
v 1.025055 0.951946 0.625435
v 1.025055 0.945142 0.632238
v 1.055055 0.951946 0.625435
v 1.025055 0.945142 0.632238
v 1.055055 0.945142 0.632238
v 1.055055 0.945142 0.632238
v 1.025055 0.945142 0.632238
v 1.025055 0.937260 0.637757
v 1.055055 0.945142 0.632238
v 1.025055 0.937260 0.637757
v 1.055055 0.937260 0.637757
v 1.055055 0.937260 0.637757
v 1.025055 0.937260 0.637757
v 1.025055 0.928540 0.641824
v 1.055055 0.937260 0.637757
v 1.025055 0.928540 0.641824
v 1.055055 0.928540 0.641824
v 1.055055 0.928540 0.641824
v 1.025055 0.928540 0.641824
v 1.025055 0.919245 0.644314
v 1.055055 0.928540 0.641824
v 1.025055 0.919245 0.644314
v 1.055055 0.919245 0.644314
v 1.055055 0.919245 0.644314
v 1.025055 0.919245 0.644314
v 1.025055 0.909660 0.645152
v 1.055055 0.919245 0.644314
v 1.025055 0.909660 0.645152
v 1.055055 0.909660 0.645152
v 1.055055 0.794660 0.645152
v 1.055055 0.909660 0.645152
v 1.025055 0.794660 0.645152
v 1.025055 0.794660 0.645152
v 1.055055 0.909660 0.645152
v 1.025055 0.909660 0.645152
v 1.055055 0.794660 0.645152
v 1.025055 0.794660 0.645152
v 1.025055 0.785075 0.644314
v 1.055055 0.794660 0.645152
v 1.025055 0.785075 0.644314
v 1.055055 0.785075 0.644314
v 1.055055 0.785075 0.644314
v 1.025055 0.785075 0.644314
v 1.025055 0.775780 0.641824
v 1.055055 0.785075 0.644314
v 1.025055 0.775780 0.641824
v 1.055055 0.775780 0.641824
v 1.055055 0.775780 0.641824
v 1.025055 0.775780 0.641824
v 1.025055 0.767060 0.637757
v 1.055055 0.775780 0.641824
v 1.025055 0.767060 0.637757
v 1.055055 0.767060 0.637757
v 1.055055 0.767060 0.637757
v 1.025055 0.767060 0.637757
v 1.025055 0.759178 0.632238
v 1.055055 0.767060 0.637757
v 1.025055 0.759178 0.632238
v 1.055055 0.759178 0.632238
v 1.055055 0.759178 0.632238
v 1.025055 0.759178 0.632238
v 1.025055 0.752374 0.625435
v 1.055055 0.759178 0.632238
v 1.025055 0.752374 0.625435
v 1.055055 0.752374 0.625435
v 1.055055 0.752374 0.625435
v 1.025055 0.752374 0.625435
v 1.025055 0.746855 0.617553
v 1.055055 0.752374 0.625435
v 1.025055 0.746855 0.617553
v 1.055055 0.746855 0.617553
v 1.055055 0.746855 0.617553
v 1.025055 0.746855 0.617553
v 1.025055 0.742789 0.608832
v 1.055055 0.746855 0.617553
v 1.025055 0.742789 0.608832
v 1.055055 0.742789 0.608832
v 1.055055 0.742789 0.608832
v 1.025055 0.742789 0.608832
v 1.025055 0.740299 0.599538
v 1.055055 0.742789 0.608832
v 1.025055 0.740299 0.599538
v 1.055055 0.740299 0.599538
v 1.055055 0.740299 0.599538
v 1.025055 0.740299 0.599538
v 1.025055 0.739460 0.589952
v 1.055055 0.740299 0.599538
v 1.025055 0.739460 0.589952
v 1.055055 0.739460 0.589952
v 1.055055 0.739460 0.060952
v 1.055055 0.739460 0.589952
v 1.025055 0.739460 0.060952
v 1.025055 0.739460 0.060952
v 1.055055 0.739460 0.589952
v 1.025055 0.739460 0.589952
v 1.055055 0.880910 0.566953
v 1.025055 0.880910 0.566953
v 1.055055 0.880473 0.561960
v 1.055055 0.880473 0.561960
v 1.025055 0.880910 0.566953
v 1.025055 0.880473 0.561960
v 1.055055 0.880473 0.561960
v 1.025055 0.880473 0.561960
v 1.055055 0.879176 0.557119
v 1.055055 0.879176 0.557119
v 1.025055 0.880473 0.561960
v 1.025055 0.879176 0.557119
v 1.055055 0.879176 0.557119
v 1.025055 0.879176 0.557119
v 1.055055 0.877058 0.552578
v 1.055055 0.877058 0.552578
v 1.025055 0.879176 0.557119
v 1.025055 0.877058 0.552578
v 1.055055 0.877058 0.552578
v 1.025055 0.877058 0.552578
v 1.055055 0.874183 0.548472
v 1.055055 0.874183 0.548472
v 1.025055 0.877058 0.552578
v 1.025055 0.874183 0.548472
v 1.055055 0.874183 0.548472
v 1.025055 0.874183 0.548472
v 1.055055 0.870640 0.544929
v 1.055055 0.870640 0.544929
v 1.025055 0.874183 0.548472
v 1.025055 0.870640 0.544929
v 1.055055 0.870640 0.544929
v 1.025055 0.870640 0.544929
v 1.055055 0.866535 0.542054
v 1.055055 0.866535 0.542054
v 1.025055 0.870640 0.544929
v 1.025055 0.866535 0.542054
v 1.055055 0.866535 0.542054
v 1.025055 0.866535 0.542054
v 1.055055 0.861993 0.539936
v 1.055055 0.861993 0.539936
v 1.025055 0.866535 0.542054
v 1.025055 0.861993 0.539936
v 1.055055 0.861993 0.539936
v 1.025055 0.861993 0.539936
v 1.055055 0.857152 0.538639
v 1.055055 0.857152 0.538639
v 1.025055 0.861993 0.539936
v 1.025055 0.857152 0.538639
v 1.055055 0.857152 0.538639
v 1.025055 0.857152 0.538639
v 1.055055 0.852160 0.538202
v 1.055055 0.852160 0.538202
v 1.025055 0.857152 0.538639
v 1.025055 0.852160 0.538202
v 1.055055 0.852160 0.538202
v 1.025055 0.852160 0.538202
v 1.055055 0.847167 0.538639
v 1.055055 0.847167 0.538639
v 1.025055 0.852160 0.538202
v 1.025055 0.847167 0.538639
v 1.055055 0.847167 0.538639
v 1.025055 0.847167 0.538639
v 1.055055 0.842327 0.539936
v 1.055055 0.842327 0.539936
v 1.025055 0.847167 0.538639
v 1.025055 0.842327 0.539936
v 1.055055 0.842327 0.539936
v 1.025055 0.842327 0.539936
v 1.055055 0.837785 0.542054
v 1.055055 0.837785 0.542054
v 1.025055 0.842327 0.539936
v 1.025055 0.837785 0.542054
v 1.055055 0.837785 0.542054
v 1.025055 0.837785 0.542054
v 1.055055 0.833680 0.544929
v 1.055055 0.833680 0.544929
v 1.025055 0.837785 0.542054
v 1.025055 0.833680 0.544929
v 1.055055 0.833680 0.544929
v 1.025055 0.833680 0.544929
v 1.055055 0.830136 0.548472
v 1.055055 0.830136 0.548472
v 1.025055 0.833680 0.544929
v 1.025055 0.830136 0.548472
v 1.055055 0.830136 0.548472
v 1.025055 0.830136 0.548472
v 1.055055 0.827262 0.552578
v 1.055055 0.827262 0.552578
v 1.025055 0.830136 0.548472
v 1.025055 0.827262 0.552578
v 1.055055 0.827262 0.552578
v 1.025055 0.827262 0.552578
v 1.055055 0.825144 0.557119
v 1.055055 0.825144 0.557119
v 1.025055 0.827262 0.552578
v 1.025055 0.825144 0.557119
v 1.055055 0.825144 0.557119
v 1.025055 0.825144 0.557119
v 1.055055 0.823847 0.561960
v 1.055055 0.823847 0.561960
v 1.025055 0.825144 0.557119
v 1.025055 0.823847 0.561960
v 1.055055 0.823847 0.561960
v 1.025055 0.823847 0.561960
v 1.055055 0.823410 0.566953
v 1.055055 0.823410 0.566953
v 1.025055 0.823847 0.561960
v 1.025055 0.823410 0.566953
v 1.055055 0.823410 0.566953
v 1.025055 0.823410 0.566953
v 1.055055 0.823847 0.571945
v 1.055055 0.823847 0.571945
v 1.025055 0.823410 0.566953
v 1.025055 0.823847 0.571945
v 1.055055 0.823847 0.571945
v 1.025055 0.823847 0.571945
v 1.055055 0.825144 0.576786
v 1.055055 0.825144 0.576786
v 1.025055 0.823847 0.571945
v 1.025055 0.825144 0.576786
v 1.055055 0.825144 0.576786
v 1.025055 0.825144 0.576786
v 1.055055 0.827262 0.581327
v 1.055055 0.827262 0.581327
v 1.025055 0.825144 0.576786
v 1.025055 0.827262 0.581327
v 1.055055 0.827262 0.581327
v 1.025055 0.827262 0.581327
v 1.055055 0.830136 0.585433
v 1.055055 0.830136 0.585433
v 1.025055 0.827262 0.581327
v 1.025055 0.830136 0.585433
v 1.055055 0.830136 0.585433
v 1.025055 0.830136 0.585433
v 1.055055 0.833680 0.588976
v 1.055055 0.833680 0.588976
v 1.025055 0.830136 0.585433
v 1.025055 0.833680 0.588976
v 1.055055 0.833680 0.588976
v 1.025055 0.833680 0.588976
v 1.055055 0.837785 0.591850
v 1.055055 0.837785 0.591850
v 1.025055 0.833680 0.588976
v 1.025055 0.837785 0.591850
v 1.055055 0.837785 0.591850
v 1.025055 0.837785 0.591850
v 1.055055 0.842327 0.593968
v 1.055055 0.842327 0.593968
v 1.025055 0.837785 0.591850
v 1.025055 0.842327 0.593968
v 1.055055 0.842327 0.593968
v 1.025055 0.842327 0.593968
v 1.055055 0.847167 0.595265
v 1.055055 0.847167 0.595265
v 1.025055 0.842327 0.593968
v 1.025055 0.847167 0.595265
v 1.055055 0.847167 0.595265
v 1.025055 0.847167 0.595265
v 1.055055 0.852160 0.595702
v 1.055055 0.852160 0.595702
v 1.025055 0.847167 0.595265
v 1.025055 0.852160 0.595702
v 1.055055 0.852160 0.595702
v 1.025055 0.852160 0.595702
v 1.055055 0.857152 0.595265
v 1.055055 0.857152 0.595265
v 1.025055 0.852160 0.595702
v 1.025055 0.857152 0.595265
v 1.055055 0.857152 0.595265
v 1.025055 0.857152 0.595265
v 1.055055 0.861993 0.593968
v 1.055055 0.861993 0.593968
v 1.025055 0.857152 0.595265
v 1.025055 0.861993 0.593968
v 1.055055 0.861993 0.593968
v 1.025055 0.861993 0.593968
v 1.055055 0.866535 0.591850
v 1.055055 0.866535 0.591850
v 1.025055 0.861993 0.593968
v 1.025055 0.866535 0.591850
v 1.055055 0.866535 0.591850
v 1.025055 0.866535 0.591850
v 1.055055 0.870640 0.588976
v 1.055055 0.870640 0.588976
v 1.025055 0.866535 0.591850
v 1.025055 0.870640 0.588976
v 1.055055 0.870640 0.588976
v 1.025055 0.870640 0.588976
v 1.055055 0.874183 0.585433
v 1.055055 0.874183 0.585433
v 1.025055 0.870640 0.588976
v 1.025055 0.874183 0.585433
v 1.055055 0.874183 0.585433
v 1.025055 0.874183 0.585433
v 1.055055 0.877058 0.581327
v 1.055055 0.877058 0.581327
v 1.025055 0.874183 0.585433
v 1.025055 0.877058 0.581327
v 1.055055 0.877058 0.581327
v 1.025055 0.877058 0.581327
v 1.055055 0.879176 0.576786
v 1.055055 0.879176 0.576786
v 1.025055 0.877058 0.581327
v 1.025055 0.879176 0.576786
v 1.055055 0.879176 0.576786
v 1.025055 0.879176 0.576786
v 1.055055 0.880473 0.571945
v 1.055055 0.880473 0.571945
v 1.025055 0.879176 0.576786
v 1.025055 0.880473 0.571945
v 1.055055 0.880473 0.571945
v 1.025055 0.880473 0.571945
v 1.055055 0.880910 0.566953
v 1.055055 0.880910 0.566953
v 1.025055 0.880473 0.571945
v 1.025055 0.880910 0.566953
v 1.055055 0.964860 0.060952
v 1.055055 0.739460 0.060952
v 1.025055 0.964860 0.060952
v 1.025055 0.964860 0.060952
v 1.055055 0.739460 0.060952
v 1.025055 0.739460 0.060952
v 1.055055 0.739460 0.060952
v 1.055055 0.852160 0.538202
v 1.055055 0.847167 0.538639
v 1.055055 0.852160 0.538202
v 1.055055 0.739460 0.060952
v 1.055055 0.857152 0.538639
v 1.055055 0.857152 0.538639
v 1.055055 0.739460 0.060952
v 1.055055 0.964860 0.060952
v 1.055055 0.857152 0.538639
v 1.055055 0.964860 0.060952
v 1.055055 0.861993 0.539936
v 1.055055 0.847167 0.538639
v 1.055055 0.842327 0.539936
v 1.055055 0.739460 0.060952
v 1.055055 0.739460 0.060952
v 1.055055 0.842327 0.539936
v 1.055055 0.837785 0.542054
v 1.055055 0.739460 0.060952
v 1.055055 0.837785 0.542054
v 1.055055 0.833680 0.544929
v 1.055055 0.833680 0.544929
v 1.055055 0.830136 0.548472
v 1.055055 0.739460 0.060952
v 1.055055 0.739460 0.060952
v 1.055055 0.830136 0.548472
v 1.055055 0.827262 0.552578
v 1.055055 0.739460 0.060952
v 1.055055 0.827262 0.552578
v 1.055055 0.739460 0.589952
v 1.055055 0.739460 0.589952
v 1.055055 0.827262 0.552578
v 1.055055 0.825144 0.557119
v 1.055055 0.739460 0.589952
v 1.055055 0.825144 0.557119
v 1.055055 0.823847 0.561960
v 1.055055 0.759178 0.632238
v 1.055055 0.827262 0.581327
v 1.055055 0.830136 0.585433
v 1.055055 0.833680 0.588976
v 1.055055 0.775780 0.641824
v 1.055055 0.830136 0.585433
v 1.055055 0.830136 0.585433
v 1.055055 0.775780 0.641824
v 1.055055 0.767060 0.637757
v 1.055055 0.830136 0.585433
v 1.055055 0.767060 0.637757
v 1.055055 0.759178 0.632238
v 1.055055 0.837785 0.591850
v 1.055055 0.794660 0.645152
v 1.055055 0.833680 0.588976
v 1.055055 0.833680 0.588976
v 1.055055 0.794660 0.645152
v 1.055055 0.785075 0.644314
v 1.055055 0.833680 0.588976
v 1.055055 0.785075 0.644314
v 1.055055 0.775780 0.641824
v 1.055055 0.837785 0.591850
v 1.055055 0.842327 0.593968
v 1.055055 0.794660 0.645152
v 1.055055 0.794660 0.645152
v 1.055055 0.842327 0.593968
v 1.055055 0.847167 0.595265
v 1.055055 0.794660 0.645152
v 1.055055 0.847167 0.595265
v 1.055055 0.909660 0.645152
v 1.055055 0.909660 0.645152
v 1.055055 0.847167 0.595265
v 1.055055 0.852160 0.595702
v 1.055055 0.909660 0.645152
v 1.055055 0.852160 0.595702
v 1.055055 0.857152 0.595265
v 1.055055 0.759178 0.632238
v 1.055055 0.752374 0.625435
v 1.055055 0.827262 0.581327
v 1.055055 0.827262 0.581327
v 1.055055 0.752374 0.625435
v 1.055055 0.746855 0.617553
v 1.055055 0.827262 0.581327
v 1.055055 0.746855 0.617553
v 1.055055 0.825144 0.576786
v 1.055055 0.874183 0.548472
v 1.055055 0.870640 0.544929
v 1.055055 0.964860 0.060952
v 1.055055 0.964860 0.060952
v 1.055055 0.870640 0.544929
v 1.055055 0.866535 0.542054
v 1.055055 0.964860 0.060952
v 1.055055 0.866535 0.542054
v 1.055055 0.861993 0.539936
v 1.055055 0.823847 0.561960
v 1.055055 0.823410 0.566953
v 1.055055 0.739460 0.589952
v 1.055055 0.739460 0.589952
v 1.055055 0.823410 0.566953
v 1.055055 0.823847 0.571945
v 1.055055 0.739460 0.589952
v 1.055055 0.823847 0.571945
v 1.055055 0.740299 0.599538
v 1.055055 0.740299 0.599538
v 1.055055 0.823847 0.571945
v 1.055055 0.825144 0.576786
v 1.055055 0.740299 0.599538
v 1.055055 0.825144 0.576786
v 1.055055 0.742789 0.608832
v 1.055055 0.742789 0.608832
v 1.055055 0.825144 0.576786
v 1.055055 0.746855 0.617553
v 1.055055 0.857152 0.595265
v 1.055055 0.861993 0.593968
v 1.055055 0.909660 0.645152
v 1.055055 0.909660 0.645152
v 1.055055 0.861993 0.593968
v 1.055055 0.866535 0.591850
v 1.055055 0.909660 0.645152
v 1.055055 0.866535 0.591850
v 1.055055 0.919245 0.644314
v 1.055055 0.919245 0.644314
v 1.055055 0.866535 0.591850
v 1.055055 0.870640 0.588976
v 1.055055 0.919245 0.644314
v 1.055055 0.870640 0.588976
v 1.055055 0.928540 0.641824
v 1.055055 0.928540 0.641824
v 1.055055 0.870640 0.588976
v 1.055055 0.874183 0.585433
v 1.055055 0.877058 0.581327
v 1.055055 0.945142 0.632238
v 1.055055 0.874183 0.585433
v 1.055055 0.874183 0.585433
v 1.055055 0.945142 0.632238
v 1.055055 0.937260 0.637757
v 1.055055 0.874183 0.585433
v 1.055055 0.937260 0.637757
v 1.055055 0.928540 0.641824
v 1.055055 0.880910 0.566953
v 1.055055 0.964860 0.589952
v 1.055055 0.880473 0.571945
v 1.055055 0.880473 0.571945
v 1.055055 0.964860 0.589952
v 1.055055 0.964022 0.599538
v 1.055055 0.880473 0.571945
v 1.055055 0.964022 0.599538
v 1.055055 0.879176 0.576786
v 1.055055 0.964022 0.599538
v 1.055055 0.961531 0.608832
v 1.055055 0.879176 0.576786
v 1.055055 0.879176 0.576786
v 1.055055 0.961531 0.608832
v 1.055055 0.957464 0.617553
v 1.055055 0.879176 0.576786
v 1.055055 0.957464 0.617553
v 1.055055 0.877058 0.581327
v 1.055055 0.877058 0.581327
v 1.055055 0.957464 0.617553
v 1.055055 0.951946 0.625435
v 1.055055 0.877058 0.581327
v 1.055055 0.951946 0.625435
v 1.055055 0.945142 0.632238
v 1.055055 0.880910 0.566953
v 1.055055 0.880473 0.561960
v 1.055055 0.964860 0.589952
v 1.055055 0.964860 0.589952
v 1.055055 0.880473 0.561960
v 1.055055 0.879176 0.557119
v 1.055055 0.964860 0.589952
v 1.055055 0.879176 0.557119
v 1.055055 0.964860 0.060952
v 1.055055 0.964860 0.060952
v 1.055055 0.879176 0.557119
v 1.055055 0.877058 0.552578
v 1.055055 0.964860 0.060952
v 1.055055 0.877058 0.552578
v 1.055055 0.874183 0.548472
v 1.025055 0.857152 0.538639
v 1.025055 0.964860 0.060952
v 1.025055 0.852160 0.538202
v 1.025055 0.852160 0.538202
v 1.025055 0.964860 0.060952
v 1.025055 0.739460 0.060952
v 1.025055 0.857152 0.538639
v 1.025055 0.861993 0.539936
v 1.025055 0.964860 0.060952
v 1.025055 0.964860 0.060952
v 1.025055 0.861993 0.539936
v 1.025055 0.866535 0.542054
v 1.025055 0.964860 0.060952
v 1.025055 0.866535 0.542054
v 1.025055 0.870640 0.544929
v 1.025055 0.830136 0.548472
v 1.025055 0.833680 0.544929
v 1.025055 0.739460 0.060952
v 1.025055 0.739460 0.060952
v 1.025055 0.833680 0.544929
v 1.025055 0.837785 0.542054
v 1.025055 0.847167 0.595265
v 1.025055 0.842327 0.593968
v 1.025055 0.794660 0.645152
v 1.025055 0.794660 0.645152
v 1.025055 0.842327 0.593968
v 1.025055 0.837785 0.591850
v 1.025055 0.794660 0.645152
v 1.025055 0.837785 0.591850
v 1.025055 0.785075 0.644314
v 1.025055 0.785075 0.644314
v 1.025055 0.837785 0.591850
v 1.025055 0.833680 0.588976
v 1.025055 0.785075 0.644314
v 1.025055 0.833680 0.588976
v 1.025055 0.775780 0.641824
v 1.025055 0.775780 0.641824
v 1.025055 0.833680 0.588976
v 1.025055 0.830136 0.585433
v 1.025055 0.827262 0.581327
v 1.025055 0.759178 0.632238
v 1.025055 0.830136 0.585433
v 1.025055 0.830136 0.585433
v 1.025055 0.759178 0.632238
v 1.025055 0.767060 0.637757
v 1.025055 0.830136 0.585433
v 1.025055 0.767060 0.637757
v 1.025055 0.775780 0.641824
v 1.025055 0.823410 0.566953
v 1.025055 0.739460 0.589952
v 1.025055 0.823847 0.571945
v 1.025055 0.823847 0.571945
v 1.025055 0.739460 0.589952
v 1.025055 0.740299 0.599538
v 1.025055 0.823847 0.571945
v 1.025055 0.740299 0.599538
v 1.025055 0.825144 0.576786
v 1.025055 0.837785 0.542054
v 1.025055 0.842327 0.539936
v 1.025055 0.739460 0.060952
v 1.025055 0.739460 0.060952
v 1.025055 0.842327 0.539936
v 1.025055 0.847167 0.538639
v 1.025055 0.739460 0.060952
v 1.025055 0.847167 0.538639
v 1.025055 0.852160 0.538202
v 1.025055 0.870640 0.544929
v 1.025055 0.874183 0.548472
v 1.025055 0.964860 0.060952
v 1.025055 0.964860 0.060952
v 1.025055 0.874183 0.548472
v 1.025055 0.877058 0.552578
v 1.025055 0.964860 0.060952
v 1.025055 0.877058 0.552578
v 1.025055 0.964860 0.589952
v 1.025055 0.964860 0.589952
v 1.025055 0.877058 0.552578
v 1.025055 0.879176 0.557119
v 1.025055 0.964860 0.589952
v 1.025055 0.879176 0.557119
v 1.025055 0.880473 0.561960
v 1.025055 0.945142 0.632238
v 1.025055 0.877058 0.581327
v 1.025055 0.874183 0.585433
v 1.025055 0.870640 0.588976
v 1.025055 0.928540 0.641824
v 1.025055 0.874183 0.585433
v 1.025055 0.874183 0.585433
v 1.025055 0.928540 0.641824
v 1.025055 0.937260 0.637757
v 1.025055 0.874183 0.585433
v 1.025055 0.937260 0.637757
v 1.025055 0.945142 0.632238
v 1.025055 0.866535 0.591850
v 1.025055 0.909660 0.645152
v 1.025055 0.870640 0.588976
v 1.025055 0.870640 0.588976
v 1.025055 0.909660 0.645152
v 1.025055 0.919245 0.644314
v 1.025055 0.870640 0.588976
v 1.025055 0.919245 0.644314
v 1.025055 0.928540 0.641824
v 1.025055 0.866535 0.591850
v 1.025055 0.861993 0.593968
v 1.025055 0.909660 0.645152
v 1.025055 0.909660 0.645152
v 1.025055 0.861993 0.593968
v 1.025055 0.857152 0.595265
v 1.025055 0.909660 0.645152
v 1.025055 0.857152 0.595265
v 1.025055 0.794660 0.645152
v 1.025055 0.794660 0.645152
v 1.025055 0.857152 0.595265
v 1.025055 0.852160 0.595702
v 1.025055 0.794660 0.645152
v 1.025055 0.852160 0.595702
v 1.025055 0.847167 0.595265
v 1.025055 0.740299 0.599538
v 1.025055 0.742789 0.608832
v 1.025055 0.825144 0.576786
v 1.025055 0.825144 0.576786
v 1.025055 0.742789 0.608832
v 1.025055 0.746855 0.617553
v 1.025055 0.825144 0.576786
v 1.025055 0.746855 0.617553
v 1.025055 0.827262 0.581327
v 1.025055 0.827262 0.581327
v 1.025055 0.746855 0.617553
v 1.025055 0.752374 0.625435
v 1.025055 0.827262 0.581327
v 1.025055 0.752374 0.625435
v 1.025055 0.759178 0.632238
v 1.025055 0.823410 0.566953
v 1.025055 0.823847 0.561960
v 1.025055 0.739460 0.589952
v 1.025055 0.739460 0.589952
v 1.025055 0.823847 0.561960
v 1.025055 0.825144 0.557119
v 1.025055 0.739460 0.589952
v 1.025055 0.825144 0.557119
v 1.025055 0.739460 0.060952
v 1.025055 0.739460 0.060952
v 1.025055 0.825144 0.557119
v 1.025055 0.827262 0.552578
v 1.025055 0.739460 0.060952
v 1.025055 0.827262 0.552578
v 1.025055 0.830136 0.548472
v 1.025055 0.945142 0.632238
v 1.025055 0.951946 0.625435
v 1.025055 0.877058 0.581327
v 1.025055 0.877058 0.581327
v 1.025055 0.951946 0.625435
v 1.025055 0.957464 0.617553
v 1.025055 0.877058 0.581327
v 1.025055 0.957464 0.617553
v 1.025055 0.879176 0.576786
v 1.025055 0.880473 0.561960
v 1.025055 0.880910 0.566953
v 1.025055 0.964860 0.589952
v 1.025055 0.964860 0.589952
v 1.025055 0.880910 0.566953
v 1.025055 0.880473 0.571945
v 1.025055 0.964860 0.589952
v 1.025055 0.880473 0.571945
v 1.025055 0.964022 0.599538
v 1.025055 0.964022 0.599538
v 1.025055 0.880473 0.571945
v 1.025055 0.879176 0.576786
v 1.025055 0.964022 0.599538
v 1.025055 0.879176 0.576786
v 1.025055 0.961531 0.608832
v 1.025055 0.961531 0.608832
v 1.025055 0.879176 0.576786
v 1.025055 0.957464 0.617553
v 1.205055 0.970135 -0.220807
v 2.705055 0.970135 -0.220807
v 1.205055 0.740135 -0.220807
v 1.205055 0.740135 -0.220807
v 2.705055 0.970135 -0.220807
v 2.705055 0.740135 -0.220807
v 1.205055 0.970135 -1.060307
v 1.205055 0.970135 -0.220807
v 1.205055 0.740135 -1.060307
v 1.205055 0.740135 -1.060307
v 1.205055 0.970135 -0.220807
v 1.205055 0.740135 -0.220807
v 2.705055 0.970135 -1.060307
v 1.205055 0.970135 -1.060307
v 2.705055 0.740135 -1.060307
v 2.705055 0.740135 -1.060307
v 1.205055 0.970135 -1.060307
v 1.205055 0.740135 -1.060307
v 1.205055 0.970135 -1.485807
v 1.205055 0.970135 -1.175307
v 1.205055 0.740135 -1.485807
v 1.205055 0.740135 -1.485807
v 1.205055 0.970135 -1.175307
v 1.205055 0.740135 -1.175307
v 1.055055 0.970135 -1.485807
v 1.205055 0.970135 -1.485807
v 1.055055 0.740135 -1.485807
v 1.055055 0.740135 -1.485807
v 1.205055 0.970135 -1.485807
v 1.205055 0.740135 -1.485807
v 1.055055 0.970135 0.354193
v 1.055055 0.970135 -1.485807
v 1.055055 0.740135 0.354193
v 1.055055 0.740135 0.354193
v 1.055055 0.970135 -1.485807
v 1.055055 0.740135 -1.485807
v 1.205055 0.970135 0.354193
v 1.055055 0.970135 0.354193
v 1.205055 0.740135 0.354193
v 1.205055 0.740135 0.354193
v 1.055055 0.970135 0.354193
v 1.055055 0.740135 0.354193
v 1.205055 0.970135 -0.105807
v 1.205055 0.970135 0.354193
v 1.205055 0.740135 -0.105807
v 1.205055 0.740135 -0.105807
v 1.205055 0.970135 0.354193
v 1.205055 0.740135 0.354193
v 2.705055 0.970135 -0.105807
v 1.205055 0.970135 -0.105807
v 2.705055 0.740135 -0.105807
v 2.705055 0.740135 -0.105807
v 1.205055 0.970135 -0.105807
v 1.205055 0.740135 -0.105807
v 2.705055 0.970135 0.354193
v 2.705055 0.970135 -0.105807
v 2.705055 0.740135 0.354193
v 2.705055 0.740135 0.354193
v 2.705055 0.970135 -0.105807
v 2.705055 0.740135 -0.105807
v 2.855055 0.970135 0.354193
v 2.705055 0.970135 0.354193
v 2.855055 0.740135 0.354193
v 2.855055 0.740135 0.354193
v 2.705055 0.970135 0.354193
v 2.705055 0.740135 0.354193
v 2.855055 0.970135 -1.485807
v 2.855055 0.970135 0.354193
v 2.855055 0.740135 -1.485807
v 2.855055 0.740135 -1.485807
v 2.855055 0.970135 0.354193
v 2.855055 0.740135 0.354193
v 2.705055 0.970135 -1.485807
v 2.855055 0.970135 -1.485807
v 2.705055 0.740135 -1.485807
v 2.705055 0.740135 -1.485807
v 2.855055 0.970135 -1.485807
v 2.855055 0.740135 -1.485807
v 2.705055 0.970135 -1.175307
v 2.705055 0.970135 -1.485807
v 2.705055 0.740135 -1.175307
v 2.705055 0.740135 -1.175307
v 2.705055 0.970135 -1.485807
v 2.705055 0.740135 -1.485807
v 1.205055 0.970135 -1.175307
v 2.705055 0.970135 -1.175307
v 1.205055 0.740135 -1.175307
v 1.205055 0.740135 -1.175307
v 2.705055 0.970135 -1.175307
v 2.705055 0.740135 -1.175307
v 2.705055 0.970135 -0.220807
v 2.705055 0.970135 -1.060307
v 2.705055 0.740135 -0.220807
v 2.705055 0.740135 -0.220807
v 2.705055 0.970135 -1.060307
v 2.705055 0.740135 -1.060307
v 2.855055 0.970135 -1.485807
v 2.705055 0.970135 -1.485807
v 2.705055 0.970135 -1.175307
v 1.205055 0.970135 -1.485807
v 1.055055 0.970135 -1.485807
v 1.205055 0.970135 -1.175307
v 1.205055 0.970135 -1.175307
v 1.055055 0.970135 -1.485807
v 1.055055 0.970135 0.354193
v 1.205055 0.970135 -1.060307
v 2.705055 0.970135 -1.060307
v 2.705055 0.970135 -1.175307
v 2.855055 0.970135 -1.485807
v 2.705055 0.970135 -1.175307
v 2.855055 0.970135 0.354193
v 2.855055 0.970135 0.354193
v 2.705055 0.970135 -1.175307
v 2.705055 0.970135 -1.060307
v 2.855055 0.970135 0.354193
v 2.705055 0.970135 -1.060307
v 2.705055 0.970135 -0.220807
v 1.055055 0.970135 0.354193
v 1.205055 0.970135 0.354193
v 1.205055 0.970135 -0.105807
v 2.705055 0.970135 0.354193
v 2.855055 0.970135 0.354193
v 2.705055 0.970135 -0.105807
v 2.705055 0.970135 -0.105807
v 2.855055 0.970135 0.354193
v 2.705055 0.970135 -0.220807
v 2.705055 0.970135 -0.105807
v 2.705055 0.970135 -0.220807
v 1.205055 0.970135 -0.105807
v 1.205055 0.970135 -0.105807
v 2.705055 0.970135 -0.220807
v 1.205055 0.970135 -0.220807
v 1.205055 0.970135 -0.105807
v 1.205055 0.970135 -0.220807
v 1.055055 0.970135 0.354193
v 1.055055 0.970135 0.354193
v 1.205055 0.970135 -0.220807
v 1.205055 0.970135 -1.060307
v 1.055055 0.970135 0.354193
v 1.205055 0.970135 -1.060307
v 1.205055 0.970135 -1.175307
v 1.205055 0.970135 -1.175307
v 1.205055 0.970135 -1.060307
v 2.705055 0.970135 -1.175307
v 2.705055 0.740135 -1.175307
v 2.705055 0.740135 -1.485807
v 2.855055 0.740135 -1.485807
v 1.055055 0.740135 -1.485807
v 1.205055 0.740135 -1.485807
v 1.205055 0.740135 -1.175307
v 2.855055 0.740135 0.354193
v 2.705055 0.740135 0.354193
v 2.705055 0.740135 -0.105807
v 2.705055 0.740135 -1.060307
v 2.855055 0.740135 0.354193
v 2.705055 0.740135 -0.220807
v 2.705055 0.740135 -0.220807
v 2.855055 0.740135 0.354193
v 2.705055 0.740135 -0.105807
v 2.705055 0.740135 -0.220807
v 2.705055 0.740135 -0.105807
v 1.205055 0.740135 -0.220807
v 1.205055 0.740135 -0.220807
v 2.705055 0.740135 -0.105807
v 1.205055 0.740135 -0.105807
v 2.855055 0.740135 -1.485807
v 2.855055 0.740135 0.354193
v 2.705055 0.740135 -1.175307
v 2.705055 0.740135 -1.175307
v 2.855055 0.740135 0.354193
v 2.705055 0.740135 -1.060307
v 2.705055 0.740135 -1.175307
v 2.705055 0.740135 -1.060307
v 1.205055 0.740135 -1.175307
v 1.205055 0.740135 -1.175307
v 2.705055 0.740135 -1.060307
v 1.205055 0.740135 -1.060307
v 1.205055 0.740135 -1.175307
v 1.205055 0.740135 -1.060307
v 1.055055 0.740135 -1.485807
v 1.055055 0.740135 -1.485807
v 1.205055 0.740135 -1.060307
v 1.205055 0.740135 -0.220807
v 1.055055 0.740135 -1.485807
v 1.205055 0.740135 -0.220807
v 1.055055 0.740135 0.354193
v 1.055055 0.740135 0.354193
v 1.205055 0.740135 -0.220807
v 1.205055 0.740135 -0.105807
v 1.055055 0.740135 0.354193
v 1.205055 0.740135 -0.105807
v 1.205055 0.740135 0.354193
vn -0.0000 0.9999 0.0122
vn -0.0000 0.9951 0.0993
vn -0.0000 0.9627 0.2706
vn -0.0000 0.9011 0.4337
vn -0.0000 0.8121 0.5835
vn -0.0000 0.6984 0.7157
vn -0.0000 0.5635 0.8261
vn -0.0000 0.4115 0.9114
vn -0.0000 0.2470 0.9690
vn -0.0000 0.0749 0.9972
vn -0.0000 -0.0122 0.9999
vn -0.0000 -0.0993 0.9951
vn -0.0000 -0.2706 0.9627
vn -0.0000 -0.4337 0.9011
vn -0.0000 -0.5835 0.8121
vn -0.0000 -0.7157 0.6984
vn -0.0000 -0.8261 0.5635
vn -0.0000 -0.9114 0.4115
vn -0.0000 -0.9690 0.2470
vn -0.0000 -0.9972 0.0750
vn -0.0000 -0.9999 -0.0122
vn -0.0000 0.0750 0.9972
vn -0.0000 0.4116 0.9114
vn -0.0000 0.9010 0.4337
vn -0.0000 0.9972 -0.0750
vn -0.0000 0.9690 -0.2470
vn -0.0000 0.9114 -0.4116
vn -0.0000 0.8261 -0.5635
vn -0.0000 0.7156 -0.6985
vn -0.0000 0.5835 -0.8121
vn -0.0000 0.4337 -0.9011
vn -0.0000 0.2706 -0.9627
vn -0.0000 0.0993 -0.9951
vn -0.0000 -0.0750 -0.9972
vn -0.0000 -0.2470 -0.9690
vn -0.0000 -0.4115 -0.9114
vn -0.0000 -0.4116 -0.9114
vn -0.0000 -0.5635 -0.8261
vn -0.0000 -0.6984 -0.7157
vn -0.0000 -0.8121 -0.5835
vn -0.0000 -0.8121 -0.5836
vn -0.0000 -0.9011 -0.4337
vn -0.0000 -0.9627 -0.2706
vn -0.0000 -0.9951 -0.0993
vn -0.0000 0.0122 -0.9999
vn 1.0000 0.0001 -0.0000
vn 1.0000 -0.0001 -0.0000
vn 1.0000 -0.0000 -0.0000
vn -1.0000 -0.0000 -0.0000
vn -1.0000 -0.0001 -0.0000
vn -1.0000 0.0001 -0.0000
vn -0.0000 1.0000 -0.0000
vn -0.0000 0.9962 0.0871
vn -0.0000 0.9659 0.2588
vn -0.0000 0.9063 0.4226
vn -0.0000 0.8192 0.5736
vn -0.0000 0.7071 0.7071
vn -0.0000 0.5736 0.8191
vn -0.0000 0.4226 0.9063
vn -0.0000 0.2588 0.9659
vn -0.0000 0.0871 0.9962
vn -0.0000 -0.0000 1.0000
vn -0.0000 -0.0871 0.9962
vn -0.0000 -0.2588 0.9659
vn -0.0000 -0.4226 0.9063
vn -0.0000 -0.5736 0.8192
vn -0.0000 -0.7071 0.7071
vn -0.0000 -0.8192 0.5736
vn -0.0000 -0.9063 0.4226
vn -0.0000 -0.9659 0.2588
vn -0.0000 -0.9962 0.0872
vn -0.0000 -1.0000 -0.0000
vn -0.0000 -0.9962 0.0871
vn -0.0000 -0.8191 0.5736
vn -0.0000 -0.7072 0.7071
vn -0.0000 -0.0872 0.9962
vn -0.0000 0.0872 0.9962
vn -0.0000 0.5736 0.8192
vn -0.0000 0.8192 0.5735
vn -0.0000 0.9063 0.4227
vn -0.0000 0.9962 0.0872
vn -0.0000 0.9962 -0.0872
vn -0.0000 0.9962 -0.0871
vn -0.0000 0.9659 -0.2588
vn -0.0000 0.9063 -0.4227
vn -0.0000 0.8192 -0.5735
vn -0.0000 0.7070 -0.7072
vn -0.0000 0.5736 -0.8192
vn -0.0000 0.4227 -0.9063
vn -0.0000 0.2588 -0.9659
vn -0.0000 0.0872 -0.9962
vn -0.0000 -0.0872 -0.9962
vn -0.0000 -0.2588 -0.9659
vn -0.0000 -0.4227 -0.9063
vn -0.0000 -0.5736 -0.8192
vn -0.0000 -0.7071 -0.7072
vn -0.0000 -0.8191 -0.5736
vn -0.0000 -0.8192 -0.5736
vn -0.0000 -0.9063 -0.4226
vn -0.0000 -0.9659 -0.2588
vn -0.0000 -0.9962 -0.0872
vn -0.0000 -0.9962 -0.0871
vn -0.0000 -0.0000 -1.0000
s 0
f 4203//319 4204//319 4205//319
f 4206//319 4207//319 4208//319
f 4209//320 4210//320 4211//320
f 4212//320 4213//320 4214//320
f 4215//321 4216//321 4217//321
f 4218//321 4219//321 4220//321
f 4221//322 4222//322 4223//322
f 4224//322 4225//322 4226//322
f 4227//323 4228//323 4229//323
f 4230//323 4231//323 4232//323
f 4233//324 4234//324 4235//324
f 4236//324 4237//324 4238//324
f 4239//325 4240//325 4241//325
f 4242//325 4243//325 4244//325
f 4245//326 4246//326 4247//326
f 4248//326 4249//326 4250//326
f 4251//327 4252//327 4253//327
f 4254//327 4255//327 4256//327
f 4257//328 4258//328 4259//328
f 4260//328 4261//328 4262//328
f 4263//329 4264//329 4265//329
f 4266//329 4267//329 4268//329
f 4269//330 4270//330 4271//330
f 4272//330 4273//330 4274//330
f 4275//331 4276//331 4277//331
f 4278//331 4279//331 4280//331
f 4281//332 4282//332 4283//332
f 4284//332 4285//332 4286//332
f 4287//333 4288//333 4289//333
f 4290//333 4291//333 4292//333
f 4293//334 4294//334 4295//334
f 4296//334 4297//334 4298//334
f 4299//335 4300//335 4301//335
f 4302//335 4303//335 4304//335
f 4305//336 4306//336 4307//336
f 4308//336 4309//336 4310//336
f 4311//337 4312//337 4313//337
f 4314//337 4315//337 4316//337
f 4317//338 4318//338 4319//338
f 4320//338 4321//338 4322//338
f 4323//339 4324//339 4325//339
f 4326//339 4327//339 4328//339
f 4329//338 4330//338 4331//338
f 4332//338 4333//338 4334//338
f 4335//337 4336//337 4337//337
f 4338//337 4339//337 4340//337
f 4341//336 4342//336 4343//336
f 4344//336 4345//336 4346//336
f 4347//335 4348//335 4349//335
f 4350//335 4351//335 4352//335
f 4353//334 4354//334 4355//334
f 4356//334 4357//334 4358//334
f 4359//333 4360//333 4361//333
f 4362//333 4363//333 4364//333
f 4365//332 4366//332 4367//332
f 4368//332 4369//332 4370//332
f 4371//331 4372//331 4373//331
f 4374//331 4375//331 4376//331
f 4377//330 4378//330 4379//330
f 4380//330 4381//330 4382//330
f 4383//340 4384//340 4385//340
f 4386//340 4387//340 4388//340
f 4389//327 4390//327 4391//327
f 4392//327 4393//327 4394//327
f 4395//341 4396//341 4397//341
f 4398//341 4399//341 4400//341
f 4401//325 4402//325 4403//325
f 4404//325 4405//325 4406//325
f 4407//324 4408//324 4409//324
f 4410//324 4411//324 4412//324
f 4413//323 4414//323 4415//323
f 4416//323 4417//323 4418//323
f 4419//322 4420//322 4421//322
f 4422//342 4423//342 4424//342
f 4425//321 4426//321 4427//321
f 4428//321 4429//321 4430//321
f 4431//320 4432//320 4433//320
f 4434//320 4435//320 4436//320
f 4437//343 4438//343 4439//343
f 4440//343 4441//343 4442//343
f 4443//344 4444//344 4445//344
f 4446//344 4447//344 4448//344
f 4449//345 4450//345 4451//345
f 4452//345 4453//345 4454//345
f 4455//346 4456//346 4457//346
f 4458//346 4459//346 4460//346
f 4461//347 4462//347 4463//347
f 4464//347 4465//347 4466//347
f 4467//348 4468//348 4469//348
f 4470//348 4471//348 4472//348
f 4473//349 4474//349 4475//349
f 4476//349 4477//349 4478//349
f 4479//350 4480//350 4481//350
f 4482//350 4483//350 4484//350
f 4485//351 4486//351 4487//351
f 4488//351 4489//351 4490//351
f 4491//352 4492//352 4493//352
f 4494//352 4495//352 4496//352
f 4497//353 4498//353 4499//353
f 4500//353 4501//353 4502//353
f 4503//354 4504//354 4505//354
f 4506//355 4507//355 4508//355
f 4509//356 4510//356 4511//356
f 4512//356 4513//356 4514//356
f 4515//357 4516//357 4517//357
f 4518//357 4519//357 4520//357
f 4521//358 4522//358 4523//358
f 4524//359 4525//359 4526//359
f 4527//360 4528//360 4529//360
f 4530//360 4531//360 4532//360
f 4533//361 4534//361 4535//361
f 4536//361 4537//361 4538//361
f 4539//362 4540//362 4541//362
f 4542//362 4543//362 4544//362
f 4545//363 4546//363 4547//363
f 4548//363 4549//363 4550//363
f 4551//364 4552//364 4553//364
f 4554//365 4555//365 4556//365
f 4557//366 4558//366 4559//366
f 4560//366 4561//366 4562//366
f 4563//365 4564//365 4565//365
f 4566//366 4567//366 4568//366
f 4569//364 4570//364 4571//364
f 4572//366 4573//366 4574//366
f 4575//366 4576//366 4577//366
f 4578//366 4579//366 4580//366
f 4581//366 4582//366 4583//366
f 4584//366 4585//366 4586//366
f 4587//366 4588//366 4589//366
f 4590//366 4591//366 4592//366
f 4593//366 4594//366 4595//366
f 4596//366 4597//366 4598//366
f 4599//366 4600//366 4601//366
f 4602//366 4603//366 4604//366
f 4605//366 4606//366 4607//366
f 4608//366 4609//366 4610//366
f 4611//366 4612//366 4613//366
f 4614//366 4615//366 4616//366
f 4617//365 4618//365 4619//365
f 4620//366 4621//366 4622//366
f 4623//366 4624//366 4625//366
f 4626//366 4627//366 4628//366
f 4629//366 4630//366 4631//366
f 4632//366 4633//366 4634//366
f 4635//365 4636//365 4637//365
f 4638//366 4639//366 4640//366
f 4641//366 4642//366 4643//366
f 4644//366 4645//366 4646//366
f 4647//366 4648//366 4649//366
f 4650//366 4651//366 4652//366
f 4653//366 4654//366 4655//366
f 4656//366 4657//366 4658//366
f 4659//366 4660//366 4661//366
f 4662//366 4663//366 4664//366
f 4665//365 4666//365 4667//365
f 4668//366 4669//366 4670//366
f 4671//366 4672//366 4673//366
f 4674//364 4675//364 4676//364
f 4677//365 4678//365 4679//365
f 4680//366 4681//366 4682//366
f 4683//366 4684//366 4685//366
f 4686//366 4687//366 4688//366
f 4689//366 4690//366 4691//366
f 4692//366 4693//366 4694//366
f 4695//366 4696//366 4697//366
f 4698//366 4699//366 4700//366
f 4701//366 4702//366 4703//366
f 4704//366 4705//366 4706//366
f 4707//366 4708//366 4709//366
f 4710//366 4711//366 4712//366
f 4713//366 4714//366 4715//366
f 4716//366 4717//366 4718//366
f 4719//364 4720//364 4721//364
f 4722//366 4723//366 4724//366
f 4725//367 4726//367 4727//367
f 4728//367 4729//367 4730//367
f 4731//368 4732//368 4733//368
f 4734//369 4735//369 4736//369
f 4737//367 4738//367 4739//367
f 4740//367 4741//367 4742//367
f 4743//369 4744//369 4745//369
f 4746//367 4747//367 4748//367
f 4749//367 4750//367 4751//367
f 4752//367 4753//367 4754//367
f 4755//367 4756//367 4757//367
f 4758//367 4759//367 4760//367
f 4761//368 4762//368 4763//368
f 4764//368 4765//368 4766//368
f 4767//367 4768//367 4769//367
f 4770//367 4771//367 4772//367
f 4773//367 4774//367 4775//367
f 4776//367 4777//367 4778//367
f 4779//367 4780//367 4781//367
f 4782//367 4783//367 4784//367
f 4785//367 4786//367 4787//367
f 4788//367 4789//367 4790//367
f 4791//367 4792//367 4793//367
f 4794//369 4795//369 4796//369
f 4797//367 4798//367 4799//367
f 4800//367 4801//367 4802//367
f 4803//367 4804//367 4805//367
f 4806//367 4807//367 4808//367
f 4809//368 4810//368 4811//368
f 4812//367 4813//367 4814//367
f 4815//367 4816//367 4817//367
f 4818//367 4819//367 4820//367
f 4821//367 4822//367 4823//367
f 4824//367 4825//367 4826//367
f 4827//367 4828//367 4829//367
f 4830//369 4831//369 4832//369
f 4833//367 4834//367 4835//367
f 4836//369 4837//369 4838//369
f 4839//368 4840//368 4841//368
f 4842//367 4843//367 4844//367
f 4845//367 4846//367 4847//367
f 4848//367 4849//367 4850//367
f 4851//367 4852//367 4853//367
f 4854//367 4855//367 4856//367
f 4857//367 4858//367 4859//367
f 4860//367 4861//367 4862//367
f 4863//367 4864//367 4865//367
f 4866//369 4867//369 4868//369
f 4869//367 4870//367 4871//367
f 4872//367 4873//367 4874//367
f 4875//367 4876//367 4877//367
f 4878//367 4879//367 4880//367
f 4881//367 4882//367 4883//367
f 4884//367 4885//367 4886//367
f 4887//367 4888//367 4889//367
f 4890//367 4891//367 4892//367
f 4893//367 4894//367 4895//367
f 4896//367 4897//367 4898//367
f 4899//370 4900//370 4901//370
f 4902//370 4903//370 4904//370
f 4905//371 4906//371 4907//371
f 4908//371 4909//371 4910//371
f 4911//372 4912//372 4913//372
f 4914//372 4915//372 4916//372
f 4917//373 4918//373 4919//373
f 4920//373 4921//373 4922//373
f 4923//374 4924//374 4925//374
f 4926//374 4927//374 4928//374
f 4929//375 4930//375 4931//375
f 4932//375 4933//375 4934//375
f 4935//376 4936//376 4937//376
f 4938//376 4939//376 4940//376
f 4941//377 4942//377 4943//377
f 4944//377 4945//377 4946//377
f 4947//378 4948//378 4949//378
f 4950//378 4951//378 4952//378
f 4953//379 4954//379 4955//379
f 4956//379 4957//379 4958//379
f 4959//380 4960//380 4961//380
f 4962//380 4963//380 4964//380
f 4965//381 4966//381 4967//381
f 4968//381 4969//381 4970//381
f 4971//382 4972//382 4973//382
f 4974//382 4975//382 4976//382
f 4977//383 4978//383 4979//383
f 4980//383 4981//383 4982//383
f 4983//384 4984//384 4985//384
f 4986//384 4987//384 4988//384
f 4989//385 4990//385 4991//385
f 4992//385 4993//385 4994//385
f 4995//386 4996//386 4997//386
f 4998//386 4999//386 5000//386
f 5001//387 5002//387 5003//387
f 5004//387 5005//387 5006//387
f 5007//388 5008//388 5009//388
f 5010//388 5011//388 5012//388
f 5013//389 5014//389 5015//389
f 5016//389 5017//389 5018//389
f 5019//390 5020//390 5021//390
f 5022//390 5023//390 5024//390
f 5025//391 5026//391 5027//391
f 5028//389 5029//389 5030//389
f 5031//388 5032//388 5033//388
f 5034//388 5035//388 5036//388
f 5037//387 5038//387 5039//387
f 5040//387 5041//387 5042//387
f 5043//392 5044//392 5045//392
f 5046//392 5047//392 5048//392
f 5049//393 5050//393 5051//393
f 5052//393 5053//393 5054//393
f 5055//384 5056//384 5057//384
f 5058//384 5059//384 5060//384
f 5061//383 5062//383 5063//383
f 5064//383 5065//383 5066//383
f 5067//382 5068//382 5069//382
f 5070//382 5071//382 5072//382
f 5073//394 5074//394 5075//394
f 5076//394 5077//394 5078//394
f 5079//395 5080//395 5081//395
f 5082//395 5083//395 5084//395
f 5085//378 5086//378 5087//378
f 5088//378 5089//378 5090//378
f 5091//377 5092//377 5093//377
f 5094//377 5095//377 5096//377
f 5097//376 5098//376 5099//376
f 5100//396 5101//396 5102//396
f 5103//375 5104//375 5105//375
f 5106//375 5107//375 5108//375
f 5109//397 5110//397 5111//397
f 5112//397 5113//397 5114//397
f 5115//398 5116//398 5117//398
f 5118//398 5119//398 5120//398
f 5121//372 5122//372 5123//372
f 5124//372 5125//372 5126//372
f 5127//371 5128//371 5129//371
f 5130//399 5131//399 5132//399
f 5133//400 5134//400 5135//400
f 5136//401 5137//401 5138//401
f 5139//402 5140//402 5141//402
f 5142//402 5143//402 5144//402
f 5145//403 5146//403 5147//403
f 5148//403 5149//403 5150//403
f 5151//404 5152//404 5153//404
f 5154//404 5155//404 5156//404
f 5157//405 5158//405 5159//405
f 5160//405 5161//405 5162//405
f 5163//406 5164//406 5165//406
f 5166//406 5167//406 5168//406
f 5169//407 5170//407 5171//407
f 5172//407 5173//407 5174//407
f 5175//408 5176//408 5177//408
f 5178//408 5179//408 5180//408
f 5181//409 5182//409 5183//409
f 5184//409 5185//409 5186//409
f 5187//410 5188//410 5189//410
f 5190//410 5191//410 5192//410
f 5193//411 5194//411 5195//411
f 5196//411 5197//411 5198//411
f 5199//412 5200//412 5201//412
f 5202//412 5203//412 5204//412
f 5205//413 5206//413 5207//413
f 5208//413 5209//413 5210//413
f 5211//414 5212//414 5213//414
f 5214//414 5215//414 5216//414
f 5217//415 5218//415 5219//415
f 5220//416 5221//416 5222//416
f 5223//417 5224//417 5225//417
f 5226//417 5227//417 5228//417
f 5229//418 5230//418 5231//418
f 5232//418 5233//418 5234//418
f 5235//419 5236//419 5237//419
f 5238//420 5239//420 5240//420
f 5241//421 5242//421 5243//421
f 5244//421 5245//421 5246//421
f 5247//366 5248//366 5249//366
f 5250//366 5251//366 5252//366
f 5253//366 5254//366 5255//366
f 5256//366 5257//366 5258//366
f 5259//366 5260//366 5261//366
f 5262//366 5263//366 5264//366
f 5265//366 5266//366 5267//366
f 5268//365 5269//365 5270//365
f 5271//366 5272//366 5273//366
f 5274//366 5275//366 5276//366
f 5277//366 5278//366 5279//366
f 5280//366 5281//366 5282//366
f 5283//366 5284//366 5285//366
f 5286//366 5287//366 5288//366
f 5289//366 5290//366 5291//366
f 5292//366 5293//366 5294//366
f 5295//366 5296//366 5297//366
f 5298//366 5299//366 5300//366
f 5301//366 5302//366 5303//366
f 5304//364 5305//364 5306//364
f 5307//366 5308//366 5309//366
f 5310//366 5311//366 5312//366
f 5313//365 5314//365 5315//365
f 5316//366 5317//366 5318//366
f 5319//366 5320//366 5321//366
f 5322//366 5323//366 5324//366
f 5325//366 5326//366 5327//366
f 5328//364 5329//364 5330//364
f 5331//366 5332//366 5333//366
f 5334//366 5335//366 5336//366
f 5337//366 5338//366 5339//366
f 5340//366 5341//366 5342//366
f 5343//366 5344//366 5345//366
f 5346//366 5347//366 5348//366
f 5349//366 5350//366 5351//366
f 5352//366 5353//366 5354//366
f 5355//366 5356//366 5357//366
f 5358//365 5359//365 5360//365
f 5361//366 5362//366 5363//366
f 5364//366 5365//366 5366//366
f 5367//366 5368//366 5369//366
f 5370//366 5371//366 5372//366
f 5373//366 5374//366 5375//366
f 5376//366 5377//366 5378//366
f 5379//366 5380//366 5381//366
f 5382//366 5383//366 5384//366
f 5385//366 5386//366 5387//366
f 5388//366 5389//366 5390//366
f 5391//366 5392//366 5393//366
f 5394//366 5395//366 5396//366
f 5397//366 5398//366 5399//366
f 5400//366 5401//366 5402//366
f 5403//366 5404//366 5405//366
f 5406//366 5407//366 5408//366
f 5409//366 5410//366 5411//366
f 5412//366 5413//366 5414//366
f 5415//366 5416//366 5417//366
f 5418//366 5419//366 5420//366
f 5421//367 5422//367 5423//367
f 5424//367 5425//367 5426//367
f 5427//367 5428//367 5429//367
f 5430//367 5431//367 5432//367
f 5433//367 5434//367 5435//367
f 5436//367 5437//367 5438//367
f 5439//367 5440//367 5441//367
f 5442//367 5443//367 5444//367
f 5445//367 5446//367 5447//367
f 5448//367 5449//367 5450//367
f 5451//367 5452//367 5453//367
f 5454//367 5455//367 5456//367
f 5457//367 5458//367 5459//367
f 5460//367 5461//367 5462//367
f 5463//367 5464//367 5465//367
f 5466//367 5467//367 5468//367
f 5469//367 5470//367 5471//367
f 5472//367 5473//367 5474//367
f 5475//367 5476//367 5477//367
f 5478//367 5479//367 5480//367
f 5481//367 5482//367 5483//367
f 5484//367 5485//367 5486//367
f 5487//367 5488//367 5489//367
f 5490//367 5491//367 5492//367
f 5493//367 5494//367 5495//367
f 5496//367 5497//367 5498//367
f 5499//367 5500//367 5501//367
f 5502//367 5503//367 5504//367
f 5505//367 5506//367 5507//367
f 5508//367 5509//367 5510//367
f 5511//367 5512//367 5513//367
f 5514//367 5515//367 5516//367
f 5517//367 5518//367 5519//367
f 5520//367 5521//367 5522//367
f 5523//367 5524//367 5525//367
f 5526//367 5527//367 5528//367
f 5529//367 5530//367 5531//367
f 5532//367 5533//367 5534//367
f 5535//367 5536//367 5537//367
f 5538//367 5539//367 5540//367
f 5541//367 5542//367 5543//367
f 5544//367 5545//367 5546//367
f 5547//367 5548//367 5549//367
f 5550//367 5551//367 5552//367
f 5553//367 5554//367 5555//367
f 5556//367 5557//367 5558//367
f 5559//367 5560//367 5561//367
f 5562//367 5563//367 5564//367
f 5565//367 5566//367 5567//367
f 5568//367 5569//367 5570//367
f 5571//367 5572//367 5573//367
f 5574//367 5575//367 5576//367
f 5577//367 5578//367 5579//367
f 5580//367 5581//367 5582//367
f 5583//367 5584//367 5585//367
f 5586//367 5587//367 5588//367
f 5589//367 5590//367 5591//367
f 5592//367 5593//367 5594//367
f 5595//370 5596//370 5597//370
f 5598//370 5599//370 5600//370
f 5601//371 5602//371 5603//371
f 5604//371 5605//371 5606//371
f 5607//372 5608//372 5609//372
f 5610//372 5611//372 5612//372
f 5613//373 5614//373 5615//373
f 5616//373 5617//373 5618//373
f 5619//374 5620//374 5621//374
f 5622//374 5623//374 5624//374
f 5625//375 5626//375 5627//375
f 5628//375 5629//375 5630//375
f 5631//376 5632//376 5633//376
f 5634//376 5635//376 5636//376
f 5637//377 5638//377 5639//377
f 5640//377 5641//377 5642//377
f 5643//378 5644//378 5645//378
f 5646//378 5647//378 5648//378
f 5649//379 5650//379 5651//379
f 5652//379 5653//379 5654//379
f 5655//380 5656//380 5657//380
f 5658//380 5659//380 5660//380
f 5661//381 5662//381 5663//381
f 5664//381 5665//381 5666//381
f 5667//382 5668//382 5669//382
f 5670//382 5671//382 5672//382
f 5673//383 5674//383 5675//383
f 5676//383 5677//383 5678//383
f 5679//384 5680//384 5681//384
f 5682//384 5683//384 5684//384
f 5685//385 5686//385 5687//385
f 5688//385 5689//385 5690//385
f 5691//386 5692//386 5693//386
f 5694//386 5695//386 5696//386
f 5697//387 5698//387 5699//387
f 5700//387 5701//387 5702//387
f 5703//388 5704//388 5705//388
f 5706//388 5707//388 5708//388
f 5709//389 5710//389 5711//389
f 5712//389 5713//389 5714//389
f 5715//390 5716//390 5717//390
f 5718//390 5719//390 5720//390
f 5721//391 5722//391 5723//391
f 5724//389 5725//389 5726//389
f 5727//388 5728//388 5729//388
f 5730//388 5731//388 5732//388
f 5733//387 5734//387 5735//387
f 5736//387 5737//387 5738//387
f 5739//392 5740//392 5741//392
f 5742//392 5743//392 5744//392
f 5745//393 5746//393 5747//393
f 5748//385 5749//385 5750//385
f 5751//384 5752//384 5753//384
f 5754//384 5755//384 5756//384
f 5757//383 5758//383 5759//383
f 5760//383 5761//383 5762//383
f 5763//382 5764//382 5765//382
f 5766//382 5767//382 5768//382
f 5769//394 5770//394 5771//394
f 5772//394 5773//394 5774//394
f 5775//395 5776//395 5777//395
f 5778//395 5779//395 5780//395
f 5781//378 5782//378 5783//378
f 5784//378 5785//378 5786//378
f 5787//377 5788//377 5789//377
f 5790//377 5791//377 5792//377
f 5793//376 5794//376 5795//376
f 5796//396 5797//396 5798//396
f 5799//375 5800//375 5801//375
f 5802//375 5803//375 5804//375
f 5805//397 5806//397 5807//397
f 5808//397 5809//397 5810//397
f 5811//398 5812//398 5813//398
f 5814//398 5815//398 5816//398
f 5817//372 5818//372 5819//372
f 5820//372 5821//372 5822//372
f 5823//371 5824//371 5825//371
f 5826//399 5827//399 5828//399
f 5829//400 5830//400 5831//400
f 5832//401 5833//401 5834//401
f 5835//402 5836//402 5837//402
f 5838//402 5839//402 5840//402
f 5841//403 5842//403 5843//403
f 5844//403 5845//403 5846//403
f 5847//404 5848//404 5849//404
f 5850//404 5851//404 5852//404
f 5853//405 5854//405 5855//405
f 5856//405 5857//405 5858//405
f 5859//406 5860//406 5861//406
f 5862//406 5863//406 5864//406
f 5865//407 5866//407 5867//407
f 5868//407 5869//407 5870//407
f 5871//408 5872//408 5873//408
f 5874//408 5875//408 5876//408
f 5877//409 5878//409 5879//409
f 5880//409 5881//409 5882//409
f 5883//410 5884//410 5885//410
f 5886//410 5887//410 5888//410
f 5889//411 5890//411 5891//411
f 5892//411 5893//411 5894//411
f 5895//412 5896//412 5897//412
f 5898//412 5899//412 5900//412
f 5901//413 5902//413 5903//413
f 5904//413 5905//413 5906//413
f 5907//414 5908//414 5909//414
f 5910//414 5911//414 5912//414
f 5913//415 5914//415 5915//415
f 5916//416 5917//416 5918//416
f 5919//417 5920//417 5921//417
f 5922//417 5923//417 5924//417
f 5925//418 5926//418 5927//418
f 5928//418 5929//418 5930//418
f 5931//419 5932//419 5933//419
f 5934//420 5935//420 5936//420
f 5937//421 5938//421 5939//421
f 5940//421 5941//421 5942//421
f 5943//366 5944//366 5945//366
f 5946//366 5947//366 5948//366
f 5949//366 5950//366 5951//366
f 5952//366 5953//366 5954//366
f 5955//366 5956//366 5957//366
f 5958//366 5959//366 5960//366
f 5961//366 5962//366 5963//366
f 5964//366 5965//366 5966//366
f 5967//366 5968//366 5969//366
f 5970//366 5971//366 5972//366
f 5973//366 5974//366 5975//366
f 5976//366 5977//366 5978//366
f 5979//366 5980//366 5981//366
f 5982//366 5983//366 5984//366
f 5985//366 5986//366 5987//366
f 5988//366 5989//366 5990//366
f 5991//366 5992//366 5993//366
f 5994//366 5995//366 5996//366
f 5997//366 5998//366 5999//366
f 6000//366 6001//366 6002//366
f 6003//366 6004//366 6005//366
f 6006//366 6007//366 6008//366
f 6009//366 6010//366 6011//366
f 6012//366 6013//366 6014//366
f 6015//366 6016//366 6017//366
f 6018//366 6019//366 6020//366
f 6021//366 6022//366 6023//366
f 6024//366 6025//366 6026//366
f 6027//366 6028//366 6029//366
f 6030//366 6031//366 6032//366
f 6033//366 6034//366 6035//366
f 6036//366 6037//366 6038//366
f 6039//366 6040//366 6041//366
f 6042//366 6043//366 6044//366
f 6045//366 6046//366 6047//366
f 6048//366 6049//366 6050//366
f 6051//366 6052//366 6053//366
f 6054//366 6055//366 6056//366
f 6057//366 6058//366 6059//366
f 6060//366 6061//366 6062//366
f 6063//366 6064//366 6065//366
f 6066//366 6067//366 6068//366
f 6069//366 6070//366 6071//366
f 6072//366 6073//366 6074//366
f 6075//366 6076//366 6077//366
f 6078//366 6079//366 6080//366
f 6081//366 6082//366 6083//366
f 6084//366 6085//366 6086//366
f 6087//366 6088//366 6089//366
f 6090//366 6091//366 6092//366
f 6093//366 6094//366 6095//366
f 6096//366 6097//366 6098//366
f 6099//366 6100//366 6101//366
f 6102//366 6103//366 6104//366
f 6105//366 6106//366 6107//366
f 6108//366 6109//366 6110//366
f 6111//366 6112//366 6113//366
f 6114//366 6115//366 6116//366
f 6117//367 6118//367 6119//367
f 6120//367 6121//367 6122//367
f 6123//367 6124//367 6125//367
f 6126//367 6127//367 6128//367
f 6129//367 6130//367 6131//367
f 6132//369 6133//369 6134//369
f 6135//367 6136//367 6137//367
f 6138//367 6139//367 6140//367
f 6141//367 6142//367 6143//367
f 6144//367 6145//367 6146//367
f 6147//367 6148//367 6149//367
f 6150//367 6151//367 6152//367
f 6153//367 6154//367 6155//367
f 6156//367 6157//367 6158//367
f 6159//367 6160//367 6161//367
f 6162//367 6163//367 6164//367
f 6165//367 6166//367 6167//367
f 6168//367 6169//367 6170//367
f 6171//367 6172//367 6173//367
f 6174//367 6175//367 6176//367
f 6177//367 6178//367 6179//367
f 6180//367 6181//367 6182//367
f 6183//368 6184//368 6185//368
f 6186//369 6187//369 6188//369
f 6189//367 6190//367 6191//367
f 6192//367 6193//367 6194//367
f 6195//367 6196//367 6197//367
f 6198//367 6199//367 6200//367
f 6201//367 6202//367 6203//367
f 6204//367 6205//367 6206//367
f 6207//367 6208//367 6209//367
f 6210//367 6211//367 6212//367
f 6213//367 6214//367 6215//367
f 6216//367 6217//367 6218//367
f 6219//367 6220//367 6221//367
f 6222//367 6223//367 6224//367
f 6225//367 6226//367 6227//367
f 6228//367 6229//367 6230//367
f 6231//367 6232//367 6233//367
f 6234//367 6235//367 6236//367
f 6237//367 6238//367 6239//367
f 6240//367 6241//367 6242//367
f 6243//367 6244//367 6245//367
f 6246//367 6247//367 6248//367
f 6249//367 6250//367 6251//367
f 6252//367 6253//367 6254//367
f 6255//367 6256//367 6257//367
f 6258//367 6259//367 6260//367
f 6261//368 6262//368 6263//368
f 6264//367 6265//367 6266//367
f 6267//367 6268//367 6269//367
f 6270//367 6271//367 6272//367
f 6273//367 6274//367 6275//367
f 6276//367 6277//367 6278//367
f 6279//367 6280//367 6281//367
f 6282//367 6283//367 6284//367
f 6285//367 6286//367 6287//367
f 6288//367 6289//367 6290//367
f 6291//370 6292//370 6293//370
f 6294//370 6295//370 6296//370
f 6297//371 6298//371 6299//371
f 6300//371 6301//371 6302//371
f 6303//372 6304//372 6305//372
f 6306//372 6307//372 6308//372
f 6309//373 6310//373 6311//373
f 6312//373 6313//373 6314//373
f 6315//374 6316//374 6317//374
f 6318//374 6319//374 6320//374
f 6321//375 6322//375 6323//375
f 6324//375 6325//375 6326//375
f 6327//376 6328//376 6329//376
f 6330//376 6331//376 6332//376
f 6333//377 6334//377 6335//377
f 6336//377 6337//377 6338//377
f 6339//378 6340//378 6341//378
f 6342//378 6343//378 6344//378
f 6345//379 6346//379 6347//379
f 6348//379 6349//379 6350//379
f 6351//380 6352//380 6353//380
f 6354//380 6355//380 6356//380
f 6357//381 6358//381 6359//381
f 6360//381 6361//381 6362//381
f 6363//382 6364//382 6365//382
f 6366//382 6367//382 6368//382
f 6369//383 6370//383 6371//383
f 6372//383 6373//383 6374//383
f 6375//384 6376//384 6377//384
f 6378//384 6379//384 6380//384
f 6381//385 6382//385 6383//385
f 6384//385 6385//385 6386//385
f 6387//386 6388//386 6389//386
f 6390//386 6391//386 6392//386
f 6393//387 6394//387 6395//387
f 6396//387 6397//387 6398//387
f 6399//388 6400//388 6401//388
f 6402//388 6403//388 6404//388
f 6405//389 6406//389 6407//389
f 6408//389 6409//389 6410//389
f 6411//390 6412//390 6413//390
f 6414//390 6415//390 6416//390
f 6417//391 6418//391 6419//391
f 6420//389 6421//389 6422//389
f 6423//388 6424//388 6425//388
f 6426//388 6427//388 6428//388
f 6429//387 6430//387 6431//387
f 6432//387 6433//387 6434//387
f 6435//392 6436//392 6437//392
f 6438//392 6439//392 6440//392
f 6441//385 6442//385 6443//385
f 6444//385 6445//385 6446//385
f 6447//384 6448//384 6449//384
f 6450//384 6451//384 6452//384
f 6453//383 6454//383 6455//383
f 6456//383 6457//383 6458//383
f 6459//382 6460//382 6461//382
f 6462//382 6463//382 6464//382
f 6465//394 6466//394 6467//394
f 6468//394 6469//394 6470//394
f 6471//395 6472//395 6473//395
f 6474//395 6475//395 6476//395
f 6477//378 6478//378 6479//378
f 6480//378 6481//378 6482//378
f 6483//377 6484//377 6485//377
f 6486//377 6487//377 6488//377
f 6489//376 6490//376 6491//376
f 6492//396 6493//396 6494//396
f 6495//375 6496//375 6497//375
f 6498//375 6499//375 6500//375
f 6501//397 6502//397 6503//397
f 6504//397 6505//397 6506//397
f 6507//398 6508//398 6509//398
f 6510//398 6511//398 6512//398
f 6513//372 6514//372 6515//372
f 6516//372 6517//372 6518//372
f 6519//371 6520//371 6521//371
f 6522//399 6523//399 6524//399
f 6525//400 6526//400 6527//400
f 6528//401 6529//401 6530//401
f 6531//402 6532//402 6533//402
f 6534//402 6535//402 6536//402
f 6537//403 6538//403 6539//403
f 6540//403 6541//403 6542//403
f 6543//404 6544//404 6545//404
f 6546//404 6547//404 6548//404
f 6549//405 6550//405 6551//405
f 6552//405 6553//405 6554//405
f 6555//406 6556//406 6557//406
f 6558//406 6559//406 6560//406
f 6561//407 6562//407 6563//407
f 6564//407 6565//407 6566//407
f 6567//408 6568//408 6569//408
f 6570//408 6571//408 6572//408
f 6573//409 6574//409 6575//409
f 6576//409 6577//409 6578//409
f 6579//410 6580//410 6581//410
f 6582//410 6583//410 6584//410
f 6585//411 6586//411 6587//411
f 6588//411 6589//411 6590//411
f 6591//412 6592//412 6593//412
f 6594//412 6595//412 6596//412
f 6597//413 6598//413 6599//413
f 6600//413 6601//413 6602//413
f 6603//414 6604//414 6605//414
f 6606//414 6607//414 6608//414
f 6609//415 6610//415 6611//415
f 6612//415 6613//415 6614//415
f 6615//417 6616//417 6617//417
f 6618//417 6619//417 6620//417
f 6621//418 6622//418 6623//418
f 6624//418 6625//418 6626//418
f 6627//419 6628//419 6629//419
f 6630//420 6631//420 6632//420
f 6633//421 6634//421 6635//421
f 6636//421 6637//421 6638//421
f 6639//366 6640//366 6641//366
f 6642//366 6643//366 6644//366
f 6645//366 6646//366 6647//366
f 6648//366 6649//366 6650//366
f 6651//366 6652//366 6653//366
f 6654//366 6655//366 6656//366
f 6657//366 6658//366 6659//366
f 6660//364 6661//364 6662//364
f 6663//366 6664//366 6665//366
f 6666//366 6667//366 6668//366
f 6669//366 6670//366 6671//366
f 6672//366 6673//366 6674//366
f 6675//366 6676//366 6677//366
f 6678//366 6679//366 6680//366
f 6681//366 6682//366 6683//366
f 6684//366 6685//366 6686//366
f 6687//366 6688//366 6689//366
f 6690//366 6691//366 6692//366
f 6693//366 6694//366 6695//366
f 6696//366 6697//366 6698//366
f 6699//366 6700//366 6701//366
f 6702//366 6703//366 6704//366
f 6705//366 6706//366 6707//366
f 6708//366 6709//366 6710//366
f 6711//366 6712//366 6713//366
f 6714//366 6715//366 6716//366
f 6717//366 6718//366 6719//366
f 6720//365 6721//365 6722//365
f 6723//366 6724//366 6725//366
f 6726//366 6727//366 6728//366
f 6729//366 6730//366 6731//366
f 6732//366 6733//366 6734//366
f 6735//366 6736//366 6737//366
f 6738//366 6739//366 6740//366
f 6741//366 6742//366 6743//366
f 6744//366 6745//366 6746//366
f 6747//366 6748//366 6749//366
f 6750//366 6751//366 6752//366
f 6753//366 6754//366 6755//366
f 6756//366 6757//366 6758//366
f 6759//366 6760//366 6761//366
f 6762//366 6763//366 6764//366
f 6765//366 6766//366 6767//366
f 6768//366 6769//366 6770//366
f 6771//366 6772//366 6773//366
f 6774//366 6775//366 6776//366
f 6777//366 6778//366 6779//366
f 6780//366 6781//366 6782//366
f 6783//366 6784//366 6785//366
f 6786//366 6787//366 6788//366
f 6789//366 6790//366 6791//366
f 6792//366 6793//366 6794//366
f 6795//366 6796//366 6797//366
f 6798//366 6799//366 6800//366
f 6801//366 6802//366 6803//366
f 6804//366 6805//366 6806//366
f 6807//366 6808//366 6809//366
f 6810//366 6811//366 6812//366
f 6813//367 6814//367 6815//367
f 6816//367 6817//367 6818//367
f 6819//367 6820//367 6821//367
f 6822//367 6823//367 6824//367
f 6825//367 6826//367 6827//367
f 6828//367 6829//367 6830//367
f 6831//367 6832//367 6833//367
f 6834//367 6835//367 6836//367
f 6837//367 6838//367 6839//367
f 6840//367 6841//367 6842//367
f 6843//367 6844//367 6845//367
f 6846//367 6847//367 6848//367
f 6849//367 6850//367 6851//367
f 6852//367 6853//367 6854//367
f 6855//367 6856//367 6857//367
f 6858//367 6859//367 6860//367
f 6861//367 6862//367 6863//367
f 6864//367 6865//367 6866//367
f 6867//367 6868//367 6869//367
f 6870//367 6871//367 6872//367
f 6873//367 6874//367 6875//367
f 6876//367 6877//367 6878//367
f 6879//367 6880//367 6881//367
f 6882//367 6883//367 6884//367
f 6885//367 6886//367 6887//367
f 6888//367 6889//367 6890//367
f 6891//367 6892//367 6893//367
f 6894//367 6895//367 6896//367
f 6897//367 6898//367 6899//367
f 6900//367 6901//367 6902//367
f 6903//367 6904//367 6905//367
f 6906//367 6907//367 6908//367
f 6909//367 6910//367 6911//367
f 6912//367 6913//367 6914//367
f 6915//367 6916//367 6917//367
f 6918//367 6919//367 6920//367
f 6921//367 6922//367 6923//367
f 6924//367 6925//367 6926//367
f 6927//367 6928//367 6929//367
f 6930//367 6931//367 6932//367
f 6933//367 6934//367 6935//367
f 6936//367 6937//367 6938//367
f 6939//367 6940//367 6941//367
f 6942//367 6943//367 6944//367
f 6945//367 6946//367 6947//367
f 6948//367 6949//367 6950//367
f 6951//367 6952//367 6953//367
f 6954//367 6955//367 6956//367
f 6957//367 6958//367 6959//367
f 6960//367 6961//367 6962//367
f 6963//367 6964//367 6965//367
f 6966//367 6967//367 6968//367
f 6969//367 6970//367 6971//367
f 6972//367 6973//367 6974//367
f 6975//367 6976//367 6977//367
f 6978//367 6979//367 6980//367
f 6981//367 6982//367 6983//367
f 6984//367 6985//367 6986//367
f 6987//421 6988//421 6989//421
f 6990//421 6991//421 6992//421
f 6993//366 6994//366 6995//366
f 6996//366 6997//366 6998//366
f 6999//380 7000//380 7001//380
f 7002//380 7003//380 7004//380
f 7005//366 7006//366 7007//366
f 7008//366 7009//366 7010//366
f 7011//421 7012//421 7013//421
f 7014//421 7015//421 7016//421
f 7017//367 7018//367 7019//367
f 7020//367 7021//367 7022//367
f 7023//380 7024//380 7025//380
f 7026//380 7027//380 7028//380
f 7029//366 7030//366 7031//366
f 7032//366 7033//366 7034//366
f 7035//380 7036//380 7037//380
f 7038//380 7039//380 7040//380
f 7041//367 7042//367 7043//367
f 7044//367 7045//367 7046//367
f 7047//380 7048//380 7049//380
f 7050//380 7051//380 7052//380
f 7053//366 7054//366 7055//366
f 7056//366 7057//366 7058//366
f 7059//421 7060//421 7061//421
f 7062//421 7063//421 7064//421
f 7065//367 7066//367 7067//367
f 7068//367 7069//367 7070//367
f 7071//421 7072//421 7073//421
f 7074//421 7075//421 7076//421
f 7077//367 7078//367 7079//367
f 7080//367 7081//367 7082//367
f 7083//370 7084//370 7085//370
f 7086//370 7087//370 7088//370
f 7089//370 7090//370 7091//370
f 7092//370 7093//370 7094//370
f 7095//370 7096//370 7097//370
f 7098//370 7099//370 7100//370
f 7101//370 7102//370 7103//370
f 7104//370 7105//370 7106//370
f 7107//370 7108//370 7109//370
f 7110//370 7111//370 7112//370
f 7113//370 7114//370 7115//370
f 7116//370 7117//370 7118//370
f 7119//370 7120//370 7121//370
f 7122//370 7123//370 7124//370
f 7125//370 7126//370 7127//370
f 7128//370 7129//370 7130//370
f 7131//390 7132//390 7133//390
f 7134//390 7135//390 7136//390
f 7137//390 7138//390 7139//390
f 7140//390 7141//390 7142//390
f 7143//390 7144//390 7145//390
f 7146//390 7147//390 7148//390
f 7149//390 7150//390 7151//390
f 7152//390 7153//390 7154//390
f 7155//390 7156//390 7157//390
f 7158//390 7159//390 7160//390
f 7161//390 7162//390 7163//390
f 7164//390 7165//390 7166//390
f 7167//390 7168//390 7169//390
f 7170//390 7171//390 7172//390
f 7173//390 7174//390 7175//390
f 7176//390 7177//390 7178//390
